
/*!40101 SET @OLD_CHARACTER_SET_CLIENT=@@CHARACTER_SET_CLIENT */;
/*!40101 SET @OLD_CHARACTER_SET_RESULTS=@@CHARACTER_SET_RESULTS */;
/*!40101 SET @OLD_COLLATION_CONNECTION=@@COLLATION_CONNECTION */;
/*!50503 SET NAMES utf8mb4 */;
/*!40103 SET @OLD_TIME_ZONE=@@TIME_ZONE */;
/*!40103 SET TIME_ZONE='+00:00' */;
/*!40014 SET @OLD_UNIQUE_CHECKS=@@UNIQUE_CHECKS, UNIQUE_CHECKS=0 */;
/*!40014 SET @OLD_FOREIGN_KEY_CHECKS=@@FOREIGN_KEY_CHECKS, FOREIGN_KEY_CHECKS=0 */;
/*!40101 SET @OLD_SQL_MODE=@@SQL_MODE, SQL_MODE='NO_AUTO_VALUE_ON_ZERO' */;
/*!40111 SET @OLD_SQL_NOTES=@@SQL_NOTES, SQL_NOTES=0 */;
DROP TABLE IF EXISTS `categories`;
/*!40101 SET @saved_cs_client     = @@character_set_client */;
/*!50503 SET character_set_client = utf8mb4 */;
CREATE TABLE `categories` (
  `id` int NOT NULL AUTO_INCREMENT,
  `name` varchar(255) CHARACTER SET latin1 COLLATE latin1_swedish_ci NOT NULL,
  `order_start` int NOT NULL DEFAULT '1',
  `points` int NOT NULL,
  `created_at` timestamp NULL DEFAULT NULL,
  `updated_at` timestamp NULL DEFAULT NULL,
  PRIMARY KEY (`id`)
) ENGINE=InnoDB AUTO_INCREMENT=8 DEFAULT CHARSET=utf8mb4 COLLATE=utf8mb4_unicode_ci;
/*!40101 SET character_set_client = @saved_cs_client */;

LOCK TABLES `categories` WRITE;
/*!40000 ALTER TABLE `categories` DISABLE KEYS */;
INSERT INTO `categories` VALUES (1,'Family',4,500,NULL,'2025-06-21 05:02:24'),(2,'Juniori',1,500,NULL,'2025-06-21 05:02:24'),(3,'Elite',3,500,NULL,'2024-07-19 17:07:20'),(4,'Open',5,400,NULL,'2025-06-21 05:02:24'),(5,'Veterani',6,500,NULL,'2025-06-21 05:02:24'),(6,'Feminin',2,500,NULL,'2025-06-21 05:02:24'),(7,'Seniori',7,500,NULL,'2024-07-19 17:07:20');
/*!40000 ALTER TABLE `categories` ENABLE KEYS */;
UNLOCK TABLES;
DROP TABLE IF EXISTS `climbs`;
/*!40101 SET @saved_cs_client     = @@character_set_client */;
/*!50503 SET character_set_client = utf8mb4 */;
CREATE TABLE `climbs` (
  `id` int NOT NULL AUTO_INCREMENT,
  `stage_id` int NOT NULL,
  `team_id` int NOT NULL,
  `meters` float(3,1) NOT NULL,
  `time` text CHARACTER SET utf8mb3 COLLATE utf8mb3_general_ci NOT NULL,
  `abandon` int NOT NULL,
  `created_at` timestamp NULL DEFAULT NULL,
  `updated_at` timestamp NULL DEFAULT NULL,
  PRIMARY KEY (`id`)
) ENGINE=InnoDB AUTO_INCREMENT=372 DEFAULT CHARSET=latin1;
/*!40101 SET character_set_client = @saved_cs_client */;

LOCK TABLES `climbs` WRITE;
/*!40000 ALTER TABLE `climbs` DISABLE KEYS */;
INSERT INTO `climbs` VALUES (316,1,16,9.0,'00:05:00',0,'2025-06-10 10:18:20','2025-06-13 11:14:42'),(317,1,20,12.0,'00:02:46',0,'2025-06-11 15:28:05','2025-06-13 11:16:30'),(318,1,21,3.0,'00:01:46',0,'2025-06-11 15:28:14','2025-06-13 11:17:00'),(319,1,22,0.0,'00:00:00',1,'2025-06-11 15:28:26','2025-06-13 11:19:19'),(320,1,23,0.0,'00:00:00',1,'2025-06-11 15:28:36','2025-06-13 11:20:44'),(321,1,24,0.0,'00:00:00',1,'2025-06-11 15:28:54','2025-06-13 11:21:06'),(322,1,25,1.5,'00:00:46',0,'2025-06-11 15:29:06','2025-06-13 11:19:55'),(323,1,26,8.0,'00:07:00',0,'2025-06-11 15:29:24','2025-06-13 11:18:36'),(324,1,17,16.0,'00:02:40',0,'2025-06-13 11:22:48','2025-06-13 11:22:48'),(325,1,18,0.0,'00:00:00',1,'2025-06-13 11:23:40','2025-06-13 19:35:11'),(326,1,3,16.0,'00:01:47',0,'2025-06-13 11:24:50','2025-06-13 11:24:50'),(327,1,1,16.0,'00:02:50',0,'2025-06-13 11:25:53','2025-06-13 11:25:53'),(328,1,2,16.0,'00:02:54',0,'2025-06-13 11:26:27','2025-06-13 11:26:27'),(329,1,4,8.0,'00:04:00',0,'2025-06-13 11:26:57','2025-06-13 11:26:57'),(330,1,5,5.5,'00:03:25',0,'2025-06-13 11:27:29','2025-06-13 11:27:29'),(331,1,6,7.5,'00:03:00',0,'2025-06-13 11:28:06','2025-06-13 11:28:06'),(332,1,10,16.0,'00:03:10',0,'2025-06-13 11:29:13','2025-06-13 11:29:13'),(333,1,14,11.0,'00:05:00',0,'2025-06-13 11:31:03','2025-06-13 11:31:03'),(334,1,11,16.0,'00:03:35',0,'2025-06-13 11:32:19','2025-06-13 11:32:19'),(335,1,12,16.0,'00:01:57',0,'2025-06-13 11:32:42','2025-06-13 11:32:42'),(336,1,15,9.0,'00:05:00',0,'2025-06-13 11:33:23','2025-06-13 11:33:23'),(337,1,13,8.0,'00:05:00',0,'2025-06-13 11:34:06','2025-06-13 11:34:06'),(338,1,9,0.0,'00:00:00',1,'2025-06-13 11:34:42','2025-06-13 11:34:42'),(339,1,27,0.0,'00:00:00',1,'2025-06-13 11:34:55','2025-06-13 11:34:55'),(340,1,29,0.0,'00:00:00',1,'2025-06-13 11:35:16','2025-06-13 11:35:16'),(341,1,19,3.0,'00:01:00',0,'2025-06-13 11:36:06','2025-06-13 15:42:22'),(342,1,7,5.0,'00:01:58',0,'2025-06-13 11:37:01','2025-06-13 11:37:01'),(343,1,28,7.0,'00:04:35',0,'2025-06-13 11:37:24','2025-06-13 11:37:42'),(344,1,30,0.0,'00:00:00',1,'2025-06-13 11:37:57','2025-06-13 11:37:57'),(345,1,31,0.0,'00:00:00',1,'2025-06-13 11:38:25','2025-06-13 11:38:25'),(346,1,32,0.0,'00:00:00',1,'2025-06-13 16:18:40','2025-06-13 16:18:40'),(347,2,35,0.0,'00:00:00',1,'2025-06-21 15:31:08','2025-06-21 15:31:08'),(348,2,36,0.0,'00:00:00',1,'2025-06-21 15:31:14','2025-06-21 15:31:14'),(349,2,37,0.0,'00:00:00',1,'2025-06-21 15:31:20','2025-06-21 15:31:20'),(350,2,57,0.0,'00:00:00',1,'2025-06-21 15:31:26','2025-06-21 15:31:26'),(351,2,39,0.0,'00:00:00',1,'2025-06-21 15:31:39','2025-06-21 15:31:39'),(352,2,47,0.0,'00:00:00',1,'2025-06-21 15:31:45','2025-06-21 15:31:45'),(353,2,54,0.0,'00:00:00',1,'2025-06-21 15:31:50','2025-06-21 15:31:50'),(354,2,58,0.0,'00:00:00',1,'2025-06-21 15:31:57','2025-06-21 15:31:57'),(355,2,34,0.0,'00:00:00',1,'2025-06-21 15:32:06','2025-06-21 15:32:06'),(356,2,41,0.0,'00:00:00',1,'2025-06-21 15:32:13','2025-06-21 15:32:13'),(357,2,42,0.0,'00:00:00',1,'2025-06-21 15:32:19','2025-06-21 15:32:19'),(358,2,43,0.0,'00:00:00',1,'2025-06-21 15:32:26','2025-06-21 15:32:26'),(359,2,44,0.0,'00:00:00',1,'2025-06-21 15:32:32','2025-06-21 15:32:32'),(360,2,48,0.0,'00:00:00',1,'2025-06-21 15:32:38','2025-06-21 15:32:38'),(361,2,49,0.0,'00:00:00',1,'2025-06-21 15:32:44','2025-06-21 15:32:44'),(362,2,50,0.0,'00:00:00',1,'2025-06-21 15:32:49','2025-06-21 15:32:49'),(363,2,51,0.0,'00:00:00',1,'2025-06-21 15:32:56','2025-06-21 15:32:56'),(364,2,52,0.0,'00:00:00',1,'2025-06-21 15:33:01','2025-06-21 15:33:01'),(365,2,55,0.0,'00:00:00',1,'2025-06-21 15:33:07','2025-06-21 15:33:07'),(366,2,33,0.0,'00:00:00',1,'2025-06-21 15:33:18','2025-06-21 15:33:18'),(367,2,40,0.0,'00:00:00',1,'2025-06-21 15:33:24','2025-06-21 15:33:24'),(368,2,56,0.0,'00:00:00',1,'2025-06-21 15:33:30','2025-06-21 15:33:30'),(369,2,45,0.0,'00:00:00',1,'2025-06-21 15:33:39','2025-06-21 15:33:39'),(370,2,53,0.0,'00:00:00',1,'2025-06-21 15:33:45','2025-06-21 15:33:45'),(371,2,46,0.0,'00:00:00',1,'2025-06-21 15:33:54','2025-06-21 15:33:54');
/*!40000 ALTER TABLE `climbs` ENABLE KEYS */;
UNLOCK TABLES;
DROP TABLE IF EXISTS `clubs`;
/*!40101 SET @saved_cs_client     = @@character_set_client */;
/*!50503 SET character_set_client = utf8mb4 */;
CREATE TABLE `clubs` (
  `id` int NOT NULL AUTO_INCREMENT,
  `name` varchar(255) CHARACTER SET utf8mb4 COLLATE utf8mb4_unicode_ci NOT NULL,
  `stage_id` int DEFAULT '0',
  `climbing` int DEFAULT '0',
  `created_at` timestamp NULL DEFAULT NULL,
  `updated_at` timestamp NULL DEFAULT NULL,
  PRIMARY KEY (`id`)
) ENGINE=InnoDB AUTO_INCREMENT=25 DEFAULT CHARSET=utf8mb3;
/*!40101 SET character_set_client = @saved_cs_client */;

LOCK TABLES `clubs` WRITE;
/*!40000 ALTER TABLE `clubs` DISABLE KEYS */;
INSERT INTO `clubs` VALUES (1,'Asociatia de Turism si Ecologie Carpatia',1,1,'2025-06-01 04:12:44','2025-06-01 04:12:44'),(2,'Asociatia de turism montan \"VIA-RETEZAT\"',2,0,'2025-06-01 04:12:56','2025-06-01 04:12:56'),(3,'Clubul de Turism Si Protectia Naturii \"Cocosul de munte\" Brasov',0,0,'2025-06-01 04:13:03','2025-06-21 16:29:00'),(4,'Asociatia de Turism Gaska Bucuresti',0,0,'2025-06-01 04:13:09','2025-06-21 16:29:09'),(5,'Asociatia Clubul Alpin Temerarii',0,0,'2025-06-01 04:13:13','2025-06-21 16:29:17'),(10,'Asociatia pentru Tineret, Sport, Turism si Ecologie Jnepenii',0,0,'2025-06-01 04:19:01','2025-06-21 16:29:25'),(11,'Asociatia de Schi Turism Montan Pro-Parang',0,0,'2025-06-01 04:20:04','2025-06-25 15:51:21'),(12,'Casa Sporturilor',0,0,'2025-06-07 14:26:10','2025-06-07 14:26:10'),(13,'Asociatia Zimbrul Carpatin',0,0,'2025-06-07 14:26:37','2025-06-07 14:26:37'),(14,'Hai pe munte! Iasi',0,0,'2025-06-07 14:26:56','2025-06-07 14:26:56'),(15,'Baby Gin',0,0,'2025-06-07 14:27:12','2025-06-07 14:27:25'),(16,'Cercetasii Romani CL Baden Powell',0,0,'2025-06-07 14:28:10','2025-06-07 14:28:10'),(17,'Asociatia MECANTURIST',0,0,'2025-06-07 14:29:01','2025-06-07 14:29:01'),(18,'Asociatia Ecoturistica Soimii Dunareni',0,0,'2025-06-07 14:30:00','2025-06-07 14:30:00'),(19,'Dragoneii',0,0,'2025-06-07 14:33:09','2025-06-25 15:56:07'),(20,'Floarea Reginei',0,0,'2025-06-21 02:52:16','2025-06-21 02:52:16'),(21,'Arcul Carpatin',0,0,'2025-06-21 03:08:35','2025-06-21 03:08:35'),(22,'Hiking Therapy',0,0,'2025-06-21 03:08:50','2025-06-21 03:08:50');
/*!40000 ALTER TABLE `clubs` ENABLE KEYS */;
UNLOCK TABLES;
DROP TABLE IF EXISTS `clubs_stage_category_rankings`;
/*!40101 SET @saved_cs_client     = @@character_set_client */;
/*!50503 SET character_set_client = utf8mb4 */;
CREATE TABLE `clubs_stage_category_rankings` (
  `id` int NOT NULL AUTO_INCREMENT,
  `stage_id` int NOT NULL,
  `category_id` int NOT NULL,
  `club_id` int NOT NULL,
  `scor` int NOT NULL,
  `created_at` timestamp NOT NULL DEFAULT CURRENT_TIMESTAMP ON UPDATE CURRENT_TIMESTAMP,
  `updated_at` timestamp NOT NULL DEFAULT CURRENT_TIMESTAMP ON UPDATE CURRENT_TIMESTAMP,
  PRIMARY KEY (`id`)
) ENGINE=InnoDB AUTO_INCREMENT=14197 DEFAULT CHARSET=utf8mb4 COLLATE=utf8mb4_0900_ai_ci;
/*!40101 SET character_set_client = @saved_cs_client */;

LOCK TABLES `clubs_stage_category_rankings` WRITE;
/*!40000 ALTER TABLE `clubs_stage_category_rankings` DISABLE KEYS */;
INSERT INTO `clubs_stage_category_rankings` VALUES (13063,2,3,14,500,'2025-06-25 18:57:46','2025-06-25 18:57:46'),(13064,2,6,14,500,'2025-06-25 18:57:46','2025-06-25 18:57:46'),(13065,2,7,14,500,'2025-06-25 18:57:46','2025-06-25 18:57:46'),(13066,2,4,14,400,'2025-06-25 18:57:46','2025-06-25 18:57:46'),(13067,2,1,14,0,'2025-06-25 18:57:46','2025-06-25 18:57:46'),(13068,2,2,14,0,'2025-06-25 18:57:46','2025-06-25 18:57:46'),(13069,2,5,14,0,'2025-06-25 18:57:46','2025-06-25 18:57:46'),(13077,2,3,3,480,'2025-06-25 18:57:46','2025-06-25 18:57:46'),(13078,2,6,3,480,'2025-06-25 18:57:46','2025-06-25 18:57:46'),(13079,2,4,3,380,'2025-06-25 18:57:46','2025-06-25 18:57:46'),(13080,2,1,3,0,'2025-06-25 18:57:46','2025-06-25 18:57:46'),(13081,2,2,3,0,'2025-06-25 18:57:46','2025-06-25 18:57:46'),(13082,2,5,3,0,'2025-06-25 18:57:46','2025-06-25 18:57:46'),(13083,2,7,3,0,'2025-06-25 18:57:46','2025-06-25 18:57:46'),(13091,2,1,20,500,'2025-06-25 18:57:46','2025-06-25 18:57:46'),(13092,2,5,20,470,'2025-06-25 18:57:46','2025-06-25 18:57:46'),(13093,2,4,20,350,'2025-06-25 18:57:46','2025-06-25 18:57:46'),(13094,2,2,20,0,'2025-06-25 18:57:46','2025-06-25 18:57:46'),(13095,2,3,20,0,'2025-06-25 18:57:46','2025-06-25 18:57:46'),(13096,2,6,20,0,'2025-06-25 18:57:46','2025-06-25 18:57:46'),(13097,2,7,20,0,'2025-06-25 18:57:46','2025-06-25 18:57:46'),(13105,2,5,11,480,'2025-06-25 18:57:46','2025-06-25 18:57:46'),(13106,2,1,11,470,'2025-06-25 18:57:46','2025-06-25 18:57:46'),(13107,2,2,11,0,'2025-06-25 18:57:46','2025-06-25 18:57:46'),(13108,2,3,11,0,'2025-06-25 18:57:46','2025-06-25 18:57:46'),(13109,2,4,11,0,'2025-06-25 18:57:46','2025-06-25 18:57:46'),(13110,2,6,11,0,'2025-06-25 18:57:46','2025-06-25 18:57:46'),(13111,2,7,11,0,'2025-06-25 18:57:46','2025-06-25 18:57:46'),(13119,2,5,4,500,'2025-06-25 18:57:46','2025-06-25 18:57:46'),(13120,2,4,4,330,'2025-06-25 18:57:46','2025-06-25 18:57:46'),(13121,2,1,4,0,'2025-06-25 18:57:46','2025-06-25 18:57:46'),(13122,2,2,4,0,'2025-06-25 18:57:46','2025-06-25 18:57:46'),(13123,2,3,4,0,'2025-06-25 18:57:46','2025-06-25 18:57:46'),(13124,2,6,4,0,'2025-06-25 18:57:46','2025-06-25 18:57:46'),(13125,2,7,4,0,'2025-06-25 18:57:47','2025-06-25 18:57:47'),(13133,2,3,12,460,'2025-06-25 18:57:47','2025-06-25 18:57:47'),(13134,2,1,12,0,'2025-06-25 18:57:47','2025-06-25 18:57:47'),(13135,2,2,12,0,'2025-06-25 18:57:47','2025-06-25 18:57:47'),(13136,2,4,12,0,'2025-06-25 18:57:47','2025-06-25 18:57:47'),(13137,2,5,12,0,'2025-06-25 18:57:47','2025-06-25 18:57:47'),(13138,2,6,12,0,'2025-06-25 18:57:47','2025-06-25 18:57:47'),(13139,2,7,12,0,'2025-06-25 18:57:47','2025-06-25 18:57:47'),(13147,2,4,15,360,'2025-06-25 18:57:47','2025-06-25 18:57:47'),(13148,2,1,15,0,'2025-06-25 18:57:47','2025-06-25 18:57:47'),(13149,2,2,15,0,'2025-06-25 18:57:47','2025-06-25 18:57:47'),(13150,2,3,15,0,'2025-06-25 18:57:47','2025-06-25 18:57:47'),(13151,2,5,15,0,'2025-06-25 18:57:47','2025-06-25 18:57:47'),(13152,2,6,15,0,'2025-06-25 18:57:47','2025-06-25 18:57:47'),(13153,2,7,15,0,'2025-06-25 18:57:47','2025-06-25 18:57:47'),(13161,2,4,21,320,'2025-06-25 18:57:47','2025-06-25 18:57:47'),(13162,2,1,21,0,'2025-06-25 18:57:47','2025-06-25 18:57:47'),(13163,2,2,21,0,'2025-06-25 18:57:47','2025-06-25 18:57:47'),(13164,2,3,21,0,'2025-06-25 18:57:47','2025-06-25 18:57:47'),(13165,2,5,21,0,'2025-06-25 18:57:47','2025-06-25 18:57:47'),(13166,2,6,21,0,'2025-06-25 18:57:47','2025-06-25 18:57:47'),(13167,2,7,21,0,'2025-06-25 18:57:47','2025-06-25 18:57:47'),(13175,2,4,10,310,'2025-06-25 18:57:47','2025-06-25 18:57:47'),(13176,2,1,10,0,'2025-06-25 18:57:47','2025-06-25 18:57:47'),(13177,2,2,10,0,'2025-06-25 18:57:47','2025-06-25 18:57:47'),(13178,2,3,10,0,'2025-06-25 18:57:47','2025-06-25 18:57:47'),(13179,2,5,10,0,'2025-06-25 18:57:47','2025-06-25 18:57:47'),(13180,2,6,10,0,'2025-06-25 18:57:47','2025-06-25 18:57:47'),(13181,2,7,10,0,'2025-06-25 18:57:47','2025-06-25 18:57:47'),(13189,2,4,22,300,'2025-06-25 18:57:47','2025-06-25 18:57:47'),(13190,2,1,22,0,'2025-06-25 18:57:47','2025-06-25 18:57:47'),(13191,2,2,22,0,'2025-06-25 18:57:47','2025-06-25 18:57:47'),(13192,2,3,22,0,'2025-06-25 18:57:47','2025-06-25 18:57:47'),(13193,2,5,22,0,'2025-06-25 18:57:47','2025-06-25 18:57:47'),(13194,2,6,22,0,'2025-06-25 18:57:47','2025-06-25 18:57:47'),(13195,2,7,22,0,'2025-06-25 18:57:47','2025-06-25 18:57:47'),(13203,2,1,1,0,'2025-06-25 18:57:47','2025-06-25 18:57:47'),(13204,2,2,1,0,'2025-06-25 18:57:47','2025-06-25 18:57:47'),(13205,2,3,1,0,'2025-06-25 18:57:47','2025-06-25 18:57:47'),(13206,2,4,1,0,'2025-06-25 18:57:47','2025-06-25 18:57:47'),(13207,2,5,1,0,'2025-06-25 18:57:47','2025-06-25 18:57:47'),(13208,2,6,1,0,'2025-06-25 18:57:47','2025-06-25 18:57:47'),(13209,2,7,1,0,'2025-06-25 18:57:47','2025-06-25 18:57:47'),(13231,2,1,5,0,'2025-06-25 18:57:47','2025-06-25 18:57:47'),(13232,2,2,5,0,'2025-06-25 18:57:47','2025-06-25 18:57:47'),(13233,2,3,5,0,'2025-06-25 18:57:47','2025-06-25 18:57:47'),(13234,2,4,5,0,'2025-06-25 18:57:47','2025-06-25 18:57:47'),(13235,2,5,5,0,'2025-06-25 18:57:47','2025-06-25 18:57:47'),(13236,2,6,5,0,'2025-06-25 18:57:47','2025-06-25 18:57:47'),(13237,2,7,5,0,'2025-06-25 18:57:47','2025-06-25 18:57:47'),(13245,2,1,13,0,'2025-06-25 18:57:47','2025-06-25 18:57:47'),(13246,2,2,13,0,'2025-06-25 18:57:47','2025-06-25 18:57:47'),(13247,2,3,13,0,'2025-06-25 18:57:47','2025-06-25 18:57:47'),(13248,2,4,13,0,'2025-06-25 18:57:47','2025-06-25 18:57:47'),(13249,2,5,13,0,'2025-06-25 18:57:47','2025-06-25 18:57:47'),(13250,2,6,13,0,'2025-06-25 18:57:47','2025-06-25 18:57:47'),(13251,2,7,13,0,'2025-06-25 18:57:47','2025-06-25 18:57:47'),(13259,2,1,16,0,'2025-06-25 18:57:47','2025-06-25 18:57:47'),(13260,2,2,16,0,'2025-06-25 18:57:47','2025-06-25 18:57:47'),(13261,2,3,16,0,'2025-06-25 18:57:47','2025-06-25 18:57:47'),(13262,2,4,16,0,'2025-06-25 18:57:47','2025-06-25 18:57:47'),(13263,2,5,16,0,'2025-06-25 18:57:47','2025-06-25 18:57:47'),(13264,2,6,16,0,'2025-06-25 18:57:47','2025-06-25 18:57:47'),(13265,2,7,16,0,'2025-06-25 18:57:47','2025-06-25 18:57:47'),(13273,2,1,17,0,'2025-06-25 18:57:47','2025-06-25 18:57:47'),(13274,2,2,17,0,'2025-06-25 18:57:47','2025-06-25 18:57:47'),(13275,2,3,17,0,'2025-06-25 18:57:47','2025-06-25 18:57:47'),(13276,2,4,17,0,'2025-06-25 18:57:47','2025-06-25 18:57:47'),(13277,2,5,17,0,'2025-06-25 18:57:47','2025-06-25 18:57:47'),(13278,2,6,17,0,'2025-06-25 18:57:47','2025-06-25 18:57:47'),(13279,2,7,17,0,'2025-06-25 18:57:47','2025-06-25 18:57:47'),(13287,2,1,18,0,'2025-06-25 18:57:47','2025-06-25 18:57:47'),(13288,2,2,18,0,'2025-06-25 18:57:47','2025-06-25 18:57:47'),(13289,2,3,18,0,'2025-06-25 18:57:47','2025-06-25 18:57:47'),(13290,2,4,18,0,'2025-06-25 18:57:47','2025-06-25 18:57:47'),(13291,2,5,18,0,'2025-06-25 18:57:47','2025-06-25 18:57:47'),(13292,2,6,18,0,'2025-06-25 18:57:47','2025-06-25 18:57:47'),(13293,2,7,18,0,'2025-06-25 18:57:47','2025-06-25 18:57:47'),(13301,2,1,19,0,'2025-06-25 18:57:47','2025-06-25 18:57:47'),(13302,2,2,19,0,'2025-06-25 18:57:47','2025-06-25 18:57:47'),(13303,2,3,19,0,'2025-06-25 18:57:47','2025-06-25 18:57:47'),(13304,2,4,19,0,'2025-06-25 18:57:47','2025-06-25 18:57:47'),(13305,2,5,19,0,'2025-06-25 18:57:47','2025-06-25 18:57:47'),(13306,2,6,19,0,'2025-06-25 18:57:47','2025-06-25 18:57:47'),(13307,2,7,19,0,'2025-06-25 18:57:47','2025-06-25 18:57:47'),(13308,2,1,2,500,'2025-06-25 18:57:47','2025-06-25 18:57:47'),(13309,2,2,2,500,'2025-06-25 18:57:47','2025-06-25 18:57:47'),(13310,2,3,2,500,'2025-06-25 18:57:47','2025-06-25 18:57:47'),(13311,2,4,2,400,'2025-06-25 18:57:47','2025-06-25 18:57:47'),(13312,2,5,2,500,'2025-06-25 18:57:47','2025-06-25 18:57:47'),(13313,2,6,2,500,'2025-06-25 18:57:47','2025-06-25 18:57:47'),(13314,2,7,2,500,'2025-06-25 18:57:47','2025-06-25 18:57:47'),(13315,3,1,1,0,'2025-06-25 18:57:48','2025-06-25 18:57:48'),(13316,3,2,1,0,'2025-06-25 18:57:48','2025-06-25 18:57:48'),(13317,3,3,1,0,'2025-06-25 18:57:48','2025-06-25 18:57:48'),(13318,3,4,1,0,'2025-06-25 18:57:48','2025-06-25 18:57:48'),(13319,3,5,1,0,'2025-06-25 18:57:48','2025-06-25 18:57:48'),(13320,3,6,1,0,'2025-06-25 18:57:48','2025-06-25 18:57:48'),(13321,3,7,1,0,'2025-06-25 18:57:48','2025-06-25 18:57:48'),(13322,3,1,2,0,'2025-06-25 18:57:48','2025-06-25 18:57:48'),(13323,3,2,2,0,'2025-06-25 18:57:48','2025-06-25 18:57:48'),(13324,3,3,2,0,'2025-06-25 18:57:48','2025-06-25 18:57:48'),(13325,3,4,2,0,'2025-06-25 18:57:48','2025-06-25 18:57:48'),(13326,3,5,2,0,'2025-06-25 18:57:48','2025-06-25 18:57:48'),(13327,3,6,2,0,'2025-06-25 18:57:48','2025-06-25 18:57:48'),(13328,3,7,2,0,'2025-06-25 18:57:48','2025-06-25 18:57:48'),(13329,3,1,3,0,'2025-06-25 18:57:48','2025-06-25 18:57:48'),(13330,3,2,3,0,'2025-06-25 18:57:48','2025-06-25 18:57:48'),(13331,3,3,3,0,'2025-06-25 18:57:48','2025-06-25 18:57:48'),(13332,3,4,3,0,'2025-06-25 18:57:48','2025-06-25 18:57:48'),(13333,3,5,3,0,'2025-06-25 18:57:48','2025-06-25 18:57:48'),(13334,3,6,3,0,'2025-06-25 18:57:48','2025-06-25 18:57:48'),(13335,3,7,3,0,'2025-06-25 18:57:48','2025-06-25 18:57:48'),(13336,3,1,4,0,'2025-06-25 18:57:48','2025-06-25 18:57:48'),(13337,3,2,4,0,'2025-06-25 18:57:48','2025-06-25 18:57:48'),(13338,3,3,4,0,'2025-06-25 18:57:48','2025-06-25 18:57:48'),(13339,3,4,4,0,'2025-06-25 18:57:48','2025-06-25 18:57:48'),(13340,3,5,4,0,'2025-06-25 18:57:48','2025-06-25 18:57:48'),(13341,3,6,4,0,'2025-06-25 18:57:48','2025-06-25 18:57:48'),(13342,3,7,4,0,'2025-06-25 18:57:48','2025-06-25 18:57:48'),(13343,3,1,5,0,'2025-06-25 18:57:48','2025-06-25 18:57:48'),(13344,3,2,5,0,'2025-06-25 18:57:48','2025-06-25 18:57:48'),(13345,3,3,5,0,'2025-06-25 18:57:48','2025-06-25 18:57:48'),(13346,3,4,5,0,'2025-06-25 18:57:48','2025-06-25 18:57:48'),(13347,3,5,5,0,'2025-06-25 18:57:48','2025-06-25 18:57:48'),(13348,3,6,5,0,'2025-06-25 18:57:48','2025-06-25 18:57:48'),(13349,3,7,5,0,'2025-06-25 18:57:48','2025-06-25 18:57:48'),(13350,3,1,10,0,'2025-06-25 18:57:48','2025-06-25 18:57:48'),(13351,3,2,10,0,'2025-06-25 18:57:48','2025-06-25 18:57:48'),(13352,3,3,10,0,'2025-06-25 18:57:48','2025-06-25 18:57:48'),(13353,3,4,10,0,'2025-06-25 18:57:48','2025-06-25 18:57:48'),(13354,3,5,10,0,'2025-06-25 18:57:48','2025-06-25 18:57:48'),(13355,3,6,10,0,'2025-06-25 18:57:48','2025-06-25 18:57:48'),(13356,3,7,10,0,'2025-06-25 18:57:48','2025-06-25 18:57:48'),(13357,3,1,11,0,'2025-06-25 18:57:48','2025-06-25 18:57:48'),(13358,3,2,11,0,'2025-06-25 18:57:48','2025-06-25 18:57:48'),(13359,3,3,11,0,'2025-06-25 18:57:48','2025-06-25 18:57:48'),(13360,3,4,11,0,'2025-06-25 18:57:48','2025-06-25 18:57:48'),(13361,3,5,11,0,'2025-06-25 18:57:48','2025-06-25 18:57:48'),(13362,3,6,11,0,'2025-06-25 18:57:48','2025-06-25 18:57:48'),(13363,3,7,11,0,'2025-06-25 18:57:48','2025-06-25 18:57:48'),(13364,3,1,12,0,'2025-06-25 18:57:48','2025-06-25 18:57:48'),(13365,3,2,12,0,'2025-06-25 18:57:48','2025-06-25 18:57:48'),(13366,3,3,12,0,'2025-06-25 18:57:48','2025-06-25 18:57:48'),(13367,3,4,12,0,'2025-06-25 18:57:48','2025-06-25 18:57:48'),(13368,3,5,12,0,'2025-06-25 18:57:48','2025-06-25 18:57:48'),(13369,3,6,12,0,'2025-06-25 18:57:48','2025-06-25 18:57:48'),(13370,3,7,12,0,'2025-06-25 18:57:48','2025-06-25 18:57:48'),(13371,3,1,13,0,'2025-06-25 18:57:48','2025-06-25 18:57:48'),(13372,3,2,13,0,'2025-06-25 18:57:48','2025-06-25 18:57:48'),(13373,3,3,13,0,'2025-06-25 18:57:48','2025-06-25 18:57:48'),(13374,3,4,13,0,'2025-06-25 18:57:48','2025-06-25 18:57:48'),(13375,3,5,13,0,'2025-06-25 18:57:48','2025-06-25 18:57:48'),(13376,3,6,13,0,'2025-06-25 18:57:48','2025-06-25 18:57:48'),(13377,3,7,13,0,'2025-06-25 18:57:48','2025-06-25 18:57:48'),(13378,3,1,14,0,'2025-06-25 18:57:48','2025-06-25 18:57:48'),(13379,3,2,14,0,'2025-06-25 18:57:48','2025-06-25 18:57:48'),(13380,3,3,14,0,'2025-06-25 18:57:48','2025-06-25 18:57:48'),(13381,3,4,14,0,'2025-06-25 18:57:48','2025-06-25 18:57:48'),(13382,3,5,14,0,'2025-06-25 18:57:48','2025-06-25 18:57:48'),(13383,3,6,14,0,'2025-06-25 18:57:48','2025-06-25 18:57:48'),(13384,3,7,14,0,'2025-06-25 18:57:48','2025-06-25 18:57:48'),(13385,3,1,15,0,'2025-06-25 18:57:48','2025-06-25 18:57:48'),(13386,3,2,15,0,'2025-06-25 18:57:48','2025-06-25 18:57:48'),(13387,3,3,15,0,'2025-06-25 18:57:48','2025-06-25 18:57:48'),(13388,3,4,15,0,'2025-06-25 18:57:48','2025-06-25 18:57:48'),(13389,3,5,15,0,'2025-06-25 18:57:48','2025-06-25 18:57:48'),(13390,3,6,15,0,'2025-06-25 18:57:48','2025-06-25 18:57:48'),(13391,3,7,15,0,'2025-06-25 18:57:48','2025-06-25 18:57:48'),(13392,3,1,16,0,'2025-06-25 18:57:48','2025-06-25 18:57:48'),(13393,3,2,16,0,'2025-06-25 18:57:48','2025-06-25 18:57:48'),(13394,3,3,16,0,'2025-06-25 18:57:48','2025-06-25 18:57:48'),(13395,3,4,16,0,'2025-06-25 18:57:48','2025-06-25 18:57:48'),(13396,3,5,16,0,'2025-06-25 18:57:48','2025-06-25 18:57:48'),(13397,3,6,16,0,'2025-06-25 18:57:48','2025-06-25 18:57:48'),(13398,3,7,16,0,'2025-06-25 18:57:48','2025-06-25 18:57:48'),(13399,3,1,17,0,'2025-06-25 18:57:48','2025-06-25 18:57:48'),(13400,3,2,17,0,'2025-06-25 18:57:48','2025-06-25 18:57:48'),(13401,3,3,17,0,'2025-06-25 18:57:48','2025-06-25 18:57:48'),(13402,3,4,17,0,'2025-06-25 18:57:48','2025-06-25 18:57:48'),(13403,3,5,17,0,'2025-06-25 18:57:48','2025-06-25 18:57:48'),(13404,3,6,17,0,'2025-06-25 18:57:48','2025-06-25 18:57:48'),(13405,3,7,17,0,'2025-06-25 18:57:48','2025-06-25 18:57:48'),(13406,3,1,18,0,'2025-06-25 18:57:48','2025-06-25 18:57:48'),(13407,3,2,18,0,'2025-06-25 18:57:48','2025-06-25 18:57:48'),(13408,3,3,18,0,'2025-06-25 18:57:48','2025-06-25 18:57:48'),(13409,3,4,18,0,'2025-06-25 18:57:48','2025-06-25 18:57:48'),(13410,3,5,18,0,'2025-06-25 18:57:48','2025-06-25 18:57:48'),(13411,3,6,18,0,'2025-06-25 18:57:48','2025-06-25 18:57:48'),(13412,3,7,18,0,'2025-06-25 18:57:48','2025-06-25 18:57:48'),(13413,3,1,19,0,'2025-06-25 18:57:48','2025-06-25 18:57:48'),(13414,3,2,19,0,'2025-06-25 18:57:48','2025-06-25 18:57:48'),(13415,3,3,19,0,'2025-06-25 18:57:48','2025-06-25 18:57:48'),(13416,3,4,19,0,'2025-06-25 18:57:48','2025-06-25 18:57:48'),(13417,3,5,19,0,'2025-06-25 18:57:48','2025-06-25 18:57:48'),(13418,3,6,19,0,'2025-06-25 18:57:48','2025-06-25 18:57:48'),(13419,3,7,19,0,'2025-06-25 18:57:48','2025-06-25 18:57:48'),(13420,3,1,20,0,'2025-06-25 18:57:48','2025-06-25 18:57:48'),(13421,3,2,20,0,'2025-06-25 18:57:48','2025-06-25 18:57:48'),(13422,3,3,20,0,'2025-06-25 18:57:48','2025-06-25 18:57:48'),(13423,3,4,20,0,'2025-06-25 18:57:48','2025-06-25 18:57:48'),(13424,3,5,20,0,'2025-06-25 18:57:48','2025-06-25 18:57:48'),(13425,3,6,20,0,'2025-06-25 18:57:48','2025-06-25 18:57:48'),(13426,3,7,20,0,'2025-06-25 18:57:48','2025-06-25 18:57:48'),(13427,3,1,21,0,'2025-06-25 18:57:48','2025-06-25 18:57:48'),(13428,3,2,21,0,'2025-06-25 18:57:48','2025-06-25 18:57:48'),(13429,3,3,21,0,'2025-06-25 18:57:48','2025-06-25 18:57:48'),(13430,3,4,21,0,'2025-06-25 18:57:48','2025-06-25 18:57:48'),(13431,3,5,21,0,'2025-06-25 18:57:48','2025-06-25 18:57:48'),(13432,3,6,21,0,'2025-06-25 18:57:48','2025-06-25 18:57:48'),(13433,3,7,21,0,'2025-06-25 18:57:48','2025-06-25 18:57:48'),(13434,3,1,22,0,'2025-06-25 18:57:48','2025-06-25 18:57:48'),(13435,3,2,22,0,'2025-06-25 18:57:48','2025-06-25 18:57:48'),(13436,3,3,22,0,'2025-06-25 18:57:48','2025-06-25 18:57:48'),(13437,3,4,22,0,'2025-06-25 18:57:48','2025-06-25 18:57:48'),(13438,3,5,22,0,'2025-06-25 18:57:48','2025-06-25 18:57:48'),(13439,3,6,22,0,'2025-06-25 18:57:48','2025-06-25 18:57:48'),(13440,3,7,22,0,'2025-06-25 18:57:48','2025-06-25 18:57:48'),(13441,4,1,1,0,'2025-06-25 18:57:49','2025-06-25 18:57:49'),(13442,4,2,1,0,'2025-06-25 18:57:49','2025-06-25 18:57:49'),(13443,4,3,1,0,'2025-06-25 18:57:49','2025-06-25 18:57:49'),(13444,4,4,1,0,'2025-06-25 18:57:49','2025-06-25 18:57:49'),(13445,4,5,1,0,'2025-06-25 18:57:49','2025-06-25 18:57:49'),(13446,4,6,1,0,'2025-06-25 18:57:49','2025-06-25 18:57:49'),(13447,4,7,1,0,'2025-06-25 18:57:49','2025-06-25 18:57:49'),(13448,4,1,2,0,'2025-06-25 18:57:49','2025-06-25 18:57:49'),(13449,4,2,2,0,'2025-06-25 18:57:49','2025-06-25 18:57:49'),(13450,4,3,2,0,'2025-06-25 18:57:49','2025-06-25 18:57:49'),(13451,4,4,2,0,'2025-06-25 18:57:49','2025-06-25 18:57:49'),(13452,4,5,2,0,'2025-06-25 18:57:49','2025-06-25 18:57:49'),(13453,4,6,2,0,'2025-06-25 18:57:49','2025-06-25 18:57:49'),(13454,4,7,2,0,'2025-06-25 18:57:49','2025-06-25 18:57:49'),(13455,4,1,3,0,'2025-06-25 18:57:49','2025-06-25 18:57:49'),(13456,4,2,3,0,'2025-06-25 18:57:49','2025-06-25 18:57:49'),(13457,4,3,3,0,'2025-06-25 18:57:49','2025-06-25 18:57:49'),(13458,4,4,3,0,'2025-06-25 18:57:49','2025-06-25 18:57:49'),(13459,4,5,3,0,'2025-06-25 18:57:49','2025-06-25 18:57:49'),(13460,4,6,3,0,'2025-06-25 18:57:49','2025-06-25 18:57:49'),(13461,4,7,3,0,'2025-06-25 18:57:49','2025-06-25 18:57:49'),(13462,4,1,4,0,'2025-06-25 18:57:49','2025-06-25 18:57:49'),(13463,4,2,4,0,'2025-06-25 18:57:49','2025-06-25 18:57:49'),(13464,4,3,4,0,'2025-06-25 18:57:49','2025-06-25 18:57:49'),(13465,4,4,4,0,'2025-06-25 18:57:49','2025-06-25 18:57:49'),(13466,4,5,4,0,'2025-06-25 18:57:49','2025-06-25 18:57:49'),(13467,4,6,4,0,'2025-06-25 18:57:49','2025-06-25 18:57:49'),(13468,4,7,4,0,'2025-06-25 18:57:49','2025-06-25 18:57:49'),(13469,4,1,5,0,'2025-06-25 18:57:49','2025-06-25 18:57:49'),(13470,4,2,5,0,'2025-06-25 18:57:49','2025-06-25 18:57:49'),(13471,4,3,5,0,'2025-06-25 18:57:49','2025-06-25 18:57:49'),(13472,4,4,5,0,'2025-06-25 18:57:49','2025-06-25 18:57:49'),(13473,4,5,5,0,'2025-06-25 18:57:49','2025-06-25 18:57:49'),(13474,4,6,5,0,'2025-06-25 18:57:49','2025-06-25 18:57:49'),(13475,4,7,5,0,'2025-06-25 18:57:49','2025-06-25 18:57:49'),(13476,4,1,10,0,'2025-06-25 18:57:49','2025-06-25 18:57:49'),(13477,4,2,10,0,'2025-06-25 18:57:49','2025-06-25 18:57:49'),(13478,4,3,10,0,'2025-06-25 18:57:49','2025-06-25 18:57:49'),(13479,4,4,10,0,'2025-06-25 18:57:49','2025-06-25 18:57:49'),(13480,4,5,10,0,'2025-06-25 18:57:49','2025-06-25 18:57:49'),(13481,4,6,10,0,'2025-06-25 18:57:49','2025-06-25 18:57:49'),(13482,4,7,10,0,'2025-06-25 18:57:49','2025-06-25 18:57:49'),(13483,4,1,11,0,'2025-06-25 18:57:49','2025-06-25 18:57:49'),(13484,4,2,11,0,'2025-06-25 18:57:49','2025-06-25 18:57:49'),(13485,4,3,11,0,'2025-06-25 18:57:49','2025-06-25 18:57:49'),(13486,4,4,11,0,'2025-06-25 18:57:49','2025-06-25 18:57:49'),(13487,4,5,11,0,'2025-06-25 18:57:49','2025-06-25 18:57:49'),(13488,4,6,11,0,'2025-06-25 18:57:49','2025-06-25 18:57:49'),(13489,4,7,11,0,'2025-06-25 18:57:49','2025-06-25 18:57:49'),(13490,4,1,12,0,'2025-06-25 18:57:49','2025-06-25 18:57:49'),(13491,4,2,12,0,'2025-06-25 18:57:49','2025-06-25 18:57:49'),(13492,4,3,12,0,'2025-06-25 18:57:49','2025-06-25 18:57:49'),(13493,4,4,12,0,'2025-06-25 18:57:49','2025-06-25 18:57:49'),(13494,4,5,12,0,'2025-06-25 18:57:49','2025-06-25 18:57:49'),(13495,4,6,12,0,'2025-06-25 18:57:49','2025-06-25 18:57:49'),(13496,4,7,12,0,'2025-06-25 18:57:49','2025-06-25 18:57:49'),(13497,4,1,13,0,'2025-06-25 18:57:49','2025-06-25 18:57:49'),(13498,4,2,13,0,'2025-06-25 18:57:49','2025-06-25 18:57:49'),(13499,4,3,13,0,'2025-06-25 18:57:49','2025-06-25 18:57:49'),(13500,4,4,13,0,'2025-06-25 18:57:49','2025-06-25 18:57:49'),(13501,4,5,13,0,'2025-06-25 18:57:49','2025-06-25 18:57:49'),(13502,4,6,13,0,'2025-06-25 18:57:49','2025-06-25 18:57:49'),(13503,4,7,13,0,'2025-06-25 18:57:49','2025-06-25 18:57:49'),(13504,4,1,14,0,'2025-06-25 18:57:49','2025-06-25 18:57:49'),(13505,4,2,14,0,'2025-06-25 18:57:49','2025-06-25 18:57:49'),(13506,4,3,14,0,'2025-06-25 18:57:49','2025-06-25 18:57:49'),(13507,4,4,14,0,'2025-06-25 18:57:49','2025-06-25 18:57:49'),(13508,4,5,14,0,'2025-06-25 18:57:49','2025-06-25 18:57:49'),(13509,4,6,14,0,'2025-06-25 18:57:49','2025-06-25 18:57:49'),(13510,4,7,14,0,'2025-06-25 18:57:49','2025-06-25 18:57:49'),(13511,4,1,15,0,'2025-06-25 18:57:49','2025-06-25 18:57:49'),(13512,4,2,15,0,'2025-06-25 18:57:49','2025-06-25 18:57:49'),(13513,4,3,15,0,'2025-06-25 18:57:49','2025-06-25 18:57:49'),(13514,4,4,15,0,'2025-06-25 18:57:49','2025-06-25 18:57:49'),(13515,4,5,15,0,'2025-06-25 18:57:49','2025-06-25 18:57:49'),(13516,4,6,15,0,'2025-06-25 18:57:49','2025-06-25 18:57:49'),(13517,4,7,15,0,'2025-06-25 18:57:49','2025-06-25 18:57:49'),(13518,4,1,16,0,'2025-06-25 18:57:49','2025-06-25 18:57:49'),(13519,4,2,16,0,'2025-06-25 18:57:49','2025-06-25 18:57:49'),(13520,4,3,16,0,'2025-06-25 18:57:49','2025-06-25 18:57:49'),(13521,4,4,16,0,'2025-06-25 18:57:49','2025-06-25 18:57:49'),(13522,4,5,16,0,'2025-06-25 18:57:49','2025-06-25 18:57:49'),(13523,4,6,16,0,'2025-06-25 18:57:49','2025-06-25 18:57:49'),(13524,4,7,16,0,'2025-06-25 18:57:49','2025-06-25 18:57:49'),(13525,4,1,17,0,'2025-06-25 18:57:49','2025-06-25 18:57:49'),(13526,4,2,17,0,'2025-06-25 18:57:49','2025-06-25 18:57:49'),(13527,4,3,17,0,'2025-06-25 18:57:49','2025-06-25 18:57:49'),(13528,4,4,17,0,'2025-06-25 18:57:49','2025-06-25 18:57:49'),(13529,4,5,17,0,'2025-06-25 18:57:49','2025-06-25 18:57:49'),(13530,4,6,17,0,'2025-06-25 18:57:49','2025-06-25 18:57:49'),(13531,4,7,17,0,'2025-06-25 18:57:49','2025-06-25 18:57:49'),(13532,4,1,18,0,'2025-06-25 18:57:49','2025-06-25 18:57:49'),(13533,4,2,18,0,'2025-06-25 18:57:49','2025-06-25 18:57:49'),(13534,4,3,18,0,'2025-06-25 18:57:49','2025-06-25 18:57:49'),(13535,4,4,18,0,'2025-06-25 18:57:49','2025-06-25 18:57:49'),(13536,4,5,18,0,'2025-06-25 18:57:49','2025-06-25 18:57:49'),(13537,4,6,18,0,'2025-06-25 18:57:49','2025-06-25 18:57:49'),(13538,4,7,18,0,'2025-06-25 18:57:49','2025-06-25 18:57:49'),(13539,4,1,19,0,'2025-06-25 18:57:49','2025-06-25 18:57:49'),(13540,4,2,19,0,'2025-06-25 18:57:49','2025-06-25 18:57:49'),(13541,4,3,19,0,'2025-06-25 18:57:49','2025-06-25 18:57:49'),(13542,4,4,19,0,'2025-06-25 18:57:49','2025-06-25 18:57:49'),(13543,4,5,19,0,'2025-06-25 18:57:49','2025-06-25 18:57:49'),(13544,4,6,19,0,'2025-06-25 18:57:49','2025-06-25 18:57:49'),(13545,4,7,19,0,'2025-06-25 18:57:49','2025-06-25 18:57:49'),(13546,4,1,20,0,'2025-06-25 18:57:49','2025-06-25 18:57:49'),(13547,4,2,20,0,'2025-06-25 18:57:49','2025-06-25 18:57:49'),(13548,4,3,20,0,'2025-06-25 18:57:49','2025-06-25 18:57:49'),(13549,4,4,20,0,'2025-06-25 18:57:49','2025-06-25 18:57:49'),(13550,4,5,20,0,'2025-06-25 18:57:49','2025-06-25 18:57:49'),(13551,4,6,20,0,'2025-06-25 18:57:49','2025-06-25 18:57:49'),(13552,4,7,20,0,'2025-06-25 18:57:49','2025-06-25 18:57:49'),(13553,4,1,21,0,'2025-06-25 18:57:49','2025-06-25 18:57:49'),(13554,4,2,21,0,'2025-06-25 18:57:49','2025-06-25 18:57:49'),(13555,4,3,21,0,'2025-06-25 18:57:49','2025-06-25 18:57:49'),(13556,4,4,21,0,'2025-06-25 18:57:49','2025-06-25 18:57:49'),(13557,4,5,21,0,'2025-06-25 18:57:49','2025-06-25 18:57:49'),(13558,4,6,21,0,'2025-06-25 18:57:49','2025-06-25 18:57:49'),(13559,4,7,21,0,'2025-06-25 18:57:49','2025-06-25 18:57:49'),(13560,4,1,22,0,'2025-06-25 18:57:49','2025-06-25 18:57:49'),(13561,4,2,22,0,'2025-06-25 18:57:49','2025-06-25 18:57:49'),(13562,4,3,22,0,'2025-06-25 18:57:49','2025-06-25 18:57:49'),(13563,4,4,22,0,'2025-06-25 18:57:49','2025-06-25 18:57:49'),(13564,4,5,22,0,'2025-06-25 18:57:49','2025-06-25 18:57:49'),(13565,4,6,22,0,'2025-06-25 18:57:49','2025-06-25 18:57:49'),(13566,4,7,22,0,'2025-06-25 18:57:49','2025-06-25 18:57:49'),(13567,5,1,1,0,'2025-06-25 18:57:50','2025-06-25 18:57:50'),(13568,5,2,1,0,'2025-06-25 18:57:50','2025-06-25 18:57:50'),(13569,5,3,1,0,'2025-06-25 18:57:50','2025-06-25 18:57:50'),(13570,5,4,1,0,'2025-06-25 18:57:50','2025-06-25 18:57:50'),(13571,5,5,1,0,'2025-06-25 18:57:50','2025-06-25 18:57:50'),(13572,5,6,1,0,'2025-06-25 18:57:50','2025-06-25 18:57:50'),(13573,5,7,1,0,'2025-06-25 18:57:50','2025-06-25 18:57:50'),(13574,5,1,2,0,'2025-06-25 18:57:50','2025-06-25 18:57:50'),(13575,5,2,2,0,'2025-06-25 18:57:50','2025-06-25 18:57:50'),(13576,5,3,2,0,'2025-06-25 18:57:50','2025-06-25 18:57:50'),(13577,5,4,2,0,'2025-06-25 18:57:50','2025-06-25 18:57:50'),(13578,5,5,2,0,'2025-06-25 18:57:50','2025-06-25 18:57:50'),(13579,5,6,2,0,'2025-06-25 18:57:50','2025-06-25 18:57:50'),(13580,5,7,2,0,'2025-06-25 18:57:50','2025-06-25 18:57:50'),(13581,5,1,3,0,'2025-06-25 18:57:50','2025-06-25 18:57:50'),(13582,5,2,3,0,'2025-06-25 18:57:50','2025-06-25 18:57:50'),(13583,5,3,3,0,'2025-06-25 18:57:50','2025-06-25 18:57:50'),(13584,5,4,3,0,'2025-06-25 18:57:50','2025-06-25 18:57:50'),(13585,5,5,3,0,'2025-06-25 18:57:50','2025-06-25 18:57:50'),(13586,5,6,3,0,'2025-06-25 18:57:50','2025-06-25 18:57:50'),(13587,5,7,3,0,'2025-06-25 18:57:50','2025-06-25 18:57:50'),(13588,5,1,4,0,'2025-06-25 18:57:50','2025-06-25 18:57:50'),(13589,5,2,4,0,'2025-06-25 18:57:50','2025-06-25 18:57:50'),(13590,5,3,4,0,'2025-06-25 18:57:50','2025-06-25 18:57:50'),(13591,5,4,4,0,'2025-06-25 18:57:50','2025-06-25 18:57:50'),(13592,5,5,4,0,'2025-06-25 18:57:50','2025-06-25 18:57:50'),(13593,5,6,4,0,'2025-06-25 18:57:50','2025-06-25 18:57:50'),(13594,5,7,4,0,'2025-06-25 18:57:50','2025-06-25 18:57:50'),(13595,5,1,5,0,'2025-06-25 18:57:50','2025-06-25 18:57:50'),(13596,5,2,5,0,'2025-06-25 18:57:50','2025-06-25 18:57:50'),(13597,5,3,5,0,'2025-06-25 18:57:50','2025-06-25 18:57:50'),(13598,5,4,5,0,'2025-06-25 18:57:50','2025-06-25 18:57:50'),(13599,5,5,5,0,'2025-06-25 18:57:50','2025-06-25 18:57:50'),(13600,5,6,5,0,'2025-06-25 18:57:50','2025-06-25 18:57:50'),(13601,5,7,5,0,'2025-06-25 18:57:50','2025-06-25 18:57:50'),(13602,5,1,10,0,'2025-06-25 18:57:50','2025-06-25 18:57:50'),(13603,5,2,10,0,'2025-06-25 18:57:50','2025-06-25 18:57:50'),(13604,5,3,10,0,'2025-06-25 18:57:50','2025-06-25 18:57:50'),(13605,5,4,10,0,'2025-06-25 18:57:50','2025-06-25 18:57:50'),(13606,5,5,10,0,'2025-06-25 18:57:50','2025-06-25 18:57:50'),(13607,5,6,10,0,'2025-06-25 18:57:50','2025-06-25 18:57:50'),(13608,5,7,10,0,'2025-06-25 18:57:50','2025-06-25 18:57:50'),(13609,5,1,11,0,'2025-06-25 18:57:50','2025-06-25 18:57:50'),(13610,5,2,11,0,'2025-06-25 18:57:50','2025-06-25 18:57:50'),(13611,5,3,11,0,'2025-06-25 18:57:50','2025-06-25 18:57:50'),(13612,5,4,11,0,'2025-06-25 18:57:50','2025-06-25 18:57:50'),(13613,5,5,11,0,'2025-06-25 18:57:50','2025-06-25 18:57:50'),(13614,5,6,11,0,'2025-06-25 18:57:50','2025-06-25 18:57:50'),(13615,5,7,11,0,'2025-06-25 18:57:50','2025-06-25 18:57:50'),(13616,5,1,12,0,'2025-06-25 18:57:50','2025-06-25 18:57:50'),(13617,5,2,12,0,'2025-06-25 18:57:50','2025-06-25 18:57:50'),(13618,5,3,12,0,'2025-06-25 18:57:50','2025-06-25 18:57:50'),(13619,5,4,12,0,'2025-06-25 18:57:50','2025-06-25 18:57:50'),(13620,5,5,12,0,'2025-06-25 18:57:50','2025-06-25 18:57:50'),(13621,5,6,12,0,'2025-06-25 18:57:50','2025-06-25 18:57:50'),(13622,5,7,12,0,'2025-06-25 18:57:50','2025-06-25 18:57:50'),(13623,5,1,13,0,'2025-06-25 18:57:50','2025-06-25 18:57:50'),(13624,5,2,13,0,'2025-06-25 18:57:50','2025-06-25 18:57:50'),(13625,5,3,13,0,'2025-06-25 18:57:50','2025-06-25 18:57:50'),(13626,5,4,13,0,'2025-06-25 18:57:50','2025-06-25 18:57:50'),(13627,5,5,13,0,'2025-06-25 18:57:50','2025-06-25 18:57:50'),(13628,5,6,13,0,'2025-06-25 18:57:50','2025-06-25 18:57:50'),(13629,5,7,13,0,'2025-06-25 18:57:50','2025-06-25 18:57:50'),(13630,5,1,14,0,'2025-06-25 18:57:50','2025-06-25 18:57:50'),(13631,5,2,14,0,'2025-06-25 18:57:50','2025-06-25 18:57:50'),(13632,5,3,14,0,'2025-06-25 18:57:50','2025-06-25 18:57:50'),(13633,5,4,14,0,'2025-06-25 18:57:50','2025-06-25 18:57:50'),(13634,5,5,14,0,'2025-06-25 18:57:50','2025-06-25 18:57:50'),(13635,5,6,14,0,'2025-06-25 18:57:50','2025-06-25 18:57:50'),(13636,5,7,14,0,'2025-06-25 18:57:50','2025-06-25 18:57:50'),(13637,5,1,15,0,'2025-06-25 18:57:50','2025-06-25 18:57:50'),(13638,5,2,15,0,'2025-06-25 18:57:50','2025-06-25 18:57:50'),(13639,5,3,15,0,'2025-06-25 18:57:50','2025-06-25 18:57:50'),(13640,5,4,15,0,'2025-06-25 18:57:50','2025-06-25 18:57:50'),(13641,5,5,15,0,'2025-06-25 18:57:50','2025-06-25 18:57:50'),(13642,5,6,15,0,'2025-06-25 18:57:50','2025-06-25 18:57:50'),(13643,5,7,15,0,'2025-06-25 18:57:50','2025-06-25 18:57:50'),(13644,5,1,16,0,'2025-06-25 18:57:50','2025-06-25 18:57:50'),(13645,5,2,16,0,'2025-06-25 18:57:50','2025-06-25 18:57:50'),(13646,5,3,16,0,'2025-06-25 18:57:50','2025-06-25 18:57:50'),(13647,5,4,16,0,'2025-06-25 18:57:50','2025-06-25 18:57:50'),(13648,5,5,16,0,'2025-06-25 18:57:50','2025-06-25 18:57:50'),(13649,5,6,16,0,'2025-06-25 18:57:50','2025-06-25 18:57:50'),(13650,5,7,16,0,'2025-06-25 18:57:50','2025-06-25 18:57:50'),(13651,5,1,17,0,'2025-06-25 18:57:50','2025-06-25 18:57:50'),(13652,5,2,17,0,'2025-06-25 18:57:50','2025-06-25 18:57:50'),(13653,5,3,17,0,'2025-06-25 18:57:50','2025-06-25 18:57:50'),(13654,5,4,17,0,'2025-06-25 18:57:50','2025-06-25 18:57:50'),(13655,5,5,17,0,'2025-06-25 18:57:50','2025-06-25 18:57:50'),(13656,5,6,17,0,'2025-06-25 18:57:50','2025-06-25 18:57:50'),(13657,5,7,17,0,'2025-06-25 18:57:50','2025-06-25 18:57:50'),(13658,5,1,18,0,'2025-06-25 18:57:50','2025-06-25 18:57:50'),(13659,5,2,18,0,'2025-06-25 18:57:50','2025-06-25 18:57:50'),(13660,5,3,18,0,'2025-06-25 18:57:50','2025-06-25 18:57:50'),(13661,5,4,18,0,'2025-06-25 18:57:50','2025-06-25 18:57:50'),(13662,5,5,18,0,'2025-06-25 18:57:50','2025-06-25 18:57:50'),(13663,5,6,18,0,'2025-06-25 18:57:50','2025-06-25 18:57:50'),(13664,5,7,18,0,'2025-06-25 18:57:50','2025-06-25 18:57:50'),(13665,5,1,19,0,'2025-06-25 18:57:50','2025-06-25 18:57:50'),(13666,5,2,19,0,'2025-06-25 18:57:50','2025-06-25 18:57:50'),(13667,5,3,19,0,'2025-06-25 18:57:50','2025-06-25 18:57:50'),(13668,5,4,19,0,'2025-06-25 18:57:50','2025-06-25 18:57:50'),(13669,5,5,19,0,'2025-06-25 18:57:50','2025-06-25 18:57:50'),(13670,5,6,19,0,'2025-06-25 18:57:50','2025-06-25 18:57:50'),(13671,5,7,19,0,'2025-06-25 18:57:50','2025-06-25 18:57:50'),(13672,5,1,20,0,'2025-06-25 18:57:50','2025-06-25 18:57:50'),(13673,5,2,20,0,'2025-06-25 18:57:50','2025-06-25 18:57:50'),(13674,5,3,20,0,'2025-06-25 18:57:50','2025-06-25 18:57:50'),(13675,5,4,20,0,'2025-06-25 18:57:50','2025-06-25 18:57:50'),(13676,5,5,20,0,'2025-06-25 18:57:50','2025-06-25 18:57:50'),(13677,5,6,20,0,'2025-06-25 18:57:50','2025-06-25 18:57:50'),(13678,5,7,20,0,'2025-06-25 18:57:50','2025-06-25 18:57:50'),(13679,5,1,21,0,'2025-06-25 18:57:50','2025-06-25 18:57:50'),(13680,5,2,21,0,'2025-06-25 18:57:50','2025-06-25 18:57:50'),(13681,5,3,21,0,'2025-06-25 18:57:50','2025-06-25 18:57:50'),(13682,5,4,21,0,'2025-06-25 18:57:50','2025-06-25 18:57:50'),(13683,5,5,21,0,'2025-06-25 18:57:50','2025-06-25 18:57:50'),(13684,5,6,21,0,'2025-06-25 18:57:50','2025-06-25 18:57:50'),(13685,5,7,21,0,'2025-06-25 18:57:50','2025-06-25 18:57:50'),(13686,5,1,22,0,'2025-06-25 18:57:50','2025-06-25 18:57:50'),(13687,5,2,22,0,'2025-06-25 18:57:50','2025-06-25 18:57:50'),(13688,5,3,22,0,'2025-06-25 18:57:50','2025-06-25 18:57:50'),(13689,5,4,22,0,'2025-06-25 18:57:50','2025-06-25 18:57:50'),(13690,5,5,22,0,'2025-06-25 18:57:50','2025-06-25 18:57:50'),(13691,5,6,22,0,'2025-06-25 18:57:50','2025-06-25 18:57:50'),(13692,5,7,22,0,'2025-06-25 18:57:50','2025-06-25 18:57:50'),(13693,6,1,1,0,'2025-06-25 18:57:51','2025-06-25 18:57:51'),(13694,6,2,1,0,'2025-06-25 18:57:51','2025-06-25 18:57:51'),(13695,6,3,1,0,'2025-06-25 18:57:51','2025-06-25 18:57:51'),(13696,6,4,1,0,'2025-06-25 18:57:51','2025-06-25 18:57:51'),(13697,6,5,1,0,'2025-06-25 18:57:51','2025-06-25 18:57:51'),(13698,6,6,1,0,'2025-06-25 18:57:51','2025-06-25 18:57:51'),(13699,6,7,1,0,'2025-06-25 18:57:51','2025-06-25 18:57:51'),(13700,6,1,2,0,'2025-06-25 18:57:51','2025-06-25 18:57:51'),(13701,6,2,2,0,'2025-06-25 18:57:51','2025-06-25 18:57:51'),(13702,6,3,2,0,'2025-06-25 18:57:51','2025-06-25 18:57:51'),(13703,6,4,2,0,'2025-06-25 18:57:51','2025-06-25 18:57:51'),(13704,6,5,2,0,'2025-06-25 18:57:51','2025-06-25 18:57:51'),(13705,6,6,2,0,'2025-06-25 18:57:51','2025-06-25 18:57:51'),(13706,6,7,2,0,'2025-06-25 18:57:51','2025-06-25 18:57:51'),(13707,6,1,3,0,'2025-06-25 18:57:51','2025-06-25 18:57:51'),(13708,6,2,3,0,'2025-06-25 18:57:51','2025-06-25 18:57:51'),(13709,6,3,3,0,'2025-06-25 18:57:51','2025-06-25 18:57:51'),(13710,6,4,3,0,'2025-06-25 18:57:51','2025-06-25 18:57:51'),(13711,6,5,3,0,'2025-06-25 18:57:51','2025-06-25 18:57:51'),(13712,6,6,3,0,'2025-06-25 18:57:51','2025-06-25 18:57:51'),(13713,6,7,3,0,'2025-06-25 18:57:51','2025-06-25 18:57:51'),(13714,6,1,4,0,'2025-06-25 18:57:51','2025-06-25 18:57:51'),(13715,6,2,4,0,'2025-06-25 18:57:51','2025-06-25 18:57:51'),(13716,6,3,4,0,'2025-06-25 18:57:51','2025-06-25 18:57:51'),(13717,6,4,4,0,'2025-06-25 18:57:51','2025-06-25 18:57:51'),(13718,6,5,4,0,'2025-06-25 18:57:51','2025-06-25 18:57:51'),(13719,6,6,4,0,'2025-06-25 18:57:51','2025-06-25 18:57:51'),(13720,6,7,4,0,'2025-06-25 18:57:51','2025-06-25 18:57:51'),(13721,6,1,5,0,'2025-06-25 18:57:51','2025-06-25 18:57:51'),(13722,6,2,5,0,'2025-06-25 18:57:51','2025-06-25 18:57:51'),(13723,6,3,5,0,'2025-06-25 18:57:51','2025-06-25 18:57:51'),(13724,6,4,5,0,'2025-06-25 18:57:51','2025-06-25 18:57:51'),(13725,6,5,5,0,'2025-06-25 18:57:51','2025-06-25 18:57:51'),(13726,6,6,5,0,'2025-06-25 18:57:51','2025-06-25 18:57:51'),(13727,6,7,5,0,'2025-06-25 18:57:51','2025-06-25 18:57:51'),(13728,6,1,10,0,'2025-06-25 18:57:51','2025-06-25 18:57:51'),(13729,6,2,10,0,'2025-06-25 18:57:51','2025-06-25 18:57:51'),(13730,6,3,10,0,'2025-06-25 18:57:51','2025-06-25 18:57:51'),(13731,6,4,10,0,'2025-06-25 18:57:51','2025-06-25 18:57:51'),(13732,6,5,10,0,'2025-06-25 18:57:51','2025-06-25 18:57:51'),(13733,6,6,10,0,'2025-06-25 18:57:51','2025-06-25 18:57:51'),(13734,6,7,10,0,'2025-06-25 18:57:51','2025-06-25 18:57:51'),(13735,6,1,11,0,'2025-06-25 18:57:51','2025-06-25 18:57:51'),(13736,6,2,11,0,'2025-06-25 18:57:51','2025-06-25 18:57:51'),(13737,6,3,11,0,'2025-06-25 18:57:51','2025-06-25 18:57:51'),(13738,6,4,11,0,'2025-06-25 18:57:51','2025-06-25 18:57:51'),(13739,6,5,11,0,'2025-06-25 18:57:51','2025-06-25 18:57:51'),(13740,6,6,11,0,'2025-06-25 18:57:51','2025-06-25 18:57:51'),(13741,6,7,11,0,'2025-06-25 18:57:51','2025-06-25 18:57:51'),(13742,6,1,12,0,'2025-06-25 18:57:51','2025-06-25 18:57:51'),(13743,6,2,12,0,'2025-06-25 18:57:51','2025-06-25 18:57:51'),(13744,6,3,12,0,'2025-06-25 18:57:51','2025-06-25 18:57:51'),(13745,6,4,12,0,'2025-06-25 18:57:51','2025-06-25 18:57:51'),(13746,6,5,12,0,'2025-06-25 18:57:51','2025-06-25 18:57:51'),(13747,6,6,12,0,'2025-06-25 18:57:51','2025-06-25 18:57:51'),(13748,6,7,12,0,'2025-06-25 18:57:51','2025-06-25 18:57:51'),(13749,6,1,13,0,'2025-06-25 18:57:51','2025-06-25 18:57:51'),(13750,6,2,13,0,'2025-06-25 18:57:51','2025-06-25 18:57:51'),(13751,6,3,13,0,'2025-06-25 18:57:51','2025-06-25 18:57:51'),(13752,6,4,13,0,'2025-06-25 18:57:51','2025-06-25 18:57:51'),(13753,6,5,13,0,'2025-06-25 18:57:51','2025-06-25 18:57:51'),(13754,6,6,13,0,'2025-06-25 18:57:51','2025-06-25 18:57:51'),(13755,6,7,13,0,'2025-06-25 18:57:51','2025-06-25 18:57:51'),(13756,6,1,14,0,'2025-06-25 18:57:51','2025-06-25 18:57:51'),(13757,6,2,14,0,'2025-06-25 18:57:51','2025-06-25 18:57:51'),(13758,6,3,14,0,'2025-06-25 18:57:51','2025-06-25 18:57:51'),(13759,6,4,14,0,'2025-06-25 18:57:51','2025-06-25 18:57:51'),(13760,6,5,14,0,'2025-06-25 18:57:51','2025-06-25 18:57:51'),(13761,6,6,14,0,'2025-06-25 18:57:51','2025-06-25 18:57:51'),(13762,6,7,14,0,'2025-06-25 18:57:51','2025-06-25 18:57:51'),(13763,6,1,15,0,'2025-06-25 18:57:51','2025-06-25 18:57:51'),(13764,6,2,15,0,'2025-06-25 18:57:51','2025-06-25 18:57:51'),(13765,6,3,15,0,'2025-06-25 18:57:51','2025-06-25 18:57:51'),(13766,6,4,15,0,'2025-06-25 18:57:51','2025-06-25 18:57:51'),(13767,6,5,15,0,'2025-06-25 18:57:51','2025-06-25 18:57:51'),(13768,6,6,15,0,'2025-06-25 18:57:51','2025-06-25 18:57:51'),(13769,6,7,15,0,'2025-06-25 18:57:51','2025-06-25 18:57:51'),(13770,6,1,16,0,'2025-06-25 18:57:51','2025-06-25 18:57:51'),(13771,6,2,16,0,'2025-06-25 18:57:51','2025-06-25 18:57:51'),(13772,6,3,16,0,'2025-06-25 18:57:51','2025-06-25 18:57:51'),(13773,6,4,16,0,'2025-06-25 18:57:51','2025-06-25 18:57:51'),(13774,6,5,16,0,'2025-06-25 18:57:51','2025-06-25 18:57:51'),(13775,6,6,16,0,'2025-06-25 18:57:51','2025-06-25 18:57:51'),(13776,6,7,16,0,'2025-06-25 18:57:51','2025-06-25 18:57:51'),(13777,6,1,17,0,'2025-06-25 18:57:51','2025-06-25 18:57:51'),(13778,6,2,17,0,'2025-06-25 18:57:51','2025-06-25 18:57:51'),(13779,6,3,17,0,'2025-06-25 18:57:51','2025-06-25 18:57:51'),(13780,6,4,17,0,'2025-06-25 18:57:51','2025-06-25 18:57:51'),(13781,6,5,17,0,'2025-06-25 18:57:51','2025-06-25 18:57:51'),(13782,6,6,17,0,'2025-06-25 18:57:51','2025-06-25 18:57:51'),(13783,6,7,17,0,'2025-06-25 18:57:51','2025-06-25 18:57:51'),(13784,6,1,18,0,'2025-06-25 18:57:51','2025-06-25 18:57:51'),(13785,6,2,18,0,'2025-06-25 18:57:51','2025-06-25 18:57:51'),(13786,6,3,18,0,'2025-06-25 18:57:51','2025-06-25 18:57:51'),(13787,6,4,18,0,'2025-06-25 18:57:51','2025-06-25 18:57:51'),(13788,6,5,18,0,'2025-06-25 18:57:51','2025-06-25 18:57:51'),(13789,6,6,18,0,'2025-06-25 18:57:51','2025-06-25 18:57:51'),(13790,6,7,18,0,'2025-06-25 18:57:51','2025-06-25 18:57:51'),(13791,6,1,19,0,'2025-06-25 18:57:51','2025-06-25 18:57:51'),(13792,6,2,19,0,'2025-06-25 18:57:51','2025-06-25 18:57:51'),(13793,6,3,19,0,'2025-06-25 18:57:51','2025-06-25 18:57:51'),(13794,6,4,19,0,'2025-06-25 18:57:51','2025-06-25 18:57:51'),(13795,6,5,19,0,'2025-06-25 18:57:51','2025-06-25 18:57:51'),(13796,6,6,19,0,'2025-06-25 18:57:51','2025-06-25 18:57:51'),(13797,6,7,19,0,'2025-06-25 18:57:51','2025-06-25 18:57:51'),(13798,6,1,20,0,'2025-06-25 18:57:51','2025-06-25 18:57:51'),(13799,6,2,20,0,'2025-06-25 18:57:51','2025-06-25 18:57:51'),(13800,6,3,20,0,'2025-06-25 18:57:51','2025-06-25 18:57:51'),(13801,6,4,20,0,'2025-06-25 18:57:51','2025-06-25 18:57:51'),(13802,6,5,20,0,'2025-06-25 18:57:51','2025-06-25 18:57:51'),(13803,6,6,20,0,'2025-06-25 18:57:51','2025-06-25 18:57:51'),(13804,6,7,20,0,'2025-06-25 18:57:51','2025-06-25 18:57:51'),(13805,6,1,21,0,'2025-06-25 18:57:51','2025-06-25 18:57:51'),(13806,6,2,21,0,'2025-06-25 18:57:51','2025-06-25 18:57:51'),(13807,6,3,21,0,'2025-06-25 18:57:51','2025-06-25 18:57:51'),(13808,6,4,21,0,'2025-06-25 18:57:51','2025-06-25 18:57:51'),(13809,6,5,21,0,'2025-06-25 18:57:51','2025-06-25 18:57:51'),(13810,6,6,21,0,'2025-06-25 18:57:51','2025-06-25 18:57:51'),(13811,6,7,21,0,'2025-06-25 18:57:51','2025-06-25 18:57:51'),(13812,6,1,22,0,'2025-06-25 18:57:51','2025-06-25 18:57:51'),(13813,6,2,22,0,'2025-06-25 18:57:51','2025-06-25 18:57:51'),(13814,6,3,22,0,'2025-06-25 18:57:51','2025-06-25 18:57:51'),(13815,6,4,22,0,'2025-06-25 18:57:51','2025-06-25 18:57:51'),(13816,6,5,22,0,'2025-06-25 18:57:51','2025-06-25 18:57:51'),(13817,6,6,22,0,'2025-06-25 18:57:51','2025-06-25 18:57:51'),(13818,6,7,22,0,'2025-06-25 18:57:51','2025-06-25 18:57:51'),(13819,7,1,1,0,'2025-06-25 18:57:52','2025-06-25 18:57:52'),(13820,7,2,1,0,'2025-06-25 18:57:52','2025-06-25 18:57:52'),(13821,7,3,1,0,'2025-06-25 18:57:52','2025-06-25 18:57:52'),(13822,7,4,1,0,'2025-06-25 18:57:52','2025-06-25 18:57:52'),(13823,7,5,1,0,'2025-06-25 18:57:52','2025-06-25 18:57:52'),(13824,7,6,1,0,'2025-06-25 18:57:52','2025-06-25 18:57:52'),(13825,7,7,1,0,'2025-06-25 18:57:52','2025-06-25 18:57:52'),(13826,7,1,2,0,'2025-06-25 18:57:52','2025-06-25 18:57:52'),(13827,7,2,2,0,'2025-06-25 18:57:52','2025-06-25 18:57:52'),(13828,7,3,2,0,'2025-06-25 18:57:52','2025-06-25 18:57:52'),(13829,7,4,2,0,'2025-06-25 18:57:52','2025-06-25 18:57:52'),(13830,7,5,2,0,'2025-06-25 18:57:52','2025-06-25 18:57:52'),(13831,7,6,2,0,'2025-06-25 18:57:52','2025-06-25 18:57:52'),(13832,7,7,2,0,'2025-06-25 18:57:52','2025-06-25 18:57:52'),(13833,7,1,3,0,'2025-06-25 18:57:52','2025-06-25 18:57:52'),(13834,7,2,3,0,'2025-06-25 18:57:52','2025-06-25 18:57:52'),(13835,7,3,3,0,'2025-06-25 18:57:52','2025-06-25 18:57:52'),(13836,7,4,3,0,'2025-06-25 18:57:52','2025-06-25 18:57:52'),(13837,7,5,3,0,'2025-06-25 18:57:52','2025-06-25 18:57:52'),(13838,7,6,3,0,'2025-06-25 18:57:52','2025-06-25 18:57:52'),(13839,7,7,3,0,'2025-06-25 18:57:52','2025-06-25 18:57:52'),(13840,7,1,4,0,'2025-06-25 18:57:52','2025-06-25 18:57:52'),(13841,7,2,4,0,'2025-06-25 18:57:52','2025-06-25 18:57:52'),(13842,7,3,4,0,'2025-06-25 18:57:52','2025-06-25 18:57:52'),(13843,7,4,4,0,'2025-06-25 18:57:52','2025-06-25 18:57:52'),(13844,7,5,4,0,'2025-06-25 18:57:52','2025-06-25 18:57:52'),(13845,7,6,4,0,'2025-06-25 18:57:52','2025-06-25 18:57:52'),(13846,7,7,4,0,'2025-06-25 18:57:52','2025-06-25 18:57:52'),(13847,7,1,5,0,'2025-06-25 18:57:52','2025-06-25 18:57:52'),(13848,7,2,5,0,'2025-06-25 18:57:52','2025-06-25 18:57:52'),(13849,7,3,5,0,'2025-06-25 18:57:52','2025-06-25 18:57:52'),(13850,7,4,5,0,'2025-06-25 18:57:52','2025-06-25 18:57:52'),(13851,7,5,5,0,'2025-06-25 18:57:52','2025-06-25 18:57:52'),(13852,7,6,5,0,'2025-06-25 18:57:52','2025-06-25 18:57:52'),(13853,7,7,5,0,'2025-06-25 18:57:52','2025-06-25 18:57:52'),(13854,7,1,10,0,'2025-06-25 18:57:52','2025-06-25 18:57:52'),(13855,7,2,10,0,'2025-06-25 18:57:52','2025-06-25 18:57:52'),(13856,7,3,10,0,'2025-06-25 18:57:52','2025-06-25 18:57:52'),(13857,7,4,10,0,'2025-06-25 18:57:52','2025-06-25 18:57:52'),(13858,7,5,10,0,'2025-06-25 18:57:52','2025-06-25 18:57:52'),(13859,7,6,10,0,'2025-06-25 18:57:52','2025-06-25 18:57:52'),(13860,7,7,10,0,'2025-06-25 18:57:52','2025-06-25 18:57:52'),(13861,7,1,11,0,'2025-06-25 18:57:52','2025-06-25 18:57:52'),(13862,7,2,11,0,'2025-06-25 18:57:52','2025-06-25 18:57:52'),(13863,7,3,11,0,'2025-06-25 18:57:52','2025-06-25 18:57:52'),(13864,7,4,11,0,'2025-06-25 18:57:52','2025-06-25 18:57:52'),(13865,7,5,11,0,'2025-06-25 18:57:52','2025-06-25 18:57:52'),(13866,7,6,11,0,'2025-06-25 18:57:52','2025-06-25 18:57:52'),(13867,7,7,11,0,'2025-06-25 18:57:52','2025-06-25 18:57:52'),(13868,7,1,12,0,'2025-06-25 18:57:52','2025-06-25 18:57:52'),(13869,7,2,12,0,'2025-06-25 18:57:52','2025-06-25 18:57:52'),(13870,7,3,12,0,'2025-06-25 18:57:52','2025-06-25 18:57:52'),(13871,7,4,12,0,'2025-06-25 18:57:52','2025-06-25 18:57:52'),(13872,7,5,12,0,'2025-06-25 18:57:52','2025-06-25 18:57:52'),(13873,7,6,12,0,'2025-06-25 18:57:52','2025-06-25 18:57:52'),(13874,7,7,12,0,'2025-06-25 18:57:52','2025-06-25 18:57:52'),(13875,7,1,13,0,'2025-06-25 18:57:52','2025-06-25 18:57:52'),(13876,7,2,13,0,'2025-06-25 18:57:52','2025-06-25 18:57:52'),(13877,7,3,13,0,'2025-06-25 18:57:52','2025-06-25 18:57:52'),(13878,7,4,13,0,'2025-06-25 18:57:52','2025-06-25 18:57:52'),(13879,7,5,13,0,'2025-06-25 18:57:52','2025-06-25 18:57:52'),(13880,7,6,13,0,'2025-06-25 18:57:52','2025-06-25 18:57:52'),(13881,7,7,13,0,'2025-06-25 18:57:52','2025-06-25 18:57:52'),(13882,7,1,14,0,'2025-06-25 18:57:52','2025-06-25 18:57:52'),(13883,7,2,14,0,'2025-06-25 18:57:52','2025-06-25 18:57:52'),(13884,7,3,14,0,'2025-06-25 18:57:52','2025-06-25 18:57:52'),(13885,7,4,14,0,'2025-06-25 18:57:52','2025-06-25 18:57:52'),(13886,7,5,14,0,'2025-06-25 18:57:52','2025-06-25 18:57:52'),(13887,7,6,14,0,'2025-06-25 18:57:52','2025-06-25 18:57:52'),(13888,7,7,14,0,'2025-06-25 18:57:52','2025-06-25 18:57:52'),(13889,7,1,15,0,'2025-06-25 18:57:52','2025-06-25 18:57:52'),(13890,7,2,15,0,'2025-06-25 18:57:52','2025-06-25 18:57:52'),(13891,7,3,15,0,'2025-06-25 18:57:52','2025-06-25 18:57:52'),(13892,7,4,15,0,'2025-06-25 18:57:52','2025-06-25 18:57:52'),(13893,7,5,15,0,'2025-06-25 18:57:52','2025-06-25 18:57:52'),(13894,7,6,15,0,'2025-06-25 18:57:52','2025-06-25 18:57:52'),(13895,7,7,15,0,'2025-06-25 18:57:52','2025-06-25 18:57:52'),(13896,7,1,16,0,'2025-06-25 18:57:52','2025-06-25 18:57:52'),(13897,7,2,16,0,'2025-06-25 18:57:52','2025-06-25 18:57:52'),(13898,7,3,16,0,'2025-06-25 18:57:52','2025-06-25 18:57:52'),(13899,7,4,16,0,'2025-06-25 18:57:52','2025-06-25 18:57:52'),(13900,7,5,16,0,'2025-06-25 18:57:52','2025-06-25 18:57:52'),(13901,7,6,16,0,'2025-06-25 18:57:52','2025-06-25 18:57:52'),(13902,7,7,16,0,'2025-06-25 18:57:52','2025-06-25 18:57:52'),(13903,7,1,17,0,'2025-06-25 18:57:52','2025-06-25 18:57:52'),(13904,7,2,17,0,'2025-06-25 18:57:52','2025-06-25 18:57:52'),(13905,7,3,17,0,'2025-06-25 18:57:52','2025-06-25 18:57:52'),(13906,7,4,17,0,'2025-06-25 18:57:52','2025-06-25 18:57:52'),(13907,7,5,17,0,'2025-06-25 18:57:52','2025-06-25 18:57:52'),(13908,7,6,17,0,'2025-06-25 18:57:52','2025-06-25 18:57:52'),(13909,7,7,17,0,'2025-06-25 18:57:52','2025-06-25 18:57:52'),(13910,7,1,18,0,'2025-06-25 18:57:52','2025-06-25 18:57:52'),(13911,7,2,18,0,'2025-06-25 18:57:52','2025-06-25 18:57:52'),(13912,7,3,18,0,'2025-06-25 18:57:52','2025-06-25 18:57:52'),(13913,7,4,18,0,'2025-06-25 18:57:52','2025-06-25 18:57:52'),(13914,7,5,18,0,'2025-06-25 18:57:52','2025-06-25 18:57:52'),(13915,7,6,18,0,'2025-06-25 18:57:52','2025-06-25 18:57:52'),(13916,7,7,18,0,'2025-06-25 18:57:52','2025-06-25 18:57:52'),(13917,7,1,19,0,'2025-06-25 18:57:52','2025-06-25 18:57:52'),(13918,7,2,19,0,'2025-06-25 18:57:52','2025-06-25 18:57:52'),(13919,7,3,19,0,'2025-06-25 18:57:52','2025-06-25 18:57:52'),(13920,7,4,19,0,'2025-06-25 18:57:52','2025-06-25 18:57:52'),(13921,7,5,19,0,'2025-06-25 18:57:52','2025-06-25 18:57:52'),(13922,7,6,19,0,'2025-06-25 18:57:52','2025-06-25 18:57:52'),(13923,7,7,19,0,'2025-06-25 18:57:52','2025-06-25 18:57:52'),(13924,7,1,20,0,'2025-06-25 18:57:52','2025-06-25 18:57:52'),(13925,7,2,20,0,'2025-06-25 18:57:52','2025-06-25 18:57:52'),(13926,7,3,20,0,'2025-06-25 18:57:52','2025-06-25 18:57:52'),(13927,7,4,20,0,'2025-06-25 18:57:52','2025-06-25 18:57:52'),(13928,7,5,20,0,'2025-06-25 18:57:52','2025-06-25 18:57:52'),(13929,7,6,20,0,'2025-06-25 18:57:52','2025-06-25 18:57:52'),(13930,7,7,20,0,'2025-06-25 18:57:52','2025-06-25 18:57:52'),(13931,7,1,21,0,'2025-06-25 18:57:52','2025-06-25 18:57:52'),(13932,7,2,21,0,'2025-06-25 18:57:52','2025-06-25 18:57:52'),(13933,7,3,21,0,'2025-06-25 18:57:52','2025-06-25 18:57:52'),(13934,7,4,21,0,'2025-06-25 18:57:52','2025-06-25 18:57:52'),(13935,7,5,21,0,'2025-06-25 18:57:52','2025-06-25 18:57:52'),(13936,7,6,21,0,'2025-06-25 18:57:52','2025-06-25 18:57:52'),(13937,7,7,21,0,'2025-06-25 18:57:52','2025-06-25 18:57:52'),(13938,7,1,22,0,'2025-06-25 18:57:52','2025-06-25 18:57:52'),(13939,7,2,22,0,'2025-06-25 18:57:52','2025-06-25 18:57:52'),(13940,7,3,22,0,'2025-06-25 18:57:52','2025-06-25 18:57:52'),(13941,7,4,22,0,'2025-06-25 18:57:52','2025-06-25 18:57:52'),(13942,7,5,22,0,'2025-06-25 18:57:52','2025-06-25 18:57:52'),(13943,7,6,22,0,'2025-06-25 18:57:52','2025-06-25 18:57:52'),(13944,7,7,22,0,'2025-06-25 18:57:52','2025-06-25 18:57:52'),(13945,1,3,4,500,'2025-06-25 19:36:08','2025-06-25 19:36:08'),(13946,1,5,4,500,'2025-06-25 19:36:08','2025-06-25 19:36:08'),(13947,1,1,4,460,'2025-06-25 19:36:08','2025-06-25 19:36:08'),(13948,1,4,4,370,'2025-06-25 19:36:08','2025-06-25 19:36:08'),(13949,1,2,4,0,'2025-06-25 19:36:08','2025-06-25 19:36:08'),(13950,1,6,4,0,'2025-06-25 19:36:08','2025-06-25 19:36:08'),(13951,1,7,4,0,'2025-06-25 19:36:08','2025-06-25 19:36:08'),(13959,1,7,3,500,'2025-06-25 19:36:08','2025-06-25 19:36:08'),(13960,1,3,3,470,'2025-06-25 19:36:08','2025-06-25 19:36:08'),(13961,1,4,3,400,'2025-06-25 19:36:08','2025-06-25 19:36:08'),(13962,1,6,3,10,'2025-06-25 19:36:08','2025-06-25 19:36:08'),(13963,1,1,3,0,'2025-06-25 19:36:08','2025-06-25 19:36:08'),(13964,1,2,3,0,'2025-06-25 19:36:08','2025-06-25 19:36:08'),(13965,1,5,3,0,'2025-06-25 19:36:08','2025-06-25 19:36:08'),(13973,1,1,12,500,'2025-06-25 19:36:08','2025-06-25 19:36:08'),(13974,1,2,12,500,'2025-06-25 19:36:08','2025-06-25 19:36:08'),(13975,1,4,12,320,'2025-06-25 19:36:08','2025-06-25 19:36:08'),(13976,1,3,12,0,'2025-06-25 19:36:08','2025-06-25 19:36:08'),(13977,1,5,12,0,'2025-06-25 19:36:08','2025-06-25 19:36:08'),(13978,1,6,12,0,'2025-06-25 19:36:08','2025-06-25 19:36:08'),(13979,1,7,12,0,'2025-06-25 19:36:08','2025-06-25 19:36:08'),(13987,1,6,10,500,'2025-06-25 19:36:08','2025-06-25 19:36:08'),(13988,1,3,10,450,'2025-06-25 19:36:08','2025-06-25 19:36:08'),(13989,1,4,10,360,'2025-06-25 19:36:08','2025-06-25 19:36:08'),(13990,1,1,10,0,'2025-06-25 19:36:08','2025-06-25 19:36:08'),(13991,1,2,10,0,'2025-06-25 19:36:08','2025-06-25 19:36:08'),(13992,1,5,10,0,'2025-06-25 19:36:08','2025-06-25 19:36:08'),(13993,1,7,10,0,'2025-06-25 19:36:08','2025-06-25 19:36:08'),(14001,1,1,14,480,'2025-06-25 19:36:08','2025-06-25 19:36:08'),(14002,1,7,14,480,'2025-06-25 19:36:08','2025-06-25 19:36:08'),(14003,1,2,14,0,'2025-06-25 19:36:08','2025-06-25 19:36:08'),(14004,1,3,14,0,'2025-06-25 19:36:08','2025-06-25 19:36:08'),(14005,1,4,14,0,'2025-06-25 19:36:08','2025-06-25 19:36:08'),(14006,1,5,14,0,'2025-06-25 19:36:08','2025-06-25 19:36:08'),(14007,1,6,14,0,'2025-06-25 19:36:08','2025-06-25 19:36:08'),(14015,1,2,16,480,'2025-06-25 19:36:08','2025-06-25 19:36:08'),(14016,1,1,16,470,'2025-06-25 19:36:08','2025-06-25 19:36:08'),(14017,1,7,16,10,'2025-06-25 19:36:08','2025-06-25 19:36:08'),(14018,1,3,16,0,'2025-06-25 19:36:08','2025-06-25 19:36:08'),(14019,1,4,16,0,'2025-06-25 19:36:08','2025-06-25 19:36:08'),(14020,1,5,16,0,'2025-06-25 19:36:08','2025-06-25 19:36:08'),(14021,1,6,16,0,'2025-06-25 19:36:08','2025-06-25 19:36:08'),(14029,1,3,19,480,'2025-06-25 19:36:08','2025-06-25 19:36:08'),(14030,1,1,19,0,'2025-06-25 19:36:08','2025-06-25 19:36:08'),(14031,1,2,19,0,'2025-06-25 19:36:08','2025-06-25 19:36:08'),(14032,1,4,19,0,'2025-06-25 19:36:08','2025-06-25 19:36:08'),(14033,1,5,19,0,'2025-06-25 19:36:08','2025-06-25 19:36:08'),(14034,1,6,19,0,'2025-06-25 19:36:08','2025-06-25 19:36:08'),(14035,1,7,19,0,'2025-06-25 19:36:08','2025-06-25 19:36:08'),(14043,1,3,13,460,'2025-06-25 19:36:08','2025-06-25 19:36:08'),(14044,1,1,13,0,'2025-06-25 19:36:08','2025-06-25 19:36:08'),(14045,1,2,13,0,'2025-06-25 19:36:08','2025-06-25 19:36:08'),(14046,1,4,13,0,'2025-06-25 19:36:08','2025-06-25 19:36:08'),(14047,1,5,13,0,'2025-06-25 19:36:08','2025-06-25 19:36:08'),(14048,1,6,13,0,'2025-06-25 19:36:08','2025-06-25 19:36:08'),(14049,1,7,13,0,'2025-06-25 19:36:08','2025-06-25 19:36:08'),(14057,1,1,17,440,'2025-06-25 19:36:08','2025-06-25 19:36:08'),(14058,1,2,17,0,'2025-06-25 19:36:08','2025-06-25 19:36:08'),(14059,1,3,17,0,'2025-06-25 19:36:08','2025-06-25 19:36:08'),(14060,1,4,17,0,'2025-06-25 19:36:08','2025-06-25 19:36:08'),(14061,1,5,17,0,'2025-06-25 19:36:08','2025-06-25 19:36:08'),(14062,1,6,17,0,'2025-06-25 19:36:08','2025-06-25 19:36:08'),(14063,1,7,17,0,'2025-06-25 19:36:08','2025-06-25 19:36:08'),(14071,1,1,18,450,'2025-06-25 19:36:08','2025-06-25 19:36:08'),(14072,1,2,18,0,'2025-06-25 19:36:08','2025-06-25 19:36:08'),(14073,1,3,18,0,'2025-06-25 19:36:08','2025-06-25 19:36:08'),(14074,1,4,18,0,'2025-06-25 19:36:08','2025-06-25 19:36:08'),(14075,1,5,18,0,'2025-06-25 19:36:08','2025-06-25 19:36:08'),(14076,1,6,18,0,'2025-06-25 19:36:08','2025-06-25 19:36:08'),(14077,1,7,18,0,'2025-06-25 19:36:08','2025-06-25 19:36:08'),(14085,1,4,15,340,'2025-06-25 19:36:08','2025-06-25 19:36:08'),(14086,1,1,15,0,'2025-06-25 19:36:08','2025-06-25 19:36:08'),(14087,1,2,15,0,'2025-06-25 19:36:08','2025-06-25 19:36:08'),(14088,1,3,15,0,'2025-06-25 19:36:08','2025-06-25 19:36:08'),(14089,1,5,15,0,'2025-06-25 19:36:08','2025-06-25 19:36:08'),(14090,1,6,15,0,'2025-06-25 19:36:08','2025-06-25 19:36:08'),(14091,1,7,15,0,'2025-06-25 19:36:08','2025-06-25 19:36:08'),(14113,1,1,2,0,'2025-06-25 19:36:08','2025-06-25 19:36:08'),(14114,1,2,2,0,'2025-06-25 19:36:08','2025-06-25 19:36:08'),(14115,1,3,2,0,'2025-06-25 19:36:08','2025-06-25 19:36:08'),(14116,1,4,2,0,'2025-06-25 19:36:08','2025-06-25 19:36:08'),(14117,1,5,2,0,'2025-06-25 19:36:08','2025-06-25 19:36:08'),(14118,1,6,2,0,'2025-06-25 19:36:08','2025-06-25 19:36:08'),(14119,1,7,2,0,'2025-06-25 19:36:08','2025-06-25 19:36:08'),(14127,1,1,5,0,'2025-06-25 19:36:08','2025-06-25 19:36:08'),(14128,1,2,5,0,'2025-06-25 19:36:08','2025-06-25 19:36:08'),(14129,1,3,5,0,'2025-06-25 19:36:08','2025-06-25 19:36:08'),(14130,1,4,5,0,'2025-06-25 19:36:08','2025-06-25 19:36:08'),(14131,1,5,5,0,'2025-06-25 19:36:08','2025-06-25 19:36:08'),(14132,1,6,5,0,'2025-06-25 19:36:08','2025-06-25 19:36:08'),(14133,1,7,5,0,'2025-06-25 19:36:08','2025-06-25 19:36:08'),(14141,1,1,11,0,'2025-06-25 19:36:08','2025-06-25 19:36:08'),(14142,1,2,11,0,'2025-06-25 19:36:08','2025-06-25 19:36:08'),(14143,1,3,11,0,'2025-06-25 19:36:08','2025-06-25 19:36:08'),(14144,1,4,11,0,'2025-06-25 19:36:08','2025-06-25 19:36:08'),(14145,1,5,11,0,'2025-06-25 19:36:08','2025-06-25 19:36:08'),(14146,1,6,11,0,'2025-06-25 19:36:08','2025-06-25 19:36:08'),(14147,1,7,11,0,'2025-06-25 19:36:08','2025-06-25 19:36:08'),(14155,1,1,20,0,'2025-06-25 19:36:08','2025-06-25 19:36:08'),(14156,1,2,20,0,'2025-06-25 19:36:08','2025-06-25 19:36:08'),(14157,1,3,20,0,'2025-06-25 19:36:08','2025-06-25 19:36:08'),(14158,1,4,20,0,'2025-06-25 19:36:08','2025-06-25 19:36:08'),(14159,1,5,20,0,'2025-06-25 19:36:08','2025-06-25 19:36:08'),(14160,1,6,20,0,'2025-06-25 19:36:08','2025-06-25 19:36:08'),(14161,1,7,20,0,'2025-06-25 19:36:08','2025-06-25 19:36:08'),(14169,1,1,21,0,'2025-06-25 19:36:08','2025-06-25 19:36:08'),(14170,1,2,21,0,'2025-06-25 19:36:08','2025-06-25 19:36:08'),(14171,1,3,21,0,'2025-06-25 19:36:08','2025-06-25 19:36:08'),(14172,1,4,21,0,'2025-06-25 19:36:08','2025-06-25 19:36:08'),(14173,1,5,21,0,'2025-06-25 19:36:08','2025-06-25 19:36:08'),(14174,1,6,21,0,'2025-06-25 19:36:08','2025-06-25 19:36:08'),(14175,1,7,21,0,'2025-06-25 19:36:08','2025-06-25 19:36:08'),(14183,1,1,22,0,'2025-06-25 19:36:08','2025-06-25 19:36:08'),(14184,1,2,22,0,'2025-06-25 19:36:08','2025-06-25 19:36:08'),(14185,1,3,22,0,'2025-06-25 19:36:08','2025-06-25 19:36:08'),(14186,1,4,22,0,'2025-06-25 19:36:08','2025-06-25 19:36:08'),(14187,1,5,22,0,'2025-06-25 19:36:08','2025-06-25 19:36:08'),(14188,1,6,22,0,'2025-06-25 19:36:08','2025-06-25 19:36:08'),(14189,1,7,22,0,'2025-06-25 19:36:08','2025-06-25 19:36:08'),(14190,1,1,1,500,'2025-06-25 19:36:08','2025-06-25 19:36:08'),(14191,1,2,1,500,'2025-06-25 19:36:08','2025-06-25 19:36:08'),(14192,1,3,1,500,'2025-06-25 19:36:08','2025-06-25 19:36:08'),(14193,1,4,1,400,'2025-06-25 19:36:08','2025-06-25 19:36:08'),(14194,1,5,1,500,'2025-06-25 19:36:08','2025-06-25 19:36:08'),(14195,1,6,1,500,'2025-06-25 19:36:08','2025-06-25 19:36:08'),(14196,1,7,1,500,'2025-06-25 19:36:08','2025-06-25 19:36:08');
/*!40000 ALTER TABLE `clubs_stage_category_rankings` ENABLE KEYS */;
UNLOCK TABLES;
DROP TABLE IF EXISTS `clubs_stage_rankings`;
/*!40101 SET @saved_cs_client     = @@character_set_client */;
/*!50503 SET character_set_client = utf8mb4 */;
CREATE TABLE `clubs_stage_rankings` (
  `id` int NOT NULL AUTO_INCREMENT,
  `stage_id` int NOT NULL,
  `club_id` int NOT NULL,
  `scor` int NOT NULL,
  `created_at` timestamp NULL DEFAULT CURRENT_TIMESTAMP ON UPDATE CURRENT_TIMESTAMP,
  `updated_at` timestamp NULL DEFAULT CURRENT_TIMESTAMP ON UPDATE CURRENT_TIMESTAMP,
  PRIMARY KEY (`id`)
) ENGINE=InnoDB AUTO_INCREMENT=4556 DEFAULT CHARSET=utf8mb4 COLLATE=utf8mb4_unicode_ci;
/*!40101 SET character_set_client = @saved_cs_client */;

LOCK TABLES `clubs_stage_rankings` WRITE;
/*!40000 ALTER TABLE `clubs_stage_rankings` DISABLE KEYS */;
INSERT INTO `clubs_stage_rankings` VALUES (4428,2,14,1940,'2025-06-25 18:57:46','2025-06-25 18:57:46'),(4429,2,3,1390,'2025-06-25 18:57:46','2025-06-25 18:57:46'),(4430,2,20,1370,'2025-06-25 18:57:46','2025-06-25 18:57:46'),(4431,2,11,970,'2025-06-25 18:57:46','2025-06-25 18:57:46'),(4432,2,4,850,'2025-06-25 18:57:46','2025-06-25 18:57:46'),(4433,2,12,470,'2025-06-25 18:57:47','2025-06-25 18:57:47'),(4434,2,15,370,'2025-06-25 18:57:47','2025-06-25 18:57:47'),(4435,2,21,330,'2025-06-25 18:57:47','2025-06-25 18:57:47'),(4436,2,10,320,'2025-06-25 18:57:47','2025-06-25 18:57:47'),(4437,2,22,320,'2025-06-25 18:57:47','2025-06-25 18:57:47'),(4438,2,1,0,'2025-06-25 18:57:47','2025-06-25 18:57:47'),(4440,2,5,0,'2025-06-25 18:57:47','2025-06-25 18:57:47'),(4441,2,13,0,'2025-06-25 18:57:47','2025-06-25 18:57:47'),(4442,2,16,0,'2025-06-25 18:57:47','2025-06-25 18:57:47'),(4443,2,17,0,'2025-06-25 18:57:47','2025-06-25 18:57:47'),(4444,2,18,0,'2025-06-25 18:57:47','2025-06-25 18:57:47'),(4445,2,19,0,'2025-06-25 18:57:47','2025-06-25 18:57:47'),(4446,2,2,2000,'2025-06-25 18:57:47','2025-06-25 18:57:47'),(4447,3,1,0,'2025-06-25 18:57:48','2025-06-25 18:57:48'),(4448,3,2,0,'2025-06-25 18:57:48','2025-06-25 18:57:48'),(4449,3,3,0,'2025-06-25 18:57:48','2025-06-25 18:57:48'),(4450,3,4,0,'2025-06-25 18:57:48','2025-06-25 18:57:48'),(4451,3,5,0,'2025-06-25 18:57:48','2025-06-25 18:57:48'),(4452,3,10,0,'2025-06-25 18:57:48','2025-06-25 18:57:48'),(4453,3,11,0,'2025-06-25 18:57:48','2025-06-25 18:57:48'),(4454,3,12,0,'2025-06-25 18:57:48','2025-06-25 18:57:48'),(4455,3,13,0,'2025-06-25 18:57:48','2025-06-25 18:57:48'),(4456,3,14,0,'2025-06-25 18:57:48','2025-06-25 18:57:48'),(4457,3,15,0,'2025-06-25 18:57:48','2025-06-25 18:57:48'),(4458,3,16,0,'2025-06-25 18:57:48','2025-06-25 18:57:48'),(4459,3,17,0,'2025-06-25 18:57:48','2025-06-25 18:57:48'),(4460,3,18,0,'2025-06-25 18:57:48','2025-06-25 18:57:48'),(4461,3,19,0,'2025-06-25 18:57:48','2025-06-25 18:57:48'),(4462,3,20,0,'2025-06-25 18:57:48','2025-06-25 18:57:48'),(4463,3,21,0,'2025-06-25 18:57:48','2025-06-25 18:57:48'),(4464,3,22,0,'2025-06-25 18:57:48','2025-06-25 18:57:48'),(4465,4,1,0,'2025-06-25 18:57:49','2025-06-25 18:57:49'),(4466,4,2,0,'2025-06-25 18:57:49','2025-06-25 18:57:49'),(4467,4,3,0,'2025-06-25 18:57:49','2025-06-25 18:57:49'),(4468,4,4,0,'2025-06-25 18:57:49','2025-06-25 18:57:49'),(4469,4,5,0,'2025-06-25 18:57:49','2025-06-25 18:57:49'),(4470,4,10,0,'2025-06-25 18:57:49','2025-06-25 18:57:49'),(4471,4,11,0,'2025-06-25 18:57:49','2025-06-25 18:57:49'),(4472,4,12,0,'2025-06-25 18:57:49','2025-06-25 18:57:49'),(4473,4,13,0,'2025-06-25 18:57:49','2025-06-25 18:57:49'),(4474,4,14,0,'2025-06-25 18:57:49','2025-06-25 18:57:49'),(4475,4,15,0,'2025-06-25 18:57:49','2025-06-25 18:57:49'),(4476,4,16,0,'2025-06-25 18:57:49','2025-06-25 18:57:49'),(4477,4,17,0,'2025-06-25 18:57:49','2025-06-25 18:57:49'),(4478,4,18,0,'2025-06-25 18:57:49','2025-06-25 18:57:49'),(4479,4,19,0,'2025-06-25 18:57:49','2025-06-25 18:57:49'),(4480,4,20,0,'2025-06-25 18:57:49','2025-06-25 18:57:49'),(4481,4,21,0,'2025-06-25 18:57:49','2025-06-25 18:57:49'),(4482,4,22,0,'2025-06-25 18:57:49','2025-06-25 18:57:49'),(4483,5,1,0,'2025-06-25 18:57:50','2025-06-25 18:57:50'),(4484,5,2,0,'2025-06-25 18:57:50','2025-06-25 18:57:50'),(4485,5,3,0,'2025-06-25 18:57:50','2025-06-25 18:57:50'),(4486,5,4,0,'2025-06-25 18:57:50','2025-06-25 18:57:50'),(4487,5,5,0,'2025-06-25 18:57:50','2025-06-25 18:57:50'),(4488,5,10,0,'2025-06-25 18:57:50','2025-06-25 18:57:50'),(4489,5,11,0,'2025-06-25 18:57:50','2025-06-25 18:57:50'),(4490,5,12,0,'2025-06-25 18:57:50','2025-06-25 18:57:50'),(4491,5,13,0,'2025-06-25 18:57:50','2025-06-25 18:57:50'),(4492,5,14,0,'2025-06-25 18:57:50','2025-06-25 18:57:50'),(4493,5,15,0,'2025-06-25 18:57:50','2025-06-25 18:57:50'),(4494,5,16,0,'2025-06-25 18:57:50','2025-06-25 18:57:50'),(4495,5,17,0,'2025-06-25 18:57:50','2025-06-25 18:57:50'),(4496,5,18,0,'2025-06-25 18:57:50','2025-06-25 18:57:50'),(4497,5,19,0,'2025-06-25 18:57:50','2025-06-25 18:57:50'),(4498,5,20,0,'2025-06-25 18:57:50','2025-06-25 18:57:50'),(4499,5,21,0,'2025-06-25 18:57:50','2025-06-25 18:57:50'),(4500,5,22,0,'2025-06-25 18:57:50','2025-06-25 18:57:50'),(4501,6,1,0,'2025-06-25 18:57:51','2025-06-25 18:57:51'),(4502,6,2,0,'2025-06-25 18:57:51','2025-06-25 18:57:51'),(4503,6,3,0,'2025-06-25 18:57:51','2025-06-25 18:57:51'),(4504,6,4,0,'2025-06-25 18:57:51','2025-06-25 18:57:51'),(4505,6,5,0,'2025-06-25 18:57:51','2025-06-25 18:57:51'),(4506,6,10,0,'2025-06-25 18:57:51','2025-06-25 18:57:51'),(4507,6,11,0,'2025-06-25 18:57:51','2025-06-25 18:57:51'),(4508,6,12,0,'2025-06-25 18:57:51','2025-06-25 18:57:51'),(4509,6,13,0,'2025-06-25 18:57:51','2025-06-25 18:57:51'),(4510,6,14,0,'2025-06-25 18:57:51','2025-06-25 18:57:51'),(4511,6,15,0,'2025-06-25 18:57:51','2025-06-25 18:57:51'),(4512,6,16,0,'2025-06-25 18:57:51','2025-06-25 18:57:51'),(4513,6,17,0,'2025-06-25 18:57:51','2025-06-25 18:57:51'),(4514,6,18,0,'2025-06-25 18:57:51','2025-06-25 18:57:51'),(4515,6,19,0,'2025-06-25 18:57:51','2025-06-25 18:57:51'),(4516,6,20,0,'2025-06-25 18:57:51','2025-06-25 18:57:51'),(4517,6,21,0,'2025-06-25 18:57:51','2025-06-25 18:57:51'),(4518,6,22,0,'2025-06-25 18:57:51','2025-06-25 18:57:51'),(4519,7,1,0,'2025-06-25 18:57:52','2025-06-25 18:57:52'),(4520,7,2,0,'2025-06-25 18:57:52','2025-06-25 18:57:52'),(4521,7,3,0,'2025-06-25 18:57:52','2025-06-25 18:57:52'),(4522,7,4,0,'2025-06-25 18:57:52','2025-06-25 18:57:52'),(4523,7,5,0,'2025-06-25 18:57:52','2025-06-25 18:57:52'),(4524,7,10,0,'2025-06-25 18:57:52','2025-06-25 18:57:52'),(4525,7,11,0,'2025-06-25 18:57:52','2025-06-25 18:57:52'),(4526,7,12,0,'2025-06-25 18:57:52','2025-06-25 18:57:52'),(4527,7,13,0,'2025-06-25 18:57:52','2025-06-25 18:57:52'),(4528,7,14,0,'2025-06-25 18:57:52','2025-06-25 18:57:52'),(4529,7,15,0,'2025-06-25 18:57:52','2025-06-25 18:57:52'),(4530,7,16,0,'2025-06-25 18:57:52','2025-06-25 18:57:52'),(4531,7,17,0,'2025-06-25 18:57:52','2025-06-25 18:57:52'),(4532,7,18,0,'2025-06-25 18:57:52','2025-06-25 18:57:52'),(4533,7,19,0,'2025-06-25 18:57:52','2025-06-25 18:57:52'),(4534,7,20,0,'2025-06-25 18:57:52','2025-06-25 18:57:52'),(4535,7,21,0,'2025-06-25 18:57:52','2025-06-25 18:57:52'),(4536,7,22,0,'2025-06-25 18:57:52','2025-06-25 18:57:52'),(4537,1,4,1870,'2025-06-25 19:36:08','2025-06-25 19:36:08'),(4538,1,3,1440,'2025-06-25 19:36:08','2025-06-25 19:36:08'),(4539,1,12,1340,'2025-06-25 19:36:08','2025-06-25 19:36:08'),(4540,1,10,1340,'2025-06-25 19:36:08','2025-06-25 19:36:08'),(4541,1,14,980,'2025-06-25 19:36:08','2025-06-25 19:36:08'),(4542,1,16,980,'2025-06-25 19:36:08','2025-06-25 19:36:08'),(4543,1,19,490,'2025-06-25 19:36:08','2025-06-25 19:36:08'),(4544,1,13,470,'2025-06-25 19:36:08','2025-06-25 19:36:08'),(4545,1,17,460,'2025-06-25 19:36:08','2025-06-25 19:36:08'),(4546,1,18,460,'2025-06-25 19:36:08','2025-06-25 19:36:08'),(4547,1,15,350,'2025-06-25 19:36:08','2025-06-25 19:36:08'),(4549,1,2,0,'2025-06-25 19:36:08','2025-06-25 19:36:08'),(4550,1,5,0,'2025-06-25 19:36:08','2025-06-25 19:36:08'),(4551,1,11,0,'2025-06-25 19:36:08','2025-06-25 19:36:08'),(4552,1,20,0,'2025-06-25 19:36:08','2025-06-25 19:36:08'),(4553,1,21,0,'2025-06-25 19:36:08','2025-06-25 19:36:08'),(4554,1,22,0,'2025-06-25 19:36:08','2025-06-25 19:36:08'),(4555,1,1,2200,'2025-06-25 19:36:08','2025-06-25 19:36:08');
/*!40000 ALTER TABLE `clubs_stage_rankings` ENABLE KEYS */;
UNLOCK TABLES;
DROP TABLE IF EXISTS `cultural`;
/*!40101 SET @saved_cs_client     = @@character_set_client */;
/*!50503 SET character_set_client = utf8mb4 */;
CREATE TABLE `cultural` (
  `id` int NOT NULL AUTO_INCREMENT,
  `stage_id` int NOT NULL,
  `club_id` int NOT NULL,
  `scor` int NOT NULL,
  `created_at` timestamp NULL DEFAULT NULL,
  `updated_at` timestamp NULL DEFAULT NULL,
  PRIMARY KEY (`id`)
) ENGINE=InnoDB DEFAULT CHARSET=utf8mb4 COLLATE=utf8mb4_unicode_ci;
/*!40101 SET character_set_client = @saved_cs_client */;

LOCK TABLES `cultural` WRITE;
/*!40000 ALTER TABLE `cultural` DISABLE KEYS */;
/*!40000 ALTER TABLE `cultural` ENABLE KEYS */;
UNLOCK TABLES;
DROP TABLE IF EXISTS `knowledges`;
/*!40101 SET @saved_cs_client     = @@character_set_client */;
/*!50503 SET character_set_client = utf8mb4 */;
CREATE TABLE `knowledges` (
  `id` int NOT NULL AUTO_INCREMENT,
  `stage_id` int NOT NULL,
  `team_id` int NOT NULL,
  `wrong_answers` int NOT NULL,
  `time` text CHARACTER SET utf8mb3 COLLATE utf8mb3_general_ci NOT NULL,
  `abandon` int NOT NULL,
  `wrong_questions` varchar(255) CHARACTER SET utf8mb3 COLLATE utf8mb3_general_ci NOT NULL,
  `created_at` timestamp NULL DEFAULT NULL,
  `updated_at` timestamp NULL DEFAULT NULL,
  PRIMARY KEY (`id`)
) ENGINE=InnoDB AUTO_INCREMENT=57 DEFAULT CHARSET=utf8mb4 COLLATE=utf8mb4_unicode_ci;
/*!40101 SET character_set_client = @saved_cs_client */;

LOCK TABLES `knowledges` WRITE;
/*!40000 ALTER TABLE `knowledges` DISABLE KEYS */;
INSERT INTO `knowledges` VALUES (1,1,20,0,'00:01:22',0,'0','2025-06-08 05:54:35','2025-06-08 07:16:53'),(2,1,21,0,'00:01:25',0,'0','2025-06-08 07:17:19','2025-06-08 07:17:19'),(3,1,22,1,'00:01:41',0,'0','2025-06-08 07:17:50','2025-06-08 07:17:50'),(4,1,23,1,'00:01:10',0,'0','2025-06-08 07:18:10','2025-06-08 07:18:10'),(5,1,24,0,'00:02:54',0,'0','2025-06-08 07:18:36','2025-06-08 07:18:54'),(6,1,25,0,'00:01:24',0,'0','2025-06-08 07:19:13','2025-06-08 07:19:20'),(7,1,26,4,'00:02:20',0,'0','2025-06-08 07:19:47','2025-06-08 07:19:47'),(8,1,17,2,'00:01:34',0,'0','2025-06-08 07:23:11','2025-06-08 07:23:11'),(9,1,18,2,'00:02:44',0,'0','2025-06-08 07:23:26','2025-06-08 07:23:35'),(10,1,1,0,'00:01:02',0,'0','2025-06-08 07:24:01','2025-06-08 07:24:01'),(11,1,2,1,'00:01:38',0,'0','2025-06-08 07:24:17','2025-06-08 07:24:26'),(12,1,3,0,'00:01:01',0,'0','2025-06-08 07:24:43','2025-06-08 07:24:43'),(13,1,4,9,'00:00:22',0,'0','2025-06-08 07:25:07','2025-06-08 07:25:07'),(14,1,5,1,'00:01:20',0,'0','2025-06-08 07:25:25','2025-06-08 07:25:25'),(15,1,6,10,'00:00:14',0,'0','2025-06-08 07:25:40','2025-06-08 07:25:40'),(16,1,9,0,'00:01:07',0,'0','2025-06-08 07:26:01','2025-06-08 07:26:01'),(17,1,10,2,'00:01:22',0,'0','2025-06-08 07:26:19','2025-06-08 07:26:19'),(18,1,11,1,'00:00:52',0,'0','2025-06-08 07:26:50','2025-06-08 07:26:50'),(19,1,12,0,'00:01:31',0,'0','2025-06-08 07:27:09','2025-06-08 07:27:09'),(20,1,13,0,'00:00:51',0,'0','2025-06-08 07:27:25','2025-06-08 07:27:25'),(21,1,14,0,'00:01:21',0,'0','2025-06-08 07:27:47','2025-06-08 07:27:47'),(22,1,15,0,'00:01:10',0,'0','2025-06-08 07:28:04','2025-06-08 07:28:04'),(23,1,27,0,'00:00:00',1,'0','2025-06-08 07:28:28','2025-06-08 07:28:28'),(24,1,29,6,'00:01:57',0,'0','2025-06-08 07:28:47','2025-06-08 07:28:47'),(25,1,19,0,'00:00:51',0,'0','2025-06-08 07:29:46','2025-06-08 07:29:46'),(26,1,16,2,'00:01:29',0,'0','2025-06-08 07:30:15','2025-06-08 07:30:15'),(27,1,7,0,'00:01:00',0,'0','2025-06-08 07:30:45','2025-06-08 07:30:45'),(28,1,28,0,'00:01:00',0,'0','2025-06-08 07:31:03','2025-06-08 07:31:03'),(29,1,30,0,'00:01:24',0,'0','2025-06-08 07:35:41','2025-06-08 07:35:41'),(30,1,31,0,'00:00:00',1,'0','2025-06-08 16:27:49','2025-06-13 11:42:13'),(31,1,32,0,'00:00:00',1,'0','2025-06-13 16:18:19','2025-06-13 16:18:19'),(32,2,35,0,'00:01:23',0,'0','2025-06-21 03:25:06','2025-06-21 03:40:06'),(33,2,36,1,'00:02:18',0,'4','2025-06-21 03:26:18','2025-06-21 10:16:15'),(34,2,37,3,'00:01:42',0,'4,12,14','2025-06-21 03:27:28','2025-06-21 10:16:34'),(35,2,57,3,'00:03:47',0,'1,4,7','2025-06-21 03:28:06','2025-06-21 10:16:46'),(36,2,34,0,'00:01:31',0,'0','2025-06-21 03:29:28','2025-06-21 03:37:36'),(37,2,41,0,'00:01:16',0,'0','2025-06-21 03:29:55','2025-06-21 03:38:13'),(38,2,42,3,'00:01:34',0,'10,12,13','2025-06-21 03:30:57','2025-06-21 10:20:42'),(39,2,43,0,'00:01:32',0,'0','2025-06-21 03:31:25','2025-06-21 03:38:53'),(40,2,44,0,'00:01:17',0,'0','2025-06-21 03:31:46','2025-06-21 03:39:05'),(41,2,48,0,'00:01:38',0,'0','2025-06-21 03:32:23','2025-06-21 03:39:16'),(42,2,49,0,'00:01:28',0,'0','2025-06-21 03:32:40','2025-06-21 03:39:28'),(43,2,50,1,'00:02:28',0,'12','2025-06-21 03:33:07','2025-06-21 10:20:15'),(44,2,51,2,'00:00:57',0,'12,13','2025-06-21 03:35:04','2025-06-21 11:02:46'),(45,2,52,1,'00:00:58',0,'10','2025-06-21 03:35:51','2025-06-21 11:03:15'),(46,2,55,0,'00:00:51',0,'0','2025-06-21 03:36:11','2025-06-21 11:03:34'),(47,2,45,0,'00:01:43',0,'0','2025-06-21 03:41:13','2025-06-21 03:41:13'),(48,2,53,2,'00:01:32',0,'3,10','2025-06-21 03:41:28','2025-06-21 10:19:23'),(49,2,46,0,'00:01:49',0,'0','2025-06-21 03:41:46','2025-06-21 03:41:46'),(50,2,33,0,'00:01:39',0,'0','2025-06-21 03:42:46','2025-06-21 03:42:46'),(51,2,40,0,'00:00:53',0,'0','2025-06-21 03:43:33','2025-06-21 11:03:57'),(52,2,56,1,'00:04:07',0,'6','2025-06-21 03:43:56','2025-06-21 10:18:42'),(53,2,39,0,'00:00:00',1,'0','2025-06-21 03:44:51','2025-06-21 03:44:51'),(54,2,47,2,'00:01:32',0,'3,12','2025-06-21 03:45:19','2025-06-21 10:17:53'),(55,2,54,0,'00:01:48',0,'0','2025-06-21 03:45:36','2025-06-21 03:45:36'),(56,2,58,2,'00:01:47',0,'7,8','2025-06-21 03:45:52','2025-06-21 10:17:10');
/*!40000 ALTER TABLE `knowledges` ENABLE KEYS */;
UNLOCK TABLES;
DROP TABLE IF EXISTS `organizer_stages`;
/*!40101 SET @saved_cs_client     = @@character_set_client */;
/*!50503 SET character_set_client = utf8mb4 */;
CREATE TABLE `organizer_stages` (
  `id` int NOT NULL AUTO_INCREMENT,
  `software` varchar(255) CHARACTER SET utf8mb3 COLLATE utf8mb3_general_ci NOT NULL,
  `created_at` timestamp NULL DEFAULT NULL,
  `updated_at` timestamp NULL DEFAULT NULL,
  PRIMARY KEY (`id`)
) ENGINE=InnoDB AUTO_INCREMENT=7 DEFAULT CHARSET=utf8mb4 COLLATE=utf8mb4_unicode_ci;
/*!40101 SET character_set_client = @saved_cs_client */;

LOCK TABLES `organizer_stages` WRITE;
/*!40000 ALTER TABLE `organizer_stages` DISABLE KEYS */;
INSERT INTO `organizer_stages` VALUES (1,'Software Stafeta Muntilor v6.2.1 by Asociatia Drumetii Montane','2025-06-24 21:00:00','2025-06-24 21:00:00');
/*!40000 ALTER TABLE `organizer_stages` ENABLE KEYS */;
UNLOCK TABLES;
DROP TABLE IF EXISTS `orienteering`;
/*!40101 SET @saved_cs_client     = @@character_set_client */;
/*!50503 SET character_set_client = utf8mb4 */;
CREATE TABLE `orienteering` (
  `id` int NOT NULL AUTO_INCREMENT,
  `stage_id` int NOT NULL,
  `team_id` int NOT NULL,
  `start_time` varchar(255) CHARACTER SET utf8mb4 COLLATE utf8mb4_unicode_ci NOT NULL,
  `finish_time` varchar(255) CHARACTER SET utf8mb4 COLLATE utf8mb4_unicode_ci NOT NULL,
  `total_time` varchar(255) CHARACTER SET utf8mb4 COLLATE utf8mb4_unicode_ci NOT NULL,
  `abandon` int NOT NULL,
  `missed_posts` varchar(500) CHARACTER SET utf8mb4 COLLATE utf8mb4_unicode_ci DEFAULT NULL,
  `order_posts` varchar(500) CHARACTER SET utf8mb4 COLLATE utf8mb4_unicode_ci DEFAULT NULL,
  `created_at` timestamp NULL DEFAULT NULL,
  `updated_at` timestamp NULL DEFAULT NULL,
  PRIMARY KEY (`id`)
) ENGINE=InnoDB AUTO_INCREMENT=58 DEFAULT CHARSET=utf8mb4 COLLATE=utf8mb4_unicode_ci;
/*!40101 SET character_set_client = @saved_cs_client */;

LOCK TABLES `orienteering` WRITE;
/*!40000 ALTER TABLE `orienteering` DISABLE KEYS */;
INSERT INTO `orienteering` VALUES (1,1,1,'00:30:05','01:05:10','00:35:05',0,'','{\"Start punch\":\"00:30:05\",\"Punch1\":\"00:04:16\",\"Punch2\":\"00:07:46\",\"Punch3\":\"00:08:46\",\"Punch4\":\"00:10:10\",\"Punch5\":\"00:11:57\",\"Punch6\":\"00:13:31\",\"Punch7\":\"00:14:26\",\"Punch8\":\"00:16:12\",\"Punch9\":\"00:17:33\",\"Punch10\":\"00:19:51\",\"Punch11\":\"00:21:06\",\"Punch12\":\"00:22:06\",\"Punch13\":\"00:23:22\",\"Punch14\":\"00:24:53\",\"Punch15\":\"00:31:11\",\"Punch16\":\"00:33:50\",\"Punch17\":\"00:34:48\",\"Finish punch\":\"01:05:10\"}','2025-06-07 15:08:19','2025-06-07 15:16:56'),(2,1,2,'00:46:07','01:28:35','00:42:28',0,'','{\"Start punch\":\"00:46:07\",\"Punch1\":\"00:04:27\",\"Punch2\":\"00:09:48\",\"Punch3\":\"00:11:10\",\"Punch4\":\"00:12:55\",\"Punch5\":\"00:16:46\",\"Punch6\":\"00:18:41\",\"Punch7\":\"00:19:49\",\"Punch8\":\"00:21:31\",\"Punch9\":\"00:23:11\",\"Punch10\":\"00:27:03\",\"Punch11\":\"00:28:51\",\"Punch12\":\"00:30:41\",\"Punch13\":\"00:32:22\",\"Punch14\":\"00:34:35\",\"Punch15\":\"00:36:51\",\"Punch16\":\"00:39:07\",\"Punch17\":\"00:41:58\",\"Finish punch\":\"01:28:35\"}','2025-06-07 15:08:19','2025-06-07 15:16:56'),(3,1,3,'00:34:02','01:19:25','00:45:23',0,'','{\"Start punch\":\"00:34:02\",\"Punch1\":\"00:05:53\",\"Punch2\":\"00:12:03\",\"Punch3\":\"00:13:33\",\"Punch4\":\"00:15:05\",\"Punch5\":\"00:17:19\",\"Punch6\":\"00:19:13\",\"Punch7\":\"00:20:16\",\"Punch8\":\"00:22:01\",\"Punch9\":\"00:26:38\",\"Punch10\":\"00:31:42\",\"Punch11\":\"00:33:34\",\"Punch12\":\"00:35:02\",\"Punch13\":\"00:36:32\",\"Punch14\":\"00:37:47\",\"Punch15\":\"00:39:25\",\"Punch16\":\"00:41:56\",\"Punch17\":\"00:45:00\",\"Finish punch\":\"01:19:25\"}','2025-06-07 15:08:19','2025-06-07 15:16:56'),(4,1,4,'00:20:02','01:14:45','00:54:43',0,'','{\"Start punch\":\"00:20:02\",\"Punch1\":\"00:05:52\",\"Punch2\":\"00:09:53\",\"Punch3\":\"00:11:25\",\"Punch4\":\"00:22:44\",\"Punch5\":\"00:23:55\",\"Punch6\":\"00:25:44\",\"Punch7\":\"00:26:43\",\"Punch8\":\"00:29:02\",\"Punch9\":\"00:30:31\",\"Punch10\":\"00:33:21\",\"Punch11\":\"00:34:38\",\"Punch12\":\"00:36:47\",\"Punch13\":\"00:39:34\",\"Punch14\":\"00:41:18\",\"Punch15\":\"00:46:14\",\"Punch16\":\"00:51:31\",\"Punch17\":\"00:54:08\",\"Finish punch\":\"01:14:45\"}','2025-06-07 15:08:19','2025-06-07 15:16:56'),(5,1,5,'00:37:03','01:37:32','01:00:29',0,'','{\"Start punch\":\"00:37:03\",\"Punch1\":\"00:07:43\",\"Punch2\":\"00:11:03\",\"Punch3\":\"00:14:59\",\"Punch4\":\"00:21:00\",\"Punch5\":\"00:23:30\",\"Punch6\":\"00:25:44\",\"Punch7\":\"00:27:10\",\"Punch8\":\"00:33:41\",\"Punch9\":\"00:35:29\",\"Punch10\":\"00:38:43\",\"Punch11\":\"00:46:22\",\"Punch12\":\"00:47:27\",\"Punch13\":\"00:49:34\",\"Punch14\":\"00:52:15\",\"Punch15\":\"00:54:32\",\"Punch16\":\"00:58:34\",\"Punch17\":\"01:00:00\",\"Finish punch\":\"01:37:32\"}','2025-06-07 15:08:19','2025-06-07 15:16:56'),(6,1,6,'00:25:19','01:30:11','01:04:52',0,'','{\"Start punch\":\"00:25:19\",\"Punch1\":\"00:06:03\",\"Punch2\":\"00:12:24\",\"Punch3\":\"00:13:36\",\"Punch4\":\"00:15:18\",\"Punch5\":\"00:18:53\",\"Punch6\":\"00:20:34\",\"Punch7\":\"00:21:47\",\"Punch8\":\"00:25:31\",\"Punch9\":\"00:27:17\",\"Punch10\":\"00:40:28\",\"Punch11\":\"00:47:31\",\"Punch12\":\"00:49:10\",\"Punch13\":\"00:51:00\",\"Punch14\":\"00:53:02\",\"Punch15\":\"00:55:57\",\"Punch16\":\"01:00:42\",\"Punch17\":\"01:04:24\",\"Finish punch\":\"01:30:11\"}','2025-06-07 15:08:19','2025-06-07 15:16:56'),(7,1,7,'00:40:04','01:23:05','00:43:01',0,'','{\"Start punch\":\"00:40:04\",\"Punch1\":\"00:04:32\",\"Punch2\":\"00:07:54\",\"Punch3\":\"00:09:08\",\"Punch4\":\"00:11:48\",\"Punch5\":\"00:15:08\",\"Punch6\":\"00:17:24\",\"Punch7\":\"00:18:28\",\"Punch8\":\"00:20:23\",\"Punch9\":\"00:22:06\",\"Punch10\":\"00:24:51\",\"Punch11\":\"00:26:54\",\"Punch12\":\"00:28:19\",\"Punch13\":\"00:30:00\",\"Punch14\":\"00:31:44\",\"Punch15\":\"00:37:38\",\"Punch16\":\"00:39:25\",\"Punch17\":\"00:42:38\",\"Finish punch\":\"01:23:05\"}','2025-06-07 15:08:19','2025-06-07 15:16:56'),(9,1,9,'00:29:04','01:09:09','00:40:05',0,'','{\"Start punch\":\"00:29:04\",\"Punch1\":\"00:04:05\",\"Punch2\":\"00:06:13\",\"Punch3\":\"00:07:32\",\"Punch4\":\"00:09:52\",\"Punch5\":\"00:16:09\",\"Punch6\":\"00:22:00\",\"Punch7\":\"00:23:58\",\"Punch8\":\"00:29:38\",\"Punch9\":\"00:30:55\",\"Punch10\":\"00:32:41\",\"Punch11\":\"00:35:21\",\"Punch12\":\"00:37:51\",\"Punch13\":\"00:39:24\",\"Finish punch\":\"01:09:09\"}','2025-06-07 15:08:19','2025-06-07 15:16:56'),(10,1,10,'00:26:02','01:09:05','00:43:03',0,'','{\"Start punch\":\"00:26:02\",\"Punch1\":\"00:03:16\",\"Punch2\":\"00:08:21\",\"Punch3\":\"00:09:21\",\"Punch4\":\"00:11:42\",\"Punch5\":\"00:19:02\",\"Punch6\":\"00:25:43\",\"Punch7\":\"00:27:35\",\"Punch8\":\"00:32:31\",\"Punch9\":\"00:33:35\",\"Punch10\":\"00:35:09\",\"Punch11\":\"00:38:25\",\"Punch12\":\"00:40:19\",\"Punch13\":\"00:42:34\",\"Finish punch\":\"01:09:05\"}','2025-06-07 15:08:19','2025-06-07 15:16:56'),(11,1,11,'00:36:03','01:19:53','00:43:50',0,'','{\"Start punch\":\"00:36:03\",\"Punch1\":\"00:03:41\",\"Punch2\":\"00:06:10\",\"Punch3\":\"00:07:41\",\"Punch4\":\"00:09:43\",\"Punch5\":\"00:13:00\",\"Punch6\":\"00:19:44\",\"Punch7\":\"00:22:47\",\"Punch8\":\"00:29:10\",\"Punch9\":\"00:30:38\",\"Punch10\":\"00:34:20\",\"Punch11\":\"00:38:23\",\"Punch12\":\"00:41:39\",\"Punch13\":\"00:43:10\",\"Finish punch\":\"01:19:53\"}','2025-06-07 15:08:19','2025-06-07 15:16:56'),(12,1,12,'00:23:02','01:11:19','00:48:17',0,'','{\"Start punch\":\"00:23:02\",\"Punch1\":\"00:03:24\",\"Punch2\":\"00:06:59\",\"Punch3\":\"00:08:48\",\"Punch4\":\"00:10:25\",\"Punch5\":\"00:12:52\",\"Punch6\":\"00:23:06\",\"Punch7\":\"00:25:18\",\"Punch8\":\"00:33:20\",\"Punch9\":\"00:36:40\",\"Punch10\":\"00:38:26\",\"Punch11\":\"00:43:52\",\"Punch12\":\"00:45:59\",\"Punch13\":\"00:47:46\",\"Finish punch\":\"01:11:19\"}','2025-06-07 15:08:19','2025-06-07 15:16:56'),(13,1,13,'00:48:03','01:36:59','00:48:56',0,'','{\"Start punch\":\"00:48:03\",\"Punch1\":\"00:02:04\",\"Punch2\":\"00:03:25\",\"Punch3\":\"00:04:32\",\"Punch4\":\"00:06:57\",\"Punch5\":\"00:13:07\",\"Punch6\":\"00:22:58\",\"Punch7\":\"00:27:20\",\"Punch8\":\"00:36:56\",\"Punch9\":\"00:39:04\",\"Punch10\":\"00:40:49\",\"Punch11\":\"00:44:59\",\"Punch12\":\"00:47:28\",\"Punch13\":\"00:48:19\",\"Finish punch\":\"01:36:59\"}','2025-06-07 15:08:19','2025-06-07 15:16:56'),(14,1,14,'00:43:00','01:37:28','00:54:28',0,'','{\"Start punch\":\"00:43:00\",\"Punch1\":\"00:07:19\",\"Punch2\":\"00:09:24\",\"Punch3\":\"00:11:14\",\"Punch4\":\"00:13:14\",\"Punch5\":\"00:20:40\",\"Punch6\":\"00:31:21\",\"Punch7\":\"00:33:43\",\"Punch8\":\"00:41:50\",\"Punch9\":\"00:43:55\",\"Punch10\":\"00:46:18\",\"Punch11\":\"00:49:52\",\"Punch12\":\"00:52:23\",\"Punch13\":\"00:53:49\",\"Finish punch\":\"01:37:28\"}','2025-06-07 15:08:19','2025-06-07 15:16:56'),(15,1,15,'00:39:02','01:44:18','01:05:16',0,'','{\"Start punch\":\"00:39:02\",\"Punch1\":\"00:03:50\",\"Punch2\":\"00:07:08\",\"Punch3\":\"00:08:43\",\"Punch4\":\"00:12:01\",\"Punch5\":\"00:22:45\",\"Punch6\":\"00:35:00\",\"Punch7\":\"00:40:42\",\"Punch8\":\"00:49:29\",\"Punch9\":\"00:51:09\",\"Punch10\":\"00:56:14\",\"Punch11\":\"01:00:22\",\"Punch12\":\"01:03:27\",\"Punch13\":\"01:04:51\",\"Finish punch\":\"01:44:18\"}','2025-06-07 15:08:19','2025-06-07 15:16:56'),(16,1,16,'00:27:19','02:09:45','01:42:26',0,'','{\"Start punch\":\"00:27:19\",\"Punch1\":\"00:05:54\",\"Punch2\":\"00:11:15\",\"Punch3\":\"00:13:42\",\"Punch4\":\"00:18:35\",\"Punch5\":\"00:38:13\",\"Punch6\":\"00:52:36\",\"Punch7\":\"00:56:59\",\"Punch8\":\"01:15:39\",\"Punch9\":\"01:23:17\",\"Punch10\":\"01:27:16\",\"Punch11\":\"01:33:39\",\"Punch12\":\"01:38:04\",\"Punch13\":\"01:40:58\",\"Finish punch\":\"02:09:45\"}','2025-06-07 15:08:19','2025-06-07 15:16:56'),(17,1,17,'00:49:02','01:13:23','00:24:21',0,'','{\"Start punch\":\"00:49:02\",\"Punch1\":\"00:01:22\",\"Punch2\":\"00:03:35\",\"Punch3\":\"00:04:42\",\"Punch4\":\"00:05:54\",\"Punch5\":\"00:07:42\",\"Punch6\":\"00:11:17\",\"Punch7\":\"00:12:42\",\"Punch8\":\"00:16:38\",\"Punch9\":\"00:17:45\",\"Punch10\":\"00:19:02\",\"Punch11\":\"00:21:04\",\"Punch12\":\"00:22:48\",\"Punch13\":\"00:24:01\",\"Finish punch\":\"01:13:23\"}','2025-06-07 15:08:19','2025-06-07 15:16:56'),(18,1,18,'00:44:59','02:10:50','01:25:51',0,'','{\"Start punch\":\"00:44:59\",\"Punch1\":\"00:05:50\",\"Punch2\":\"00:07:52\",\"Punch3\":\"00:09:33\",\"Punch4\":\"00:11:50\",\"Punch5\":\"00:21:21\",\"Punch6\":\"00:35:04\",\"Punch7\":\"00:38:47\",\"Punch8\":\"00:57:49\",\"Punch9\":\"01:04:11\",\"Punch10\":\"01:08:43\",\"Punch11\":\"01:15:15\",\"Punch12\":\"01:23:43\",\"Punch13\":\"01:25:01\",\"Finish punch\":\"02:10:50\"}','2025-06-07 15:08:19','2025-06-07 15:16:56'),(19,1,19,'00:31:58','01:01:47','00:29:49',0,'','{\"Start punch\":\"00:31:58\",\"Punch1\":\"00:03:41\",\"Punch2\":\"00:05:05\",\"Punch3\":\"00:07:33\",\"Punch4\":\"00:10:43\",\"Punch5\":\"00:13:16\",\"Punch6\":\"00:20:44\",\"Punch7\":\"00:21:55\",\"Punch8\":\"00:23:18\",\"Punch9\":\"00:28:04\",\"Punch10\":\"00:29:14\",\"Finish punch\":\"01:01:47\"}','2025-06-07 15:08:19','2025-06-07 15:16:56'),(20,1,20,'00:44:02','01:04:38','00:20:36',0,'','{\"Start punch\":\"00:44:02\",\"Punch1\":\"00:03:14\",\"Punch2\":\"00:05:01\",\"Punch3\":\"00:06:36\",\"Punch4\":\"00:09:02\",\"Punch5\":\"00:11:28\",\"Punch6\":\"00:13:03\",\"Punch7\":\"00:13:58\",\"Punch8\":\"00:15:07\",\"Punch9\":\"00:18:58\",\"Punch10\":\"00:19:48\",\"Finish punch\":\"01:04:38\"}','2025-06-07 15:08:19','2025-06-07 15:16:56'),(21,1,21,'00:41:20','01:13:07','00:31:47',0,'','{\"Start punch\":\"00:41:20\",\"Punch1\":\"00:07:09\",\"Punch2\":\"00:08:47\",\"Punch3\":\"00:11:06\",\"Punch4\":\"00:14:07\",\"Punch5\":\"00:17:00\",\"Punch6\":\"00:20:13\",\"Punch7\":\"00:21:56\",\"Punch8\":\"00:23:43\",\"Punch9\":\"00:29:18\",\"Punch10\":\"00:31:03\",\"Finish punch\":\"01:13:07\"}','2025-06-07 15:08:19','2025-06-07 15:16:56'),(22,1,22,'00:47:00','01:46:24','00:59:24',0,'','{\"Start punch\":\"00:47:00\",\"Punch1\":\"00:13:18\",\"Punch2\":\"00:15:36\",\"Punch3\":\"00:19:23\",\"Punch4\":\"00:26:05\",\"Punch5\":\"00:31:03\",\"Punch6\":\"00:34:02\",\"Punch7\":\"00:36:05\",\"Punch8\":\"00:38:47\",\"Punch9\":\"00:56:13\",\"Punch10\":\"00:58:08\",\"Finish punch\":\"01:46:24\"}','2025-06-07 15:08:19','2025-06-07 15:16:56'),(23,1,23,'00:38:02','01:48:17','01:10:15',0,'','{\"Start punch\":\"00:38:02\",\"Punch1\":\"00:06:35\",\"Punch2\":\"00:10:12\",\"Punch3\":\"00:17:11\",\"Punch4\":\"00:24:44\",\"Punch5\":\"00:34:00\",\"Punch6\":\"00:41:12\",\"Punch7\":\"00:45:17\",\"Punch8\":\"00:48:12\",\"Punch9\":\"01:05:51\",\"Punch10\":\"01:08:20\",\"Finish punch\":\"01:48:17\"}','2025-06-07 15:08:19','2025-06-07 15:16:56'),(24,1,24,'00:35:02','01:54:48','01:19:46',0,'','{\"Start punch\":\"00:35:02\",\"Punch1\":\"00:12:31\",\"Punch2\":\"00:17:19\",\"Punch3\":\"00:24:02\",\"Punch4\":\"00:35:16\",\"Punch5\":\"00:44:56\",\"Punch6\":\"00:49:45\",\"Punch7\":\"00:53:32\",\"Punch8\":\"00:59:32\",\"Punch9\":\"01:12:58\",\"Punch10\":\"01:17:51\",\"Finish punch\":\"01:54:48\"}','2025-06-07 15:08:19','2025-06-07 15:16:56'),(25,1,25,'00:00:00','00:00:00','00:00:00',2,'POST LIPSA/ORDINE POST','{\"Start punch\":\"00:22:06\",\"Punch1\":\"00:12:57\",\"Punch2\":\"00:17:02\",\"Punch3\":\"00:26:57\",\"Punch4\":\"00:31:54\",\"Punch5\":\"00:51:25\",\"Punch6\":\"00:56:27\",\"Punch7\":\"01:02:15\",\"Punch8\":\"01:04:46\",\"Punch9\":\"00:00:00\",\"Punch10\":\"01:44:30\",\"Finish punch\":\"02:09:01\"}','2025-06-07 15:08:19','2025-06-07 15:16:56'),(26,1,26,'00:00:00','00:00:00','00:00:00',2,'POST LIPSA/ORDINE POST','{\"Start punch\":\"00:24:00\",\"Punch1\":\"00:11:09\",\"Punch2\":\"00:15:27\",\"Punch3\":\"00:22:10\",\"Punch4\":\"00:30:36\",\"Punch5\":\"00:49:26\",\"Punch6\":\"00:56:15\",\"Punch7\":\"01:00:31\",\"Punch8\":\"01:03:12\",\"Punch9\":\"00:00:00\",\"Punch10\":\"01:42:49\",\"Finish punch\":\"02:08:59\"}','2025-06-07 15:08:19','2025-06-07 15:16:56'),(27,1,27,'00:00:00','00:00:00','00:00:00',1,NULL,NULL,'2025-06-07 15:08:19','2025-06-07 15:08:19'),(28,1,28,'00:42:02','02:06:00','01:23:58',0,'','{\"Start punch\":\"00:42:02\",\"Punch1\":\"00:07:09\",\"Punch2\":\"00:22:15\",\"Punch3\":\"00:23:46\",\"Punch4\":\"00:38:11\",\"Punch5\":\"00:42:25\",\"Punch6\":\"00:44:46\",\"Punch7\":\"00:46:31\",\"Punch8\":\"00:49:19\",\"Punch9\":\"00:51:41\",\"Punch10\":\"00:57:01\",\"Punch11\":\"01:00:45\",\"Punch12\":\"01:02:57\",\"Punch13\":\"01:05:51\",\"Punch14\":\"01:09:47\",\"Punch15\":\"01:14:16\",\"Punch16\":\"01:21:21\",\"Punch17\":\"01:23:30\",\"Finish punch\":\"02:06:00\"}','2025-06-07 15:08:19','2025-06-07 15:16:56'),(29,1,30,'00:00:00','00:00:00','00:00:00',1,NULL,NULL,'2025-06-08 16:28:12','2025-06-08 16:28:12'),(30,1,31,'00:00:00','00:00:00','00:00:00',1,NULL,NULL,'2025-06-08 16:28:21','2025-06-08 16:28:21'),(31,1,29,'00:00:00','00:00:00','00:00:00',1,NULL,NULL,'2025-06-08 16:29:02','2025-06-08 16:29:02'),(32,1,32,'00:00:00','00:00:00','00:00:00',1,NULL,NULL,'2025-06-13 16:19:06','2025-06-13 16:19:06'),(33,2,33,'00:00:00','00:36:48','00:36:48',0,'','{\"Start punch\":\"00:31:35\",\"Punch1\":\"00:02:35\",\"Punch2\":\"00:08:06\",\"Punch3\":\"00:09:14\",\"Punch4\":\"00:16:01\",\"Punch5\":\"00:17:26\",\"Punch6\":\"00:29:21\",\"Punch7\":\"00:30:17\",\"Punch8\":\"00:31:59\",\"Punch9\":\"00:33:02\",\"Punch10\":\"00:36:26\",\"Punch11\":\"00:36:48\"}','2025-06-21 13:54:04','2025-06-21 15:27:04'),(34,2,34,'00:00:00','00:18:54','00:18:54',0,'','{\"Start punch\":\"00:29:20\",\"Punch1\":\"00:00:47\",\"Punch2\":\"00:01:54\",\"Punch3\":\"00:05:55\",\"Punch4\":\"00:06:39\",\"Punch5\":\"00:09:59\",\"Punch6\":\"00:12:06\",\"Punch7\":\"00:13:06\",\"Punch8\":\"00:13:47\",\"Punch9\":\"00:16:19\",\"Punch10\":\"00:17:33\",\"Punch11\":\"00:18:25\",\"Punch12\":\"00:18:54\"}','2025-06-21 13:54:04','2025-06-21 15:27:04'),(35,2,35,'00:00:00','00:16:47','00:16:47',0,'','{\"Start punch\":\"00:57:47\",\"Punch1\":\"00:03:21\",\"Punch2\":\"00:07:00\",\"Punch3\":\"00:07:45\",\"Punch4\":\"00:08:39\",\"Punch5\":\"00:10:26\",\"Punch6\":\"00:13:01\",\"Punch7\":\"00:14:06\",\"Punch8\":\"00:14:51\",\"Punch9\":\"00:15:48\",\"Punch10\":\"00:16:33\",\"Punch11\":\"00:16:47\"}','2025-06-21 13:54:04','2025-06-21 15:27:04'),(36,2,36,'00:00:00','00:28:04','00:28:04',0,'','{\"Start punch\":\"01:02:04\",\"Punch1\":\"00:01:20\",\"Punch2\":\"00:05:53\",\"Punch3\":\"00:07:27\",\"Punch4\":\"00:14:33\",\"Punch5\":\"00:20:21\",\"Punch6\":\"00:22:25\",\"Punch7\":\"00:24:45\",\"Punch8\":\"00:26:02\",\"Punch9\":\"00:27:00\",\"Punch10\":\"00:27:44\",\"Punch11\":\"00:28:04\"}','2025-06-21 13:54:04','2025-06-21 15:27:04'),(37,2,37,'00:00:00','00:19:25','00:19:25',0,'','{\"Start punch\":\"00:57:55\",\"Punch1\":\"00:03:00\",\"Punch2\":\"00:06:45\",\"Punch3\":\"00:07:52\",\"Punch4\":\"00:08:51\",\"Punch5\":\"00:10:38\",\"Punch6\":\"00:12:56\",\"Punch7\":\"00:14:21\",\"Punch8\":\"00:15:48\",\"Punch9\":\"00:18:02\",\"Punch10\":\"00:18:58\",\"Punch11\":\"00:19:25\"}','2025-06-21 13:54:04','2025-06-21 15:27:04'),(38,2,39,'00:00:00','00:00:00','00:00:00',1,NULL,NULL,'2025-06-21 13:54:04','2025-06-21 13:54:04'),(39,2,40,'00:00:00','00:16:31','00:16:31',0,'','{\"Start punch\":\"00:18:30\",\"Punch1\":\"00:00:45\",\"Punch2\":\"00:02:54\",\"Punch3\":\"00:03:46\",\"Punch4\":\"00:05:13\",\"Punch5\":\"00:07:56\",\"Punch6\":\"00:09:16\",\"Punch7\":\"00:11:27\",\"Punch8\":\"00:12:13\",\"Punch9\":\"00:13:31\",\"Punch10\":\"00:16:14\",\"Punch11\":\"00:16:31\"}','2025-06-21 13:54:04','2025-06-21 15:27:04'),(40,2,41,'00:00:00','00:00:00','00:00:00',2,'POST LIPSA/ORDINE POST','{\"Start punch\":\"00:18:45\",\"Punch1\":\"00:02:13\",\"Punch2\":\"00:02:56\",\"Punch3\":\"00:05:27\",\"Punch4\":\"00:06:09\",\"Punch5\":\"00:07:06\",\"Punch6\":\"00:08:38\",\"Punch7\":\"00:09:50\",\"Punch8\":\"00:10:25\",\"Punch9\":\"00:12:13\",\"Punch10\":\"00:00:00\",\"Punch11\":\"00:13:45\",\"Punch12\":\"00:14:16\"}','2025-06-21 13:54:04','2025-06-21 15:27:04'),(41,2,42,'00:00:00','00:24:13','00:24:13',0,'','{\"Start punch\":\"00:27:52\",\"Punch1\":\"00:03:07\",\"Punch2\":\"00:04:44\",\"Punch3\":\"00:09:15\",\"Punch4\":\"00:10:03\",\"Punch5\":\"00:11:00\",\"Punch6\":\"00:13:52\",\"Punch7\":\"00:15:35\",\"Punch8\":\"00:16:47\",\"Punch9\":\"00:20:21\",\"Punch10\":\"00:22:23\",\"Punch11\":\"00:23:32\",\"Punch12\":\"00:24:13\"}','2025-06-21 13:54:04','2025-06-21 15:27:04'),(42,2,43,'00:00:00','00:13:52','00:13:52',0,'','{\"Start punch\":\"00:26:43\",\"Punch1\":\"00:01:12\",\"Punch2\":\"00:01:42\",\"Punch3\":\"00:03:34\",\"Punch4\":\"00:04:14\",\"Punch5\":\"00:05:11\",\"Punch6\":\"00:06:47\",\"Punch7\":\"00:08:19\",\"Punch8\":\"00:08:54\",\"Punch9\":\"00:10:25\",\"Punch10\":\"00:12:36\",\"Punch11\":\"00:13:20\",\"Punch12\":\"00:13:52\"}','2025-06-21 13:54:04','2025-06-21 15:27:04'),(43,2,44,'00:00:00','00:12:29','00:12:29',0,'','{\"Start punch\":\"00:41:58\",\"Punch1\":\"00:00:36\",\"Punch2\":\"00:02:00\",\"Punch3\":\"00:02:57\",\"Punch4\":\"00:03:56\",\"Punch5\":\"00:04:41\",\"Punch6\":\"00:06:52\",\"Punch7\":\"00:08:59\",\"Punch8\":\"00:09:17\",\"Punch9\":\"00:10:32\",\"Punch10\":\"00:11:37\",\"Punch11\":\"00:12:07\",\"Punch12\":\"00:12:29\"}','2025-06-21 13:54:04','2025-06-21 15:27:04'),(44,2,45,'00:00:00','00:19:45','00:19:45',0,'','{\"Start punch\":\"00:34:55\",\"Punch1\":\"00:04:14\",\"Punch2\":\"00:06:49\",\"Punch3\":\"00:09:53\",\"Punch4\":\"00:10:38\",\"Punch5\":\"00:11:43\",\"Punch6\":\"00:13:49\",\"Punch7\":\"00:15:06\",\"Punch8\":\"00:15:57\",\"Punch9\":\"00:17:47\",\"Punch10\":\"00:18:39\",\"Punch11\":\"00:19:13\",\"Punch12\":\"00:19:45\"}','2025-06-21 13:54:04','2025-06-21 15:27:04'),(45,2,46,'00:00:00','00:20:21','00:20:21',0,'','{\"Start punch\":\"00:34:48\",\"Punch1\":\"00:01:18\",\"Punch2\":\"00:02:18\",\"Punch3\":\"00:04:04\",\"Punch4\":\"00:05:53\",\"Punch5\":\"00:07:54\",\"Punch6\":\"00:08:31\",\"Punch7\":\"00:09:32\",\"Punch8\":\"00:09:54\",\"Punch9\":\"00:11:35\",\"Punch10\":\"00:12:11\",\"Punch11\":\"00:14:15\",\"Punch12\":\"00:15:13\",\"Punch13\":\"00:17:22\",\"Punch14\":\"00:19:04\",\"Punch15\":\"00:19:47\",\"Punch16\":\"00:20:21\"}','2025-06-21 13:54:04','2025-06-21 15:27:04'),(46,2,47,'00:00:00','00:16:32','00:16:32',0,'','{\"Start punch\":\"00:47:03\",\"Punch1\":\"00:00:58\",\"Punch2\":\"00:01:49\",\"Punch3\":\"00:02:24\",\"Punch4\":\"00:03:33\",\"Punch5\":\"00:06:07\",\"Punch6\":\"00:07:13\",\"Punch7\":\"00:07:30\",\"Punch8\":\"00:09:00\",\"Punch9\":\"00:09:45\",\"Punch10\":\"00:10:24\",\"Punch11\":\"00:12:04\",\"Punch12\":\"00:12:56\",\"Punch13\":\"00:14:44\",\"Punch14\":\"00:15:34\",\"Punch15\":\"00:16:04\",\"Punch16\":\"00:16:32\"}','2025-06-21 13:54:04','2025-06-21 15:27:04'),(47,2,48,'00:00:00','00:00:00','00:00:00',2,'POST LIPSA/ORDINE POST','{\"Start punch\":\"00:16:17\",\"Punch1\":\"00:00:00\",\"Punch2\":\"00:00:00\",\"Punch3\":\"00:00:00\",\"Punch4\":\"00:10:34\",\"Punch5\":\"00:00:00\",\"Punch6\":\"00:27:25\",\"Punch7\":\"00:00:00\",\"Punch8\":\"00:00:00\",\"Punch9\":\"00:00:00\",\"Punch10\":\"00:00:00\",\"Punch11\":\"00:00:00\",\"Punch12\":\"00:28:42\"}','2025-06-21 13:54:04','2025-06-21 15:27:04'),(48,2,49,'00:00:00','00:00:00','00:00:00',2,'POST LIPSA/ORDINE POST','{\"Start punch\":\"00:22:40\",\"Punch1\":\"00:04:30\",\"Punch2\":\"00:05:14\",\"Punch3\":\"00:07:34\",\"Punch4\":\"00:08:08\",\"Punch5\":\"00:10:50\",\"Punch6\":\"00:00:00\",\"Punch7\":\"00:21:40\",\"Punch8\":\"00:22:35\",\"Punch9\":\"00:24:36\",\"Punch10\":\"00:26:07\",\"Punch11\":\"00:00:00\",\"Punch12\":\"00:26:37\"}','2025-06-21 13:54:04','2025-06-21 15:27:04'),(49,2,50,'00:00:00','00:26:05','00:26:05',0,'','{\"Start punch\":\"00:22:29\",\"Punch1\":\"00:04:38\",\"Punch2\":\"00:05:30\",\"Punch3\":\"00:07:55\",\"Punch4\":\"00:08:43\",\"Punch5\":\"00:11:15\",\"Punch6\":\"00:13:02\",\"Punch7\":\"00:14:24\",\"Punch8\":\"00:15:03\",\"Punch9\":\"00:18:31\",\"Punch10\":\"00:24:26\",\"Punch11\":\"00:25:31\",\"Punch12\":\"00:26:05\"}','2025-06-21 13:54:04','2025-06-21 15:27:04'),(50,2,51,'00:00:00','00:16:40','00:16:40',0,'','{\"Start punch\":\"00:32:48\",\"Punch1\":\"00:01:06\",\"Punch2\":\"00:01:41\",\"Punch3\":\"00:04:40\",\"Punch4\":\"00:05:11\",\"Punch5\":\"00:06:29\",\"Punch6\":\"00:08:34\",\"Punch7\":\"00:10:26\",\"Punch8\":\"00:11:14\",\"Punch9\":\"00:14:34\",\"Punch10\":\"00:15:41\",\"Punch11\":\"00:16:11\",\"Punch12\":\"00:16:40\"}','2025-06-21 13:54:04','2025-06-21 15:27:04'),(51,2,52,'00:00:00','00:14:25','00:14:25',0,'','{\"Start punch\":\"00:25:04\",\"Punch1\":\"00:01:16\",\"Punch2\":\"00:02:12\",\"Punch3\":\"00:04:41\",\"Punch4\":\"00:05:16\",\"Punch5\":\"00:06:23\",\"Punch6\":\"00:08:17\",\"Punch7\":\"00:09:30\",\"Punch8\":\"00:10:06\",\"Punch9\":\"00:11:44\",\"Punch10\":\"00:12:47\",\"Punch11\":\"00:13:33\",\"Punch12\":\"00:14:25\"}','2025-06-21 13:54:04','2025-06-21 15:27:04'),(52,2,53,'00:00:00','00:00:00','00:00:00',2,'POST LIPSA/ORDINE POST','{\"Start punch\":\"00:30:13\",\"Punch1\":\"00:01:58\",\"Punch2\":\"00:03:09\",\"Punch3\":\"00:06:27\",\"Punch4\":\"00:00:00\",\"Punch5\":\"00:09:12\",\"Punch6\":\"00:11:41\",\"Punch7\":\"00:14:31\",\"Punch8\":\"00:15:17\",\"Punch9\":\"00:17:44\",\"Punch10\":\"00:19:29\",\"Punch11\":\"00:21:32\",\"Punch12\":\"00:23:20\"}','2025-06-21 13:54:04','2025-06-21 15:27:04'),(53,2,54,'00:00:00','00:19:26','00:19:26',0,'','{\"Start punch\":\"00:45:27\",\"Punch1\":\"00:01:18\",\"Punch2\":\"00:02:18\",\"Punch3\":\"00:04:04\",\"Punch4\":\"00:05:07\",\"Punch5\":\"00:07:47\",\"Punch6\":\"00:08:46\",\"Punch7\":\"00:09:07\",\"Punch8\":\"00:10:22\",\"Punch9\":\"00:11:24\",\"Punch10\":\"00:12:01\",\"Punch11\":\"00:13:42\",\"Punch12\":\"00:14:34\",\"Punch13\":\"00:16:31\",\"Punch14\":\"00:17:21\",\"Punch15\":\"00:17:51\",\"Punch16\":\"00:19:26\"}','2025-06-21 13:54:04','2025-06-21 15:27:04'),(54,2,55,'00:00:00','00:19:54','00:19:54',0,'','{\"Start punch\":\"00:14:33\",\"Punch1\":\"00:03:55\",\"Punch2\":\"00:04:52\",\"Punch3\":\"00:06:52\",\"Punch4\":\"00:07:23\",\"Punch5\":\"00:12:31\",\"Punch6\":\"00:13:52\",\"Punch7\":\"00:14:55\",\"Punch8\":\"00:15:29\",\"Punch9\":\"00:16:56\",\"Punch10\":\"00:17:51\",\"Punch11\":\"00:19:26\",\"Punch12\":\"00:19:54\"}','2025-06-21 13:54:04','2025-06-21 15:27:04'),(55,2,56,'00:00:00','00:34:56','00:34:56',0,'','{\"Start punch\":\"00:29:52\",\"Punch1\":\"00:03:15\",\"Punch2\":\"00:06:32\",\"Punch3\":\"00:07:39\",\"Punch4\":\"00:08:50\",\"Punch5\":\"00:24:49\",\"Punch6\":\"00:26:17\",\"Punch7\":\"00:27:54\",\"Punch8\":\"00:28:50\",\"Punch9\":\"00:30:37\",\"Punch10\":\"00:34:35\",\"Punch11\":\"00:34:56\"}','2025-06-21 13:54:04','2025-06-21 15:27:04'),(56,2,57,'00:00:00','00:00:00','00:00:00',2,'POST LIPSA/ORDINE POST','{\"Start punch\":\"01:21:28\",\"Punch1\":\"00:02:52\",\"Punch2\":\"00:05:50\",\"Punch3\":\"00:07:18\",\"Punch4\":\"00:00:00\",\"Punch5\":\"00:12:00\",\"Punch6\":\"00:16:11\",\"Punch7\":\"00:18:12\",\"Punch8\":\"00:19:12\",\"Punch9\":\"00:20:55\",\"Punch10\":\"00:23:33\",\"Punch11\":\"00:24:16\"}','2025-06-21 13:54:04','2025-06-21 15:27:04'),(57,2,58,'00:00:00','00:17:46','00:17:46',0,'','{\"Start punch\":\"00:24:06\",\"Punch1\":\"00:01:11\",\"Punch2\":\"00:03:16\",\"Punch3\":\"00:03:53\",\"Punch4\":\"00:04:41\",\"Punch5\":\"00:06:19\",\"Punch6\":\"00:07:13\",\"Punch7\":\"00:07:33\",\"Punch8\":\"00:08:00\",\"Punch9\":\"00:10:44\",\"Punch10\":\"00:11:24\",\"Punch11\":\"00:12:31\",\"Punch12\":\"00:13:30\",\"Punch13\":\"00:15:34\",\"Punch14\":\"00:16:33\",\"Punch15\":\"00:17:12\",\"Punch16\":\"00:17:46\"}','2025-06-21 13:54:04','2025-06-21 15:27:04');
/*!40000 ALTER TABLE `orienteering` ENABLE KEYS */;
UNLOCK TABLES;
DROP TABLE IF EXISTS `orienteering_stations_stages`;
/*!40101 SET @saved_cs_client     = @@character_set_client */;
/*!50503 SET character_set_client = utf8mb4 */;
CREATE TABLE `orienteering_stations_stages` (
  `id` int NOT NULL AUTO_INCREMENT,
  `stage_id` int NOT NULL,
  `category_id` int NOT NULL,
  `post` varchar(255) CHARACTER SET utf8mb4 COLLATE utf8mb4_unicode_ci DEFAULT NULL,
  `created_at` timestamp NULL DEFAULT NULL,
  `updated_at` timestamp NULL DEFAULT NULL,
  PRIMARY KEY (`id`)
) ENGINE=InnoDB AUTO_INCREMENT=291 DEFAULT CHARSET=utf8mb4 COLLATE=utf8mb4_unicode_ci;
/*!40101 SET character_set_client = @saved_cs_client */;

LOCK TABLES `orienteering_stations_stages` WRITE;
/*!40000 ALTER TABLE `orienteering_stations_stages` DISABLE KEYS */;
INSERT INTO `orienteering_stations_stages` VALUES (1,1,1,'Start punch','2025-06-07 14:53:09','2025-06-07 14:53:09'),(2,1,1,'Punch1','2025-06-07 14:53:09','2025-06-07 14:53:09'),(3,1,1,'Punch2','2025-06-07 14:53:09','2025-06-07 14:53:09'),(4,1,1,'Punch3','2025-06-07 14:53:09','2025-06-07 14:53:09'),(5,1,1,'Punch4','2025-06-07 14:53:09','2025-06-07 14:53:09'),(6,1,1,'Punch5','2025-06-07 14:53:09','2025-06-07 14:53:09'),(7,1,1,'Punch6','2025-06-07 14:53:09','2025-06-07 14:53:09'),(8,1,1,'Punch7','2025-06-07 14:53:09','2025-06-07 14:53:09'),(9,1,1,'Punch8','2025-06-07 14:53:09','2025-06-07 14:53:09'),(10,1,1,'Punch9','2025-06-07 14:53:09','2025-06-07 14:53:09'),(11,1,1,'Punch10','2025-06-07 14:53:09','2025-06-07 14:53:09'),(12,1,1,'Finish punch','2025-06-07 14:53:09','2025-06-07 14:53:09'),(13,1,2,'Start punch','2025-06-07 14:54:53','2025-06-07 14:54:53'),(14,1,2,'Punch1','2025-06-07 14:54:53','2025-06-07 14:54:53'),(15,1,2,'Punch2','2025-06-07 14:54:53','2025-06-07 14:54:53'),(16,1,2,'Punch3','2025-06-07 14:54:53','2025-06-07 14:54:53'),(17,1,2,'Punch4','2025-06-07 14:54:53','2025-06-07 14:54:53'),(18,1,2,'Punch5','2025-06-07 14:54:53','2025-06-07 14:54:53'),(19,1,2,'Punch6','2025-06-07 14:54:53','2025-06-07 14:54:53'),(20,1,2,'Punch7','2025-06-07 14:54:53','2025-06-07 14:54:53'),(21,1,2,'Punch8','2025-06-07 14:54:53','2025-06-07 14:54:53'),(22,1,2,'Punch9','2025-06-07 14:54:53','2025-06-07 14:54:53'),(23,1,2,'Punch10','2025-06-07 14:54:53','2025-06-07 14:54:53'),(24,1,2,'Punch11','2025-06-07 14:54:53','2025-06-07 14:54:53'),(25,1,2,'Punch12','2025-06-07 14:54:53','2025-06-07 14:54:53'),(26,1,2,'Punch13','2025-06-07 14:54:53','2025-06-07 14:54:53'),(27,1,2,'Finish punch','2025-06-07 14:54:53','2025-06-07 14:54:53'),(28,1,3,'Start punch','2025-06-07 14:56:46','2025-06-07 14:56:46'),(29,1,3,'Punch1','2025-06-07 14:56:46','2025-06-07 14:56:46'),(30,1,3,'Punch2','2025-06-07 14:56:46','2025-06-07 14:56:46'),(31,1,3,'Punch3','2025-06-07 14:56:46','2025-06-07 14:56:46'),(32,1,3,'Punch4','2025-06-07 14:56:46','2025-06-07 14:56:46'),(33,1,3,'Punch5','2025-06-07 14:56:46','2025-06-07 14:56:46'),(34,1,3,'Punch6','2025-06-07 14:56:46','2025-06-07 14:56:46'),(35,1,3,'Punch7','2025-06-07 14:56:46','2025-06-07 14:56:46'),(36,1,3,'Punch8','2025-06-07 14:56:46','2025-06-07 14:56:46'),(37,1,3,'Punch9','2025-06-07 14:56:46','2025-06-07 14:56:46'),(38,1,3,'Punch10','2025-06-07 14:56:46','2025-06-07 14:56:46'),(39,1,3,'Punch11','2025-06-07 14:56:46','2025-06-07 14:56:46'),(40,1,3,'Punch12','2025-06-07 14:56:46','2025-06-07 14:56:46'),(41,1,3,'Punch13','2025-06-07 14:56:46','2025-06-07 14:56:46'),(42,1,3,'Punch14','2025-06-07 14:56:46','2025-06-07 14:56:46'),(43,1,3,'Punch15','2025-06-07 14:56:46','2025-06-07 14:56:46'),(44,1,3,'Punch16','2025-06-07 14:56:46','2025-06-07 14:56:46'),(45,1,3,'Punch17','2025-06-07 14:56:46','2025-06-07 14:56:46'),(46,1,3,'Finish punch','2025-06-07 14:56:46','2025-06-07 14:56:46'),(47,1,4,'Start punch','2025-06-07 14:58:17','2025-06-07 14:58:17'),(48,1,4,'Punch1','2025-06-07 14:58:17','2025-06-07 14:58:17'),(49,1,4,'Punch2','2025-06-07 14:58:17','2025-06-07 14:58:17'),(50,1,4,'Punch3','2025-06-07 14:58:17','2025-06-07 14:58:17'),(51,1,4,'Punch4','2025-06-07 14:58:17','2025-06-07 14:58:17'),(52,1,4,'Punch5','2025-06-07 14:58:17','2025-06-07 14:58:17'),(53,1,4,'Punch6','2025-06-07 14:58:17','2025-06-07 14:58:17'),(54,1,4,'Punch7','2025-06-07 14:58:17','2025-06-07 14:58:17'),(55,1,4,'Punch8','2025-06-07 14:58:17','2025-06-07 14:58:17'),(56,1,4,'Punch9','2025-06-07 14:58:17','2025-06-07 14:58:17'),(57,1,4,'Punch10','2025-06-07 14:58:17','2025-06-07 14:58:17'),(58,1,4,'Punch11','2025-06-07 14:58:17','2025-06-07 14:58:17'),(59,1,4,'Punch12','2025-06-07 14:58:17','2025-06-07 14:58:17'),(60,1,4,'Punch13','2025-06-07 14:58:17','2025-06-07 14:58:17'),(61,1,4,'Finish punch','2025-06-07 14:58:17','2025-06-07 14:58:17'),(62,1,5,'Start punch','2025-06-07 14:59:25','2025-06-07 14:59:25'),(63,1,5,'Punch1','2025-06-07 14:59:25','2025-06-07 14:59:25'),(64,1,5,'Punch2','2025-06-07 14:59:25','2025-06-07 14:59:25'),(65,1,5,'Punch3','2025-06-07 14:59:25','2025-06-07 14:59:25'),(66,1,5,'Punch4','2025-06-07 14:59:25','2025-06-07 14:59:25'),(67,1,5,'Punch5','2025-06-07 14:59:25','2025-06-07 14:59:25'),(68,1,5,'Punch6','2025-06-07 14:59:25','2025-06-07 14:59:25'),(69,1,5,'Punch7','2025-06-07 14:59:25','2025-06-07 14:59:25'),(70,1,5,'Punch8','2025-06-07 14:59:25','2025-06-07 14:59:25'),(71,1,5,'Punch9','2025-06-07 14:59:25','2025-06-07 14:59:25'),(72,1,5,'Punch10','2025-06-07 14:59:25','2025-06-07 14:59:25'),(73,1,5,'Finish punch','2025-06-07 14:59:25','2025-06-07 14:59:25'),(74,1,6,'Start punch','2025-06-07 15:00:33','2025-06-07 15:00:33'),(75,1,6,'Punch1','2025-06-07 15:00:33','2025-06-07 15:00:33'),(76,1,6,'Punch2','2025-06-07 15:00:33','2025-06-07 15:00:33'),(77,1,6,'Punch3','2025-06-07 15:00:33','2025-06-07 15:00:33'),(78,1,6,'Punch4','2025-06-07 15:00:33','2025-06-07 15:00:33'),(79,1,6,'Punch5','2025-06-07 15:00:33','2025-06-07 15:00:33'),(80,1,6,'Punch6','2025-06-07 15:00:33','2025-06-07 15:00:33'),(81,1,6,'Punch7','2025-06-07 15:00:33','2025-06-07 15:00:33'),(82,1,6,'Punch8','2025-06-07 15:00:33','2025-06-07 15:00:33'),(83,1,6,'Punch9','2025-06-07 15:00:33','2025-06-07 15:00:33'),(84,1,6,'Punch10','2025-06-07 15:00:33','2025-06-07 15:00:33'),(85,1,6,'Punch11','2025-06-07 15:00:33','2025-06-07 15:00:33'),(86,1,6,'Punch12','2025-06-07 15:00:33','2025-06-07 15:00:33'),(87,1,6,'Punch13','2025-06-07 15:00:33','2025-06-07 15:00:33'),(88,1,6,'Finish punch','2025-06-07 15:00:33','2025-06-07 15:00:33'),(89,1,7,'Start punch','2025-06-07 15:01:54','2025-06-07 15:01:54'),(90,1,7,'Punch1','2025-06-07 15:01:54','2025-06-07 15:01:54'),(91,1,7,'Punch2','2025-06-07 15:01:54','2025-06-07 15:01:54'),(92,1,7,'Punch3','2025-06-07 15:01:54','2025-06-07 15:01:54'),(93,1,7,'Punch4','2025-06-07 15:01:54','2025-06-07 15:01:54'),(94,1,7,'Punch5','2025-06-07 15:01:54','2025-06-07 15:01:54'),(95,1,7,'Punch6','2025-06-07 15:01:54','2025-06-07 15:01:54'),(96,1,7,'Punch7','2025-06-07 15:01:54','2025-06-07 15:01:54'),(97,1,7,'Punch8','2025-06-07 15:01:54','2025-06-07 15:01:54'),(98,1,7,'Punch9','2025-06-07 15:01:54','2025-06-07 15:01:54'),(99,1,7,'Punch10','2025-06-07 15:01:54','2025-06-07 15:01:54'),(100,1,7,'Punch11','2025-06-07 15:01:54','2025-06-07 15:01:54'),(101,1,7,'Punch12','2025-06-07 15:01:54','2025-06-07 15:01:54'),(102,1,7,'Punch13','2025-06-07 15:01:54','2025-06-07 15:01:54'),(103,1,7,'Punch14','2025-06-07 15:01:54','2025-06-07 15:01:54'),(104,1,7,'Punch15','2025-06-07 15:01:54','2025-06-07 15:01:54'),(105,1,7,'Punch16','2025-06-07 15:01:54','2025-06-07 15:01:54'),(106,1,7,'Punch17','2025-06-07 15:01:54','2025-06-07 15:01:54'),(107,1,7,'Finish punch','2025-06-07 15:01:54','2025-06-07 15:01:54'),(192,2,1,'Start punch','2025-06-21 14:13:21','2025-06-21 14:13:21'),(193,2,1,'Punch1','2025-06-21 14:13:21','2025-06-21 14:13:21'),(194,2,1,'Punch2','2025-06-21 14:13:21','2025-06-21 14:13:21'),(195,2,1,'Punch3','2025-06-21 14:13:21','2025-06-21 14:13:21'),(196,2,1,'Punch4','2025-06-21 14:13:21','2025-06-21 14:13:21'),(197,2,1,'Punch5','2025-06-21 14:13:21','2025-06-21 14:13:21'),(198,2,1,'Punch6','2025-06-21 14:13:21','2025-06-21 14:13:21'),(199,2,1,'Punch7','2025-06-21 14:13:21','2025-06-21 14:13:21'),(200,2,1,'Punch8','2025-06-21 14:13:21','2025-06-21 14:13:21'),(201,2,1,'Punch9','2025-06-21 14:13:21','2025-06-21 14:13:21'),(202,2,1,'Punch10','2025-06-21 14:13:21','2025-06-21 14:13:21'),(203,2,1,'Punch11','2025-06-21 14:13:21','2025-06-21 14:13:21'),(204,2,2,'Start punch','2025-06-21 14:14:29','2025-06-21 14:14:29'),(205,2,2,'Punch1','2025-06-21 14:14:29','2025-06-21 14:14:29'),(206,2,2,'Punch2','2025-06-21 14:14:29','2025-06-21 14:14:29'),(207,2,3,'Start punch','2025-06-21 14:16:01','2025-06-21 14:16:01'),(208,2,3,'Punch1','2025-06-21 14:16:01','2025-06-21 14:16:01'),(209,2,3,'Punch2','2025-06-21 14:16:01','2025-06-21 14:16:01'),(210,2,3,'Punch3','2025-06-21 14:16:01','2025-06-21 14:16:01'),(211,2,3,'Punch4','2025-06-21 14:16:01','2025-06-21 14:16:01'),(212,2,3,'Punch5','2025-06-21 14:16:01','2025-06-21 14:16:01'),(213,2,3,'Punch6','2025-06-21 14:16:01','2025-06-21 14:16:01'),(214,2,3,'Punch7','2025-06-21 14:16:01','2025-06-21 14:16:01'),(215,2,3,'Punch8','2025-06-21 14:16:01','2025-06-21 14:16:01'),(216,2,3,'Punch9','2025-06-21 14:16:01','2025-06-21 14:16:01'),(217,2,3,'Punch10','2025-06-21 14:16:01','2025-06-21 14:16:01'),(218,2,3,'Punch11','2025-06-21 14:16:01','2025-06-21 14:16:01'),(219,2,3,'Punch12','2025-06-21 14:16:01','2025-06-21 14:16:01'),(220,2,3,'Punch13','2025-06-21 14:16:01','2025-06-21 14:16:01'),(221,2,3,'Punch14','2025-06-21 14:16:01','2025-06-21 14:16:01'),(222,2,3,'Punch15','2025-06-21 14:16:01','2025-06-21 14:16:01'),(223,2,3,'Punch16','2025-06-21 14:16:01','2025-06-21 14:16:01'),(224,2,4,'Start punch','2025-06-21 14:17:00','2025-06-21 14:17:00'),(225,2,4,'Punch1','2025-06-21 14:17:00','2025-06-21 14:17:00'),(226,2,4,'Punch2','2025-06-21 14:17:00','2025-06-21 14:17:00'),(227,2,4,'Punch3','2025-06-21 14:17:00','2025-06-21 14:17:00'),(228,2,4,'Punch4','2025-06-21 14:17:00','2025-06-21 14:17:00'),(229,2,4,'Punch5','2025-06-21 14:17:00','2025-06-21 14:17:00'),(230,2,4,'Punch6','2025-06-21 14:17:00','2025-06-21 14:17:00'),(231,2,4,'Punch7','2025-06-21 14:17:00','2025-06-21 14:17:00'),(232,2,4,'Punch8','2025-06-21 14:17:00','2025-06-21 14:17:00'),(233,2,4,'Punch9','2025-06-21 14:17:00','2025-06-21 14:17:00'),(234,2,4,'Punch10','2025-06-21 14:17:00','2025-06-21 14:17:00'),(235,2,4,'Punch11','2025-06-21 14:17:00','2025-06-21 14:17:00'),(236,2,4,'Punch12','2025-06-21 14:17:00','2025-06-21 14:17:00'),(237,2,5,'Start punch','2025-06-21 14:17:14','2025-06-21 14:17:14'),(238,2,5,'Punch1','2025-06-21 14:17:14','2025-06-21 14:17:14'),(239,2,5,'Punch2','2025-06-21 14:17:14','2025-06-21 14:17:14'),(240,2,5,'Punch3','2025-06-21 14:17:14','2025-06-21 14:17:14'),(241,2,5,'Punch4','2025-06-21 14:17:14','2025-06-21 14:17:14'),(242,2,5,'Punch5','2025-06-21 14:17:14','2025-06-21 14:17:14'),(243,2,5,'Punch6','2025-06-21 14:17:14','2025-06-21 14:17:14'),(244,2,5,'Punch7','2025-06-21 14:17:14','2025-06-21 14:17:14'),(245,2,5,'Punch8','2025-06-21 14:17:14','2025-06-21 14:17:14'),(246,2,5,'Punch9','2025-06-21 14:17:14','2025-06-21 14:17:14'),(247,2,5,'Punch10','2025-06-21 14:17:14','2025-06-21 14:17:14'),(248,2,5,'Punch11','2025-06-21 14:17:14','2025-06-21 14:17:14'),(261,2,6,'Start punch','2025-06-21 14:17:46','2025-06-21 14:17:46'),(262,2,6,'Punch1','2025-06-21 14:17:46','2025-06-21 14:17:46'),(263,2,6,'Punch2','2025-06-21 14:17:46','2025-06-21 14:17:46'),(264,2,6,'Punch3','2025-06-21 14:17:46','2025-06-21 14:17:46'),(265,2,6,'Punch4','2025-06-21 14:17:46','2025-06-21 14:17:46'),(266,2,6,'Punch5','2025-06-21 14:17:46','2025-06-21 14:17:46'),(267,2,6,'Punch6','2025-06-21 14:17:46','2025-06-21 14:17:46'),(268,2,6,'Punch7','2025-06-21 14:17:46','2025-06-21 14:17:46'),(269,2,6,'Punch8','2025-06-21 14:17:46','2025-06-21 14:17:46'),(270,2,6,'Punch9','2025-06-21 14:17:46','2025-06-21 14:17:46'),(271,2,6,'Punch10','2025-06-21 14:17:46','2025-06-21 14:17:46'),(272,2,6,'Punch11','2025-06-21 14:17:46','2025-06-21 14:17:46'),(273,2,6,'Punch12','2025-06-21 14:17:46','2025-06-21 14:17:46'),(274,2,7,'Start punch','2025-06-21 14:18:26','2025-06-21 14:18:26'),(275,2,7,'Punch1','2025-06-21 14:18:26','2025-06-21 14:18:26'),(276,2,7,'Punch2','2025-06-21 14:18:26','2025-06-21 14:18:26'),(277,2,7,'Punch3','2025-06-21 14:18:26','2025-06-21 14:18:26'),(278,2,7,'Punch4','2025-06-21 14:18:26','2025-06-21 14:18:26'),(279,2,7,'Punch5','2025-06-21 14:18:26','2025-06-21 14:18:26'),(280,2,7,'Punch6','2025-06-21 14:18:26','2025-06-21 14:18:26'),(281,2,7,'Punch7','2025-06-21 14:18:26','2025-06-21 14:18:26'),(282,2,7,'Punch8','2025-06-21 14:18:26','2025-06-21 14:18:26'),(283,2,7,'Punch9','2025-06-21 14:18:26','2025-06-21 14:18:26'),(284,2,7,'Punch10','2025-06-21 14:18:26','2025-06-21 14:18:26'),(285,2,7,'Punch11','2025-06-21 14:18:26','2025-06-21 14:18:26'),(286,2,7,'Punch12','2025-06-21 14:18:26','2025-06-21 14:18:26'),(287,2,7,'Punch13','2025-06-21 14:18:26','2025-06-21 14:18:26'),(288,2,7,'Punch14','2025-06-21 14:18:26','2025-06-21 14:18:26'),(289,2,7,'Punch15','2025-06-21 14:18:26','2025-06-21 14:18:26'),(290,2,7,'Punch16','2025-06-21 14:18:26','2025-06-21 14:18:26');
/*!40000 ALTER TABLE `orienteering_stations_stages` ENABLE KEYS */;
UNLOCK TABLES;
DROP TABLE IF EXISTS `participants`;
/*!40101 SET @saved_cs_client     = @@character_set_client */;
/*!50503 SET character_set_client = utf8mb4 */;
CREATE TABLE `participants` (
  `id` int NOT NULL AUTO_INCREMENT,
  `ci` varchar(255) CHARACTER SET utf8mb3 COLLATE utf8mb3_unicode_ci DEFAULT NULL,
  `phone` varchar(255) CHARACTER SET utf8mb3 COLLATE utf8mb3_unicode_ci DEFAULT NULL,
  `name` varchar(255) CHARACTER SET utf8mb3 COLLATE utf8mb3_unicode_ci NOT NULL,
  `created_at` timestamp NULL DEFAULT NULL,
  `updated_at` timestamp NULL DEFAULT NULL,
  PRIMARY KEY (`id`)
) ENGINE=InnoDB DEFAULT CHARSET=utf8mb3 COLLATE=utf8mb3_unicode_ci;
/*!40101 SET character_set_client = @saved_cs_client */;

LOCK TABLES `participants` WRITE;
/*!40000 ALTER TABLE `participants` DISABLE KEYS */;
/*!40000 ALTER TABLE `participants` ENABLE KEYS */;
UNLOCK TABLES;
DROP TABLE IF EXISTS `participants_stage_rankings`;
/*!40101 SET @saved_cs_client     = @@character_set_client */;
/*!50503 SET character_set_client = utf8mb4 */;
CREATE TABLE `participants_stage_rankings` (
  `id` int NOT NULL AUTO_INCREMENT,
  `stage_id` int NOT NULL,
  `club_id` int NOT NULL,
  `team_id` int NOT NULL,
  `category_id` int NOT NULL,
  `category_name` varchar(255) NOT NULL,
  `scor` int NOT NULL,
  `created_at` timestamp NOT NULL DEFAULT '0000-00-00 00:00:00' ON UPDATE CURRENT_TIMESTAMP,
  `updated_at` timestamp NOT NULL DEFAULT '0000-00-00 00:00:00' ON UPDATE CURRENT_TIMESTAMP,
  PRIMARY KEY (`id`),
  KEY `team_id` (`team_id`)
) ENGINE=InnoDB AUTO_INCREMENT=206 DEFAULT CHARSET=latin1;
/*!40101 SET character_set_client = @saved_cs_client */;

LOCK TABLES `participants_stage_rankings` WRITE;
/*!40000 ALTER TABLE `participants_stage_rankings` DISABLE KEYS */;
INSERT INTO `participants_stage_rankings` VALUES (138,2,14,46,7,'Seniori',16500,'2025-06-21 16:32:01','2025-06-21 16:32:01'),(139,2,14,45,6,'Feminin',16500,'2025-06-21 16:42:56','2025-06-21 16:42:56'),(140,2,23,53,6,'Feminin',10800,'2025-06-21 16:42:56','2025-06-21 16:42:56'),(141,2,14,44,4,'Open',16400,'2025-06-21 16:43:31','2025-06-21 16:43:31'),(142,2,15,43,4,'Open',16227,'2025-06-21 16:43:31','2025-06-21 16:43:31'),(143,2,23,52,4,'Open',16134,'2025-06-21 16:43:31','2025-06-21 16:43:31'),(144,2,23,55,4,'Open',16055,'2025-06-21 16:43:31','2025-06-21 16:43:31'),(145,2,20,34,4,'Open',15955,'2025-06-21 16:43:31','2025-06-21 16:43:31'),(146,2,23,51,4,'Open',15939,'2025-06-21 16:43:31','2025-06-21 16:43:31'),(147,2,4,42,4,'Open',15186,'2025-06-21 16:43:31','2025-06-21 16:43:31'),(148,2,21,50,4,'Open',14644,'2025-06-21 16:43:31','2025-06-21 16:43:31'),(149,2,10,41,4,'Open',11450,'2025-06-21 16:43:31','2025-06-21 16:43:31'),(150,2,22,49,4,'Open',11370,'2025-06-21 16:43:31','2025-06-21 16:43:31'),(151,2,22,48,4,'Open',11280,'2025-06-21 16:43:31','2025-06-21 16:43:31'),(156,2,14,47,3,'Elite',16450,'2025-06-23 03:52:29','2025-06-23 03:52:29'),(157,2,23,54,3,'Elite',16326,'2025-06-23 03:52:29','2025-06-23 03:52:29'),(158,2,12,58,3,'Elite',16326,'2025-06-23 03:52:29','2025-06-23 03:52:29'),(159,2,4,39,3,'Elite',0,'2025-06-23 03:52:29','2025-06-23 03:52:29'),(160,2,20,35,1,'Family',16480,'2025-06-25 15:52:38','2025-06-25 15:52:38'),(161,2,20,37,1,'Family',16022,'2025-06-25 15:52:38','2025-06-25 15:52:38'),(162,2,11,57,1,'Family',10700,'2025-06-25 15:52:38','2025-06-25 15:52:38'),(163,2,20,36,1,'Family',5773,'2025-06-25 15:52:38','2025-06-25 15:52:38'),(164,2,4,40,5,'Veterani',16500,'2025-06-25 15:52:50','2025-06-25 15:52:50'),(165,2,11,56,5,'Veterani',15245,'2025-06-25 15:52:50','2025-06-25 15:52:50'),(166,2,20,33,5,'Veterani',15233,'2025-06-25 15:52:50','2025-06-25 15:52:50'),(173,1,3,11,4,'Open',17485,'2025-06-25 16:37:32','2025-06-25 16:37:32'),(174,1,3,10,4,'Open',17302,'2025-06-25 16:37:32','2025-06-25 16:37:32'),(175,1,4,12,4,'Open',17128,'2025-06-25 16:37:32','2025-06-25 16:37:32'),(176,1,10,13,4,'Open',17079,'2025-06-25 16:37:32','2025-06-25 16:37:32'),(177,1,3,9,4,'Open',16450,'2025-06-25 16:37:32','2025-06-25 16:37:32'),(178,1,15,14,4,'Open',15807,'2025-06-25 16:37:32','2025-06-25 16:37:32'),(179,1,10,15,4,'Open',15139,'2025-06-25 16:37:32','2025-06-25 16:37:32'),(180,1,12,29,4,'Open',10970,'2025-06-25 16:37:32','2025-06-25 16:37:32'),(181,1,12,27,4,'Open',0,'2025-06-25 16:37:32','2025-06-25 16:37:32'),(184,1,10,32,6,'Feminin',8390,'2025-06-25 16:38:17','2025-06-25 16:38:17'),(185,1,3,16,6,'Feminin',8000,'2025-06-25 16:38:17','2025-06-25 16:38:17'),(186,1,4,19,5,'Veterani',17980,'2025-06-25 16:38:31','2025-06-25 16:38:31'),(187,1,12,17,2,'Juniori',17810,'2025-06-25 16:38:49','2025-06-25 16:38:49'),(188,1,16,18,2,'Juniori',10500,'2025-06-25 16:38:49','2025-06-25 16:38:49'),(189,1,3,7,7,'Seniori',16870,'2025-06-25 16:39:10','2025-06-25 16:39:10'),(190,1,14,28,7,'Seniori',14743,'2025-06-25 16:39:10','2025-06-25 16:39:10'),(191,1,16,30,7,'Seniori',1450,'2025-06-25 16:39:10','2025-06-25 16:39:10'),(192,1,10,31,7,'Seniori',0,'2025-06-25 16:39:10','2025-06-25 16:39:10'),(193,1,12,20,1,'Family',18000,'2025-06-25 16:39:56','2025-06-25 16:39:56'),(194,1,14,21,1,'Family',17049,'2025-06-25 16:39:56','2025-06-25 16:39:56'),(195,1,16,22,1,'Family',13862,'2025-06-25 16:39:56','2025-06-25 16:39:56'),(196,1,4,23,1,'Family',12891,'2025-06-25 16:39:56','2025-06-25 16:39:56'),(197,1,18,25,1,'Family',12170,'2025-06-25 16:39:56','2025-06-25 16:39:56'),(198,1,17,26,1,'Family',12040,'2025-06-25 16:39:56','2025-06-25 16:39:56'),(199,1,17,24,1,'Family',2820,'2025-06-25 16:39:56','2025-06-25 16:39:56'),(200,1,4,1,3,'Elite',17490,'2025-06-25 16:53:33','2025-06-25 16:53:33'),(201,1,19,2,3,'Elite',16447,'2025-06-25 16:53:33','2025-06-25 16:53:33'),(202,1,3,3,3,'Elite',15282,'2025-06-25 16:53:33','2025-06-25 16:53:33'),(203,1,13,4,3,'Elite',15172,'2025-06-25 16:53:33','2025-06-25 16:53:33'),(204,1,10,5,3,'Elite',14546,'2025-06-25 16:53:33','2025-06-25 16:53:33'),(205,1,13,6,3,'Elite',5863,'2025-06-25 16:53:33','2025-06-25 16:53:33');
/*!40000 ALTER TABLE `participants_stage_rankings` ENABLE KEYS */;
UNLOCK TABLES;
DROP TABLE IF EXISTS `participants_stages`;
/*!40101 SET @saved_cs_client     = @@character_set_client */;
/*!50503 SET character_set_client = utf8mb4 */;
CREATE TABLE `participants_stages` (
  `id` int NOT NULL AUTO_INCREMENT,
  `stage_id` int NOT NULL,
  `participant_id` int NOT NULL,
  `team_id` int NOT NULL,
  `created_at` timestamp NULL DEFAULT NULL,
  `updated_at` timestamp NULL DEFAULT NULL,
  PRIMARY KEY (`id`),
  KEY `pa_id` (`participant_id`)
) ENGINE=InnoDB DEFAULT CHARSET=utf8mb4 COLLATE=utf8mb4_unicode_ci;
/*!40101 SET character_set_client = @saved_cs_client */;

LOCK TABLES `participants_stages` WRITE;
/*!40000 ALTER TABLE `participants_stages` DISABLE KEYS */;
/*!40000 ALTER TABLE `participants_stages` ENABLE KEYS */;
UNLOCK TABLES;
DROP TABLE IF EXISTS `raidmontan_participations`;
/*!40101 SET @saved_cs_client     = @@character_set_client */;
/*!50503 SET character_set_client = utf8mb4 */;
CREATE TABLE `raidmontan_participations` (
  `id` int NOT NULL AUTO_INCREMENT,
  `stage_id` int NOT NULL,
  `team_id` int NOT NULL,
  `missing_equipment_items` int NOT NULL,
  `missing_footwear` int NOT NULL,
  `abandon` int NOT NULL,
  `minimum_distance_penalty` int NOT NULL,
  `created_at` timestamp NULL DEFAULT NULL,
  `updated_at` timestamp NULL DEFAULT NULL,
  PRIMARY KEY (`id`)
) ENGINE=InnoDB AUTO_INCREMENT=212 DEFAULT CHARSET=utf8mb4 COLLATE=utf8mb4_unicode_ci;
/*!40101 SET character_set_client = @saved_cs_client */;

LOCK TABLES `raidmontan_participations` WRITE;
/*!40000 ALTER TABLE `raidmontan_participations` DISABLE KEYS */;
INSERT INTO `raidmontan_participations` VALUES (32,1,1,0,0,0,0,'2025-06-08 16:23:13','2025-06-08 16:23:14'),(33,1,2,0,0,0,0,'2025-06-08 16:23:13','2025-06-08 16:23:14'),(36,1,5,0,0,0,0,'2025-06-08 16:23:13','2025-06-08 16:23:15'),(37,1,6,0,0,1,0,'2025-06-08 16:23:13','2025-06-08 16:23:13'),(38,1,7,0,0,0,0,'2025-06-08 16:23:13','2025-06-08 16:23:15'),(46,1,16,0,0,2,0,'2025-06-08 16:23:13','2025-06-08 16:23:15'),(50,1,20,0,0,0,0,'2025-06-08 16:23:13','2025-06-08 16:23:15'),(51,1,21,0,0,0,0,'2025-06-08 16:23:13','2025-06-08 16:23:15'),(52,1,22,0,0,0,0,'2025-06-08 16:23:13','2025-06-08 16:23:15'),(53,1,23,0,0,0,0,'2025-06-08 16:23:13','2025-06-08 16:23:15'),(54,1,24,0,0,2,0,'2025-06-08 16:23:13','2025-06-08 16:23:16'),(55,1,25,0,0,0,0,'2025-06-08 16:23:13','2025-06-08 16:23:16'),(56,1,26,0,0,0,0,'2025-06-08 16:23:13','2025-06-08 16:23:16'),(60,1,30,0,0,2,0,'2025-06-08 16:23:13','2025-06-08 16:23:15'),(62,1,31,0,0,2,0,'2025-06-08 16:24:34','2025-06-08 16:24:34'),(64,1,4,0,0,0,0,'2025-06-08 17:21:34','2025-06-08 17:21:34'),(65,1,28,0,0,0,0,'2025-06-08 17:24:10','2025-06-08 17:24:10'),(66,1,32,0,0,0,0,'2025-06-13 16:30:01','2025-06-13 16:30:01'),(67,1,3,0,0,0,0,'2025-06-13 17:04:38','2025-06-13 17:04:38'),(68,1,17,0,0,0,0,'2025-06-13 17:57:24','2025-06-13 17:57:24'),(69,1,18,0,0,0,0,'2025-06-13 17:58:51','2025-06-13 17:58:51'),(70,1,19,0,0,0,0,'2025-06-13 18:02:07','2025-06-13 18:02:07'),(71,1,9,0,0,0,0,'2025-06-13 18:04:41','2025-06-13 18:04:41'),(72,1,10,0,0,0,0,'2025-06-13 18:06:10','2025-06-13 18:06:10'),(73,1,11,0,0,0,0,'2025-06-13 18:07:14','2025-06-13 18:07:14'),(74,1,12,0,0,0,0,'2025-06-13 18:08:20','2025-06-13 18:08:20'),(76,1,13,0,0,0,0,'2025-06-13 18:10:46','2025-06-13 18:10:46'),(78,1,15,0,0,0,0,'2025-06-13 18:14:41','2025-06-13 18:14:41'),(79,1,27,0,0,1,0,'2025-06-13 18:15:06','2025-06-13 18:15:06'),(82,1,29,0,0,0,0,'2025-06-13 18:18:53','2025-06-13 18:18:53'),(83,1,14,0,0,0,0,'2025-06-13 18:19:24','2025-06-13 18:19:24'),(186,2,33,0,0,0,0,'2025-06-21 15:12:32','2025-06-21 15:12:33'),(187,2,34,0,0,0,0,'2025-06-21 15:12:32','2025-06-21 15:12:33'),(188,2,35,0,0,0,0,'2025-06-21 15:12:32','2025-06-21 15:12:32'),(189,2,36,0,0,2,0,'2025-06-21 15:12:32','2025-06-21 15:12:32'),(190,2,37,0,0,0,0,'2025-06-21 15:12:32','2025-06-21 15:12:32'),(191,2,39,0,0,1,0,'2025-06-21 15:12:32','2025-06-21 15:12:32'),(192,2,40,0,0,0,0,'2025-06-21 15:12:32','2025-06-21 15:12:33'),(193,2,41,0,0,0,0,'2025-06-21 15:12:32','2025-06-21 15:12:33'),(194,2,42,0,0,0,0,'2025-06-21 15:12:32','2025-06-21 15:12:33'),(196,2,44,0,0,0,0,'2025-06-21 15:12:32','2025-06-21 15:12:33'),(197,2,45,0,0,0,0,'2025-06-21 15:12:32','2025-06-21 15:12:32'),(198,2,46,0,0,0,0,'2025-06-21 15:12:32','2025-06-21 15:12:32'),(199,2,47,0,0,0,0,'2025-06-21 15:12:32','2025-06-21 15:12:32'),(200,2,48,0,0,0,0,'2025-06-21 15:12:32','2025-06-21 15:12:33'),(201,2,49,0,0,0,0,'2025-06-21 15:12:32','2025-06-21 15:12:33'),(202,2,50,0,0,0,0,'2025-06-21 15:12:32','2025-06-21 15:12:33'),(203,2,51,0,0,0,0,'2025-06-21 15:12:32','2025-06-21 15:12:33'),(204,2,52,0,0,0,0,'2025-06-21 15:12:32','2025-06-21 15:12:33'),(205,2,53,0,0,0,0,'2025-06-21 15:12:32','2025-06-21 15:12:33'),(206,2,54,0,0,0,0,'2025-06-21 15:12:32','2025-06-21 15:12:32'),(207,2,55,0,0,0,0,'2025-06-21 15:12:32','2025-06-21 15:12:33'),(208,2,56,0,0,0,0,'2025-06-21 15:12:32','2025-06-21 15:12:33'),(209,2,57,0,0,0,0,'2025-06-21 15:12:32','2025-06-21 15:12:32'),(210,2,58,0,0,0,0,'2025-06-21 15:12:32','2025-06-21 15:12:32'),(211,2,43,0,0,0,0,'2025-06-21 16:50:44','2025-06-21 16:50:44');
/*!40000 ALTER TABLE `raidmontan_participations` ENABLE KEYS */;
UNLOCK TABLES;
DROP TABLE IF EXISTS `raidmontan_participations_entries`;
/*!40101 SET @saved_cs_client     = @@character_set_client */;
/*!50503 SET character_set_client = utf8mb4 */;
CREATE TABLE `raidmontan_participations_entries` (
  `id` int NOT NULL AUTO_INCREMENT,
  `stage_id` int NOT NULL,
  `raidmontan_participations_id` int NOT NULL,
  `team_id` int NOT NULL,
  `raidmontan_stations_id` int NOT NULL,
  `raidmontan_stations_station_type` int NOT NULL,
  `raidmontan_stations_stages_id` int DEFAULT NULL,
  `time_start` varchar(32) CHARACTER SET utf8mb4 COLLATE utf8mb4_unicode_ci DEFAULT NULL,
  `time_finish` varchar(32) CHARACTER SET utf8mb4 COLLATE utf8mb4_unicode_ci DEFAULT NULL,
  `hits` int DEFAULT NULL,
  `created_at` timestamp NULL DEFAULT NULL,
  `updated_at` timestamp NULL DEFAULT NULL,
  PRIMARY KEY (`id`)
) ENGINE=InnoDB AUTO_INCREMENT=2683 DEFAULT CHARSET=utf8mb4 COLLATE=utf8mb4_unicode_ci;
/*!40101 SET character_set_client = @saved_cs_client */;

LOCK TABLES `raidmontan_participations_entries` WRITE;
/*!40000 ALTER TABLE `raidmontan_participations_entries` DISABLE KEYS */;
INSERT INTO `raidmontan_participations_entries` VALUES (419,1,32,1,11,0,8,'00:00:00',NULL,NULL,'2025-06-08 16:23:13','2025-06-08 16:23:13'),(420,1,32,1,12,1,9,'01:31:03','01:40:54',NULL,'2025-06-08 16:23:13','2025-06-08 16:23:14'),(421,1,32,1,13,1,10,'02:40:34','03:09:49',NULL,'2025-06-08 16:23:13','2025-06-08 16:23:14'),(422,1,32,1,14,1,11,'04:50:58','05:00:39',NULL,'2025-06-08 16:23:13','2025-06-08 16:23:14'),(423,1,32,1,15,2,NULL,NULL,NULL,1,'2025-06-08 16:23:13','2025-06-08 16:23:13'),(424,1,32,1,16,2,NULL,NULL,NULL,1,'2025-06-08 16:23:13','2025-06-08 16:23:13'),(425,1,32,1,17,2,NULL,NULL,NULL,1,'2025-06-08 16:23:13','2025-06-08 16:23:13'),(426,1,32,1,18,2,NULL,NULL,NULL,1,'2025-06-08 16:23:13','2025-06-08 16:23:13'),(427,1,32,1,19,2,NULL,NULL,NULL,1,'2025-06-08 16:23:13','2025-06-08 16:23:13'),(428,1,32,1,20,2,NULL,NULL,NULL,1,'2025-06-08 16:23:13','2025-06-08 16:23:13'),(429,1,32,1,21,2,NULL,NULL,NULL,1,'2025-06-08 16:23:13','2025-06-08 16:23:13'),(430,1,32,1,22,2,NULL,NULL,NULL,1,'2025-06-08 16:23:13','2025-06-08 16:23:13'),(431,1,32,1,23,2,NULL,NULL,NULL,1,'2025-06-08 16:23:13','2025-06-08 16:23:13'),(432,1,32,1,24,2,NULL,NULL,NULL,1,'2025-06-08 16:23:13','2025-06-08 16:23:13'),(433,1,32,1,25,3,12,NULL,'07:11:09',NULL,'2025-06-08 16:23:13','2025-06-08 16:23:14'),(434,1,33,2,11,0,8,'00:00:00',NULL,NULL,'2025-06-08 16:23:13','2025-06-08 16:23:13'),(435,1,33,2,12,1,9,'01:45:01','01:55:17',NULL,'2025-06-08 16:23:13','2025-06-08 16:23:14'),(436,1,33,2,13,1,10,'03:33:04','04:00:19',NULL,'2025-06-08 16:23:13','2025-06-08 16:23:14'),(437,1,33,2,14,1,11,'06:10:23','06:20:06',NULL,'2025-06-08 16:23:13','2025-06-08 16:23:14'),(438,1,33,2,15,2,NULL,NULL,NULL,1,'2025-06-08 16:23:13','2025-06-08 16:23:13'),(439,1,33,2,16,2,NULL,NULL,NULL,1,'2025-06-08 16:23:13','2025-06-08 16:23:13'),(440,1,33,2,17,2,NULL,NULL,NULL,1,'2025-06-08 16:23:13','2025-06-08 16:23:13'),(441,1,33,2,18,2,NULL,NULL,NULL,1,'2025-06-08 16:23:13','2025-06-08 16:23:13'),(442,1,33,2,19,2,NULL,NULL,NULL,1,'2025-06-08 16:23:13','2025-06-08 16:23:13'),(443,1,33,2,20,2,NULL,NULL,NULL,1,'2025-06-08 16:23:13','2025-06-08 16:23:13'),(444,1,33,2,21,2,NULL,NULL,NULL,1,'2025-06-08 16:23:13','2025-06-08 16:23:13'),(445,1,33,2,22,2,NULL,NULL,NULL,1,'2025-06-08 16:23:13','2025-06-08 16:23:13'),(446,1,33,2,23,2,NULL,NULL,NULL,1,'2025-06-08 16:23:13','2025-06-08 16:23:13'),(447,1,33,2,24,2,NULL,NULL,NULL,1,'2025-06-08 16:23:13','2025-06-08 16:23:13'),(448,1,33,2,25,3,12,NULL,'08:35:01',NULL,'2025-06-08 16:23:13','2025-06-08 16:23:14'),(479,1,36,5,11,0,8,'00:00:00',NULL,NULL,'2025-06-08 16:23:13','2025-06-08 16:23:13'),(480,1,36,5,12,1,9,'01:32:16','01:42:58',NULL,'2025-06-08 16:23:13','2025-06-08 16:23:14'),(481,1,36,5,13,1,10,'03:37:42','04:06:34',NULL,'2025-06-08 16:23:13','2025-06-08 16:23:14'),(482,1,36,5,14,1,11,'07:05:14','07:14:45',NULL,'2025-06-08 16:23:13','2025-06-08 16:23:14'),(483,1,36,5,15,2,NULL,NULL,NULL,1,'2025-06-08 16:23:13','2025-06-08 16:23:13'),(484,1,36,5,16,2,NULL,NULL,NULL,1,'2025-06-08 16:23:13','2025-06-08 16:23:13'),(485,1,36,5,17,2,NULL,NULL,NULL,1,'2025-06-08 16:23:13','2025-06-08 16:23:13'),(486,1,36,5,18,2,NULL,NULL,NULL,1,'2025-06-08 16:23:13','2025-06-08 16:23:13'),(487,1,36,5,19,2,NULL,NULL,NULL,1,'2025-06-08 16:23:13','2025-06-08 16:23:13'),(488,1,36,5,20,2,NULL,NULL,NULL,1,'2025-06-08 16:23:13','2025-06-08 16:23:13'),(489,1,36,5,21,2,NULL,NULL,NULL,1,'2025-06-08 16:23:13','2025-06-08 16:23:13'),(490,1,36,5,22,2,NULL,NULL,NULL,1,'2025-06-08 16:23:13','2025-06-08 16:23:13'),(491,1,36,5,23,2,NULL,NULL,NULL,1,'2025-06-08 16:23:13','2025-06-08 16:23:13'),(492,1,36,5,24,2,NULL,NULL,NULL,1,'2025-06-08 16:23:13','2025-06-08 16:23:13'),(493,1,36,5,25,3,12,NULL,'09:54:25',NULL,'2025-06-08 16:23:13','2025-06-08 16:23:14'),(494,1,37,6,11,0,8,'00:00:00',NULL,NULL,'2025-06-08 16:23:13','2025-06-08 16:23:13'),(495,1,37,6,12,1,9,'00:00:00','00:00:00',NULL,'2025-06-08 16:23:13','2025-06-08 16:23:13'),(496,1,37,6,13,1,10,'00:00:00','00:00:00',NULL,'2025-06-08 16:23:13','2025-06-08 16:23:13'),(497,1,37,6,14,1,11,'00:00:00','00:00:00',NULL,'2025-06-08 16:23:13','2025-06-08 16:23:13'),(498,1,37,6,15,2,NULL,NULL,NULL,1,'2025-06-08 16:23:13','2025-06-08 16:23:13'),(499,1,37,6,16,2,NULL,NULL,NULL,1,'2025-06-08 16:23:13','2025-06-08 16:23:13'),(500,1,37,6,17,2,NULL,NULL,NULL,1,'2025-06-08 16:23:13','2025-06-08 16:23:13'),(501,1,37,6,18,2,NULL,NULL,NULL,1,'2025-06-08 16:23:13','2025-06-08 16:23:13'),(502,1,37,6,19,2,NULL,NULL,NULL,1,'2025-06-08 16:23:13','2025-06-08 16:23:13'),(503,1,37,6,20,2,NULL,NULL,NULL,1,'2025-06-08 16:23:13','2025-06-08 16:23:13'),(504,1,37,6,21,2,NULL,NULL,NULL,1,'2025-06-08 16:23:13','2025-06-08 16:23:13'),(505,1,37,6,22,2,NULL,NULL,NULL,1,'2025-06-08 16:23:13','2025-06-08 16:23:13'),(506,1,37,6,23,2,NULL,NULL,NULL,1,'2025-06-08 16:23:13','2025-06-08 16:23:13'),(507,1,37,6,24,2,NULL,NULL,NULL,1,'2025-06-08 16:23:13','2025-06-08 16:23:13'),(508,1,37,6,25,3,12,NULL,'00:00:00',NULL,'2025-06-08 16:23:13','2025-06-08 16:23:13'),(509,1,38,7,97,0,30,'00:00:00',NULL,NULL,'2025-06-08 16:23:13','2025-06-08 16:23:13'),(510,1,38,7,98,1,31,'02:26:17','02:37:01',NULL,'2025-06-08 16:23:13','2025-06-08 16:23:15'),(511,1,38,7,99,1,32,'04:25:43','04:42:29',NULL,'2025-06-08 16:23:13','2025-06-08 16:23:15'),(512,1,38,7,100,1,33,'07:54:05','08:03:43',NULL,'2025-06-08 16:23:13','2025-06-08 16:23:15'),(513,1,38,7,101,2,NULL,NULL,NULL,1,'2025-06-08 16:23:13','2025-06-08 16:23:13'),(514,1,38,7,102,2,NULL,NULL,NULL,1,'2025-06-08 16:23:13','2025-06-08 16:23:13'),(515,1,38,7,103,2,NULL,NULL,NULL,1,'2025-06-08 16:23:13','2025-06-08 16:23:13'),(516,1,38,7,104,2,NULL,NULL,NULL,1,'2025-06-08 16:23:13','2025-06-08 16:23:13'),(517,1,38,7,105,2,NULL,NULL,NULL,1,'2025-06-08 16:23:13','2025-06-08 16:23:13'),(518,1,38,7,106,2,NULL,NULL,NULL,1,'2025-06-08 16:23:13','2025-06-08 16:23:13'),(519,1,38,7,107,2,NULL,NULL,NULL,1,'2025-06-08 16:23:13','2025-06-08 16:23:13'),(520,1,38,7,108,2,NULL,NULL,NULL,1,'2025-06-08 16:23:13','2025-06-08 16:23:13'),(521,1,38,7,109,2,NULL,NULL,NULL,1,'2025-06-08 16:23:13','2025-06-08 16:23:13'),(522,1,38,7,110,2,NULL,NULL,NULL,1,'2025-06-08 16:23:13','2025-06-08 16:23:13'),(523,1,38,7,111,3,34,NULL,'10:14:35',NULL,'2025-06-08 16:23:13','2025-06-08 16:23:15'),(622,1,46,16,68,0,21,'00:00:00',NULL,NULL,'2025-06-08 16:23:13','2025-06-08 16:23:13'),(623,1,46,16,69,1,22,'02:47:52','02:58:49',NULL,'2025-06-08 16:23:13','2025-06-08 16:23:15'),(624,1,46,16,70,1,23,'00:00:00','00:00:00',NULL,'2025-06-08 16:23:13','2025-06-08 16:23:13'),(625,1,46,16,71,1,24,'00:00:00','00:00:00',NULL,'2025-06-08 16:23:13','2025-06-08 16:23:13'),(626,1,46,16,72,2,NULL,NULL,NULL,1,'2025-06-08 16:23:13','2025-06-08 16:23:13'),(627,1,46,16,73,2,NULL,NULL,NULL,1,'2025-06-08 16:23:13','2025-06-08 16:23:13'),(628,1,46,16,74,2,NULL,NULL,NULL,1,'2025-06-08 16:23:13','2025-06-08 16:23:13'),(629,1,46,16,75,2,NULL,NULL,NULL,1,'2025-06-08 16:23:13','2025-06-08 16:23:13'),(630,1,46,16,76,2,NULL,NULL,NULL,1,'2025-06-08 16:23:13','2025-06-08 16:23:13'),(631,1,46,16,77,2,NULL,NULL,NULL,1,'2025-06-08 16:23:13','2025-06-08 16:23:13'),(632,1,46,16,78,2,NULL,NULL,NULL,1,'2025-06-08 16:23:13','2025-06-08 16:23:13'),(633,1,46,16,79,2,NULL,NULL,NULL,1,'2025-06-08 16:23:13','2025-06-08 16:23:13'),(634,1,46,16,80,2,NULL,NULL,NULL,1,'2025-06-08 16:23:13','2025-06-08 16:23:13'),(635,1,46,16,81,2,NULL,NULL,NULL,1,'2025-06-08 16:23:13','2025-06-08 16:23:13'),(636,1,46,16,82,3,25,NULL,'10:30:17',NULL,'2025-06-08 16:23:13','2025-06-08 16:23:15'),(679,1,50,20,1,0,1,'00:00:00',NULL,NULL,'2025-06-08 16:23:13','2025-06-08 16:23:13'),(680,1,50,20,2,1,2,'02:21:18','02:47:11',NULL,'2025-06-08 16:23:13','2025-06-08 16:23:15'),(681,1,50,20,3,2,NULL,NULL,NULL,1,'2025-06-08 16:23:13','2025-06-08 16:23:13'),(682,1,50,20,4,2,NULL,NULL,NULL,1,'2025-06-08 16:23:13','2025-06-08 16:23:13'),(683,1,50,20,5,2,NULL,NULL,NULL,1,'2025-06-08 16:23:13','2025-06-08 16:23:13'),(684,1,50,20,6,2,NULL,NULL,NULL,1,'2025-06-08 16:23:13','2025-06-08 16:23:13'),(685,1,50,20,7,2,NULL,NULL,NULL,1,'2025-06-08 16:23:13','2025-06-08 16:23:13'),(686,1,50,20,8,2,NULL,NULL,NULL,1,'2025-06-08 16:23:13','2025-06-08 16:23:13'),(687,1,50,20,9,2,NULL,NULL,NULL,1,'2025-06-08 16:23:13','2025-06-08 16:23:13'),(688,1,50,20,10,3,3,NULL,'05:54:31',NULL,'2025-06-08 16:23:13','2025-06-08 16:23:15'),(689,1,51,21,1,0,1,'00:00:00',NULL,NULL,'2025-06-08 16:23:13','2025-06-08 16:23:13'),(690,1,51,21,2,1,2,'02:57:43','03:27:19',NULL,'2025-06-08 16:23:13','2025-06-08 16:23:15'),(691,1,51,21,3,2,NULL,NULL,NULL,1,'2025-06-08 16:23:13','2025-06-08 16:23:13'),(692,1,51,21,4,2,NULL,NULL,NULL,1,'2025-06-08 16:23:13','2025-06-08 16:23:13'),(693,1,51,21,5,2,NULL,NULL,NULL,1,'2025-06-08 16:23:13','2025-06-08 16:23:13'),(694,1,51,21,6,2,NULL,NULL,NULL,1,'2025-06-08 16:23:13','2025-06-08 16:23:13'),(695,1,51,21,7,2,NULL,NULL,NULL,1,'2025-06-08 16:23:13','2025-06-08 16:23:13'),(696,1,51,21,8,2,NULL,NULL,NULL,1,'2025-06-08 16:23:13','2025-06-08 16:23:13'),(697,1,51,21,9,2,NULL,NULL,NULL,1,'2025-06-08 16:23:13','2025-06-08 16:23:13'),(698,1,51,21,10,3,3,NULL,'07:16:01',NULL,'2025-06-08 16:23:13','2025-06-08 16:23:15'),(699,1,52,22,1,0,1,'00:00:00',NULL,NULL,'2025-06-08 16:23:13','2025-06-08 16:23:13'),(700,1,52,22,2,1,2,'03:01:57','03:29:21',NULL,'2025-06-08 16:23:13','2025-06-08 16:23:15'),(701,1,52,22,3,2,NULL,NULL,NULL,1,'2025-06-08 16:23:13','2025-06-08 16:23:13'),(702,1,52,22,4,2,NULL,NULL,NULL,1,'2025-06-08 16:23:13','2025-06-08 16:23:13'),(703,1,52,22,5,2,NULL,NULL,NULL,1,'2025-06-08 16:23:13','2025-06-08 16:23:13'),(704,1,52,22,6,2,NULL,NULL,NULL,1,'2025-06-08 16:23:13','2025-06-08 16:23:13'),(705,1,52,22,7,2,NULL,NULL,NULL,1,'2025-06-08 16:23:13','2025-06-08 16:23:13'),(706,1,52,22,8,2,NULL,NULL,NULL,1,'2025-06-08 16:23:13','2025-06-08 16:23:13'),(707,1,52,22,9,2,NULL,NULL,NULL,1,'2025-06-08 16:23:13','2025-06-08 16:23:13'),(708,1,52,22,10,3,3,NULL,'07:21:55',NULL,'2025-06-08 16:23:13','2025-06-08 16:23:15'),(709,1,53,23,1,0,1,'00:00:00',NULL,NULL,'2025-06-08 16:23:13','2025-06-08 16:23:13'),(710,1,53,23,2,1,2,'03:36:51','04:07:42',NULL,'2025-06-08 16:23:13','2025-06-08 16:23:15'),(711,1,53,23,3,2,NULL,NULL,NULL,1,'2025-06-08 16:23:13','2025-06-08 16:23:13'),(712,1,53,23,4,2,NULL,NULL,NULL,1,'2025-06-08 16:23:13','2025-06-08 16:23:13'),(713,1,53,23,5,2,NULL,NULL,NULL,1,'2025-06-08 16:23:13','2025-06-08 16:23:13'),(714,1,53,23,6,2,NULL,NULL,NULL,1,'2025-06-08 16:23:13','2025-06-08 16:23:13'),(715,1,53,23,7,2,NULL,NULL,NULL,1,'2025-06-08 16:23:13','2025-06-08 16:23:13'),(716,1,53,23,8,2,NULL,NULL,NULL,1,'2025-06-08 16:23:13','2025-06-08 16:23:13'),(717,1,53,23,9,2,NULL,NULL,NULL,1,'2025-06-08 16:23:13','2025-06-08 16:23:13'),(718,1,53,23,10,3,3,NULL,'08:06:42',NULL,'2025-06-08 16:23:13','2025-06-08 16:23:15'),(719,1,54,24,1,0,1,'00:00:00',NULL,NULL,'2025-06-08 16:23:13','2025-06-08 16:23:13'),(720,1,54,24,2,1,2,'00:00:00','00:00:00',NULL,'2025-06-08 16:23:13','2025-06-08 16:23:13'),(721,1,54,24,3,2,NULL,NULL,NULL,1,'2025-06-08 16:23:13','2025-06-08 16:23:13'),(722,1,54,24,4,2,NULL,NULL,NULL,1,'2025-06-08 16:23:13','2025-06-08 16:23:13'),(723,1,54,24,5,2,NULL,NULL,NULL,1,'2025-06-08 16:23:13','2025-06-08 16:23:13'),(724,1,54,24,6,2,NULL,NULL,NULL,1,'2025-06-08 16:23:13','2025-06-08 16:23:13'),(725,1,54,24,7,2,NULL,NULL,NULL,1,'2025-06-08 16:23:13','2025-06-08 16:23:13'),(726,1,54,24,8,2,NULL,NULL,NULL,1,'2025-06-08 16:23:13','2025-06-08 16:23:13'),(727,1,54,24,9,2,NULL,NULL,NULL,1,'2025-06-08 16:23:13','2025-06-08 16:23:13'),(728,1,54,24,10,3,3,NULL,'00:00:00',NULL,'2025-06-08 16:23:13','2025-06-08 16:23:13'),(729,1,55,25,1,0,1,'00:00:00',NULL,NULL,'2025-06-08 16:23:13','2025-06-08 16:23:13'),(730,1,55,25,2,1,2,'03:54:40','04:18:41',NULL,'2025-06-08 16:23:13','2025-06-08 16:23:15'),(731,1,55,25,3,2,NULL,NULL,NULL,1,'2025-06-08 16:23:13','2025-06-08 16:23:13'),(732,1,55,25,4,2,NULL,NULL,NULL,1,'2025-06-08 16:23:13','2025-06-08 16:23:13'),(733,1,55,25,5,2,NULL,NULL,NULL,1,'2025-06-08 16:23:13','2025-06-08 16:23:13'),(734,1,55,25,6,2,NULL,NULL,NULL,1,'2025-06-08 16:23:13','2025-06-08 16:23:13'),(735,1,55,25,7,2,NULL,NULL,NULL,1,'2025-06-08 16:23:13','2025-06-08 16:23:13'),(736,1,55,25,8,2,NULL,NULL,NULL,1,'2025-06-08 16:23:13','2025-06-08 16:23:13'),(737,1,55,25,9,2,NULL,NULL,NULL,1,'2025-06-08 16:23:13','2025-06-08 16:23:13'),(738,1,55,25,10,3,3,NULL,'08:56:35',NULL,'2025-06-08 16:23:13','2025-06-08 16:23:15'),(739,1,56,26,1,0,1,'00:00:00',NULL,NULL,'2025-06-08 16:23:13','2025-06-08 16:23:13'),(740,1,56,26,2,1,2,'03:59:10','04:23:08',NULL,'2025-06-08 16:23:13','2025-06-08 16:23:16'),(741,1,56,26,3,2,NULL,NULL,NULL,1,'2025-06-08 16:23:13','2025-06-08 16:23:13'),(742,1,56,26,4,2,NULL,NULL,NULL,1,'2025-06-08 16:23:13','2025-06-08 16:23:13'),(743,1,56,26,5,2,NULL,NULL,NULL,1,'2025-06-08 16:23:13','2025-06-08 16:23:13'),(744,1,56,26,6,2,NULL,NULL,NULL,1,'2025-06-08 16:23:13','2025-06-08 16:23:13'),(745,1,56,26,7,2,NULL,NULL,NULL,1,'2025-06-08 16:23:13','2025-06-08 16:23:13'),(746,1,56,26,8,2,NULL,NULL,NULL,1,'2025-06-08 16:23:13','2025-06-08 16:23:13'),(747,1,56,26,9,2,NULL,NULL,NULL,1,'2025-06-08 16:23:13','2025-06-08 16:23:13'),(748,1,56,26,10,3,3,NULL,'08:56:32',NULL,'2025-06-08 16:23:13','2025-06-08 16:23:16'),(792,1,60,30,97,0,30,'00:00:00',NULL,NULL,'2025-06-08 16:23:13','2025-06-08 16:23:13'),(793,1,60,30,98,1,31,'02:16:53','02:27:33',NULL,'2025-06-08 16:23:13','2025-06-08 16:23:15'),(794,1,60,30,99,1,32,'05:40:32','05:52:08',NULL,'2025-06-08 16:23:13','2025-06-08 16:23:15'),(795,1,60,30,100,1,33,'00:00:00','00:00:00',NULL,'2025-06-08 16:23:13','2025-06-08 16:23:13'),(796,1,60,30,101,2,NULL,NULL,NULL,1,'2025-06-08 16:23:13','2025-06-08 16:23:13'),(797,1,60,30,102,2,NULL,NULL,NULL,1,'2025-06-08 16:23:13','2025-06-08 16:23:13'),(798,1,60,30,103,2,NULL,NULL,NULL,1,'2025-06-08 16:23:13','2025-06-08 16:23:13'),(799,1,60,30,104,2,NULL,NULL,NULL,1,'2025-06-08 16:23:13','2025-06-08 16:23:13'),(800,1,60,30,105,2,NULL,NULL,NULL,1,'2025-06-08 16:23:13','2025-06-08 16:23:13'),(801,1,60,30,106,2,NULL,NULL,NULL,1,'2025-06-08 16:23:13','2025-06-08 16:23:13'),(802,1,60,30,107,2,NULL,NULL,NULL,1,'2025-06-08 16:23:13','2025-06-08 16:23:13'),(803,1,60,30,108,2,NULL,NULL,NULL,1,'2025-06-08 16:23:13','2025-06-08 16:23:13'),(804,1,60,30,109,2,NULL,NULL,NULL,1,'2025-06-08 16:23:13','2025-06-08 16:23:13'),(805,1,60,30,110,2,NULL,NULL,NULL,1,'2025-06-08 16:23:13','2025-06-08 16:23:13'),(806,1,60,30,111,3,34,NULL,'11:17:10',NULL,'2025-06-08 16:23:13','2025-06-08 16:23:15'),(822,1,62,31,97,0,NULL,'00:00:00',NULL,NULL,'2025-06-08 16:24:34','2025-06-08 16:24:34'),(823,1,62,31,98,1,NULL,'00:00:00','00:00:00',NULL,'2025-06-08 16:24:34','2025-06-08 16:24:34'),(824,1,62,31,99,1,NULL,'00:00:00','00:00:00',NULL,'2025-06-08 16:24:34','2025-06-08 16:24:34'),(825,1,62,31,100,1,NULL,'00:00:00','00:00:00',NULL,'2025-06-08 16:24:34','2025-06-08 16:24:34'),(826,1,62,31,101,2,NULL,NULL,NULL,1,'2025-06-08 16:24:34','2025-06-08 16:24:34'),(827,1,62,31,102,2,NULL,NULL,NULL,1,'2025-06-08 16:24:34','2025-06-08 16:24:34'),(828,1,62,31,103,2,NULL,NULL,NULL,1,'2025-06-08 16:24:34','2025-06-08 16:24:34'),(829,1,62,31,104,2,NULL,NULL,NULL,1,'2025-06-08 16:24:34','2025-06-08 16:24:34'),(830,1,62,31,105,2,NULL,NULL,NULL,1,'2025-06-08 16:24:34','2025-06-08 16:24:34'),(831,1,62,31,106,2,NULL,NULL,NULL,1,'2025-06-08 16:24:34','2025-06-08 16:24:34'),(832,1,62,31,107,2,NULL,NULL,NULL,1,'2025-06-08 16:24:34','2025-06-08 16:24:34'),(833,1,62,31,108,2,NULL,NULL,NULL,1,'2025-06-08 16:24:34','2025-06-08 16:24:34'),(834,1,62,31,109,2,NULL,NULL,NULL,1,'2025-06-08 16:24:34','2025-06-08 16:24:34'),(835,1,62,31,110,2,NULL,NULL,NULL,1,'2025-06-08 16:24:34','2025-06-08 16:24:34'),(836,1,62,31,111,3,NULL,NULL,'00:00:00',NULL,'2025-06-08 16:24:34','2025-06-08 16:24:34'),(851,1,64,4,11,0,NULL,'00:00:00',NULL,NULL,'2025-06-08 17:21:34','2025-06-08 17:21:34'),(852,1,64,4,12,1,NULL,'01:57:54','02:08:03',NULL,'2025-06-08 17:21:34','2025-06-08 17:21:34'),(853,1,64,4,13,1,NULL,'03:36:45','04:04:14',NULL,'2025-06-08 17:21:34','2025-06-08 17:21:34'),(854,1,64,4,14,1,NULL,'06:25:40','06:35:47',NULL,'2025-06-08 17:21:34','2025-06-08 17:21:34'),(855,1,64,4,15,2,NULL,NULL,NULL,1,'2025-06-08 17:21:34','2025-06-08 17:21:34'),(856,1,64,4,16,2,NULL,NULL,NULL,1,'2025-06-08 17:21:34','2025-06-08 17:21:34'),(857,1,64,4,17,2,NULL,NULL,NULL,1,'2025-06-08 17:21:34','2025-06-08 17:21:34'),(858,1,64,4,18,2,NULL,NULL,NULL,1,'2025-06-08 17:21:34','2025-06-08 17:21:34'),(859,1,64,4,19,2,NULL,NULL,NULL,1,'2025-06-08 17:21:34','2025-06-08 17:21:34'),(860,1,64,4,20,2,NULL,NULL,NULL,0,'2025-06-08 17:21:34','2025-06-08 17:21:34'),(861,1,64,4,21,2,NULL,NULL,NULL,1,'2025-06-08 17:21:34','2025-06-08 17:21:34'),(862,1,64,4,22,2,NULL,NULL,NULL,1,'2025-06-08 17:21:34','2025-06-08 17:21:34'),(863,1,64,4,23,2,NULL,NULL,NULL,1,'2025-06-08 17:21:34','2025-06-08 17:21:34'),(864,1,64,4,24,2,NULL,NULL,NULL,1,'2025-06-08 17:21:34','2025-06-08 17:21:34'),(865,1,64,4,25,3,NULL,NULL,'09:09:16',NULL,'2025-06-08 17:21:34','2025-06-08 17:21:34'),(866,1,65,28,97,0,NULL,'00:00:00',NULL,NULL,'2025-06-08 17:24:10','2025-06-08 17:24:10'),(867,1,65,28,98,1,NULL,'02:14:04','02:23:58',NULL,'2025-06-08 17:24:10','2025-06-08 17:24:10'),(868,1,65,28,99,1,NULL,'04:02:31','04:27:54',NULL,'2025-06-08 17:24:10','2025-06-08 17:24:10'),(869,1,65,28,100,1,NULL,'07:06:23','07:16:56',NULL,'2025-06-08 17:24:10','2025-06-08 17:24:10'),(870,1,65,28,101,2,NULL,NULL,NULL,1,'2025-06-08 17:24:10','2025-06-08 17:24:10'),(871,1,65,28,102,2,NULL,NULL,NULL,1,'2025-06-08 17:24:10','2025-06-08 17:24:10'),(872,1,65,28,103,2,NULL,NULL,NULL,1,'2025-06-08 17:24:10','2025-06-08 17:24:10'),(873,1,65,28,104,2,NULL,NULL,NULL,1,'2025-06-08 17:24:10','2025-06-08 17:24:10'),(874,1,65,28,105,2,NULL,NULL,NULL,1,'2025-06-08 17:24:10','2025-06-08 17:24:10'),(875,1,65,28,106,2,NULL,NULL,NULL,0,'2025-06-08 17:24:10','2025-06-08 17:24:10'),(876,1,65,28,107,2,NULL,NULL,NULL,1,'2025-06-08 17:24:10','2025-06-08 17:24:10'),(877,1,65,28,108,2,NULL,NULL,NULL,1,'2025-06-08 17:24:10','2025-06-08 17:24:10'),(878,1,65,28,109,2,NULL,NULL,NULL,1,'2025-06-08 17:24:10','2025-06-08 17:24:10'),(879,1,65,28,110,2,NULL,NULL,NULL,1,'2025-06-08 17:24:10','2025-06-08 17:24:10'),(880,1,65,28,111,3,NULL,NULL,'09:29:14',NULL,'2025-06-08 17:24:10','2025-06-08 17:24:10'),(881,1,66,32,68,0,NULL,'00:00:00',NULL,NULL,'2025-06-13 16:30:01','2025-06-13 16:30:01'),(882,1,66,32,69,1,NULL,'01:59:37','02:09:43',NULL,'2025-06-13 16:30:01','2025-06-13 16:30:01'),(883,1,66,32,70,1,NULL,'04:15:49','04:31:02',NULL,'2025-06-13 16:30:01','2025-06-13 16:30:01'),(884,1,66,32,71,1,NULL,'08:48:24','08:57:19',NULL,'2025-06-13 16:30:01','2025-06-13 16:30:01'),(885,1,66,32,72,2,NULL,NULL,NULL,1,'2025-06-13 16:30:01','2025-06-13 16:30:01'),(886,1,66,32,73,2,NULL,NULL,NULL,1,'2025-06-13 16:30:01','2025-06-13 16:30:01'),(887,1,66,32,74,2,NULL,NULL,NULL,1,'2025-06-13 16:30:01','2025-06-13 16:30:01'),(888,1,66,32,75,2,NULL,NULL,NULL,1,'2025-06-13 16:30:01','2025-06-13 16:30:01'),(889,1,66,32,76,2,NULL,NULL,NULL,1,'2025-06-13 16:30:01','2025-06-13 16:30:01'),(890,1,66,32,77,2,NULL,NULL,NULL,1,'2025-06-13 16:30:01','2025-06-13 16:30:01'),(891,1,66,32,78,2,NULL,NULL,NULL,1,'2025-06-13 16:30:01','2025-06-13 16:30:01'),(892,1,66,32,79,2,NULL,NULL,NULL,1,'2025-06-13 16:30:01','2025-06-13 16:30:01'),(893,1,66,32,80,2,NULL,NULL,NULL,1,'2025-06-13 16:30:01','2025-06-13 16:30:01'),(894,1,66,32,81,2,NULL,NULL,NULL,1,'2025-06-13 16:30:01','2025-06-13 16:30:01'),(895,1,66,32,82,3,NULL,NULL,'11:05:06',NULL,'2025-06-13 16:30:01','2025-06-13 16:30:01'),(896,1,67,3,11,0,NULL,'00:00:00',NULL,NULL,'2025-06-13 17:04:38','2025-06-13 17:04:38'),(897,1,67,3,12,1,NULL,'01:31:44','01:41:10',NULL,'2025-06-13 17:04:38','2025-06-13 17:04:38'),(898,1,67,3,13,1,NULL,'03:15:59','03:44:15',NULL,'2025-06-13 17:04:38','2025-06-13 17:04:38'),(899,1,67,3,14,1,NULL,'08:09:07','08:19:01',NULL,'2025-06-13 17:04:38','2025-06-13 17:04:38'),(900,1,67,3,15,2,NULL,NULL,NULL,1,'2025-06-13 17:04:38','2025-06-13 17:04:38'),(901,1,67,3,16,2,NULL,NULL,NULL,1,'2025-06-13 17:04:38','2025-06-13 17:04:38'),(902,1,67,3,17,2,NULL,NULL,NULL,1,'2025-06-13 17:04:38','2025-06-13 17:04:38'),(903,1,67,3,18,2,NULL,NULL,NULL,1,'2025-06-13 17:04:38','2025-06-13 17:04:38'),(904,1,67,3,19,2,NULL,NULL,NULL,1,'2025-06-13 17:04:38','2025-06-13 17:04:38'),(905,1,67,3,20,2,NULL,NULL,NULL,0,'2025-06-13 17:04:38','2025-06-13 17:04:38'),(906,1,67,3,21,2,NULL,NULL,NULL,1,'2025-06-13 17:04:38','2025-06-13 17:04:38'),(907,1,67,3,22,2,NULL,NULL,NULL,1,'2025-06-13 17:04:38','2025-06-13 17:04:38'),(908,1,67,3,23,2,NULL,NULL,NULL,1,'2025-06-13 17:04:38','2025-06-13 17:04:38'),(909,1,67,3,24,2,NULL,NULL,NULL,1,'2025-06-13 17:04:38','2025-06-13 17:04:38'),(910,1,67,3,25,3,NULL,NULL,'10:13:52',NULL,'2025-06-13 17:04:38','2025-06-13 17:04:38'),(911,1,68,17,184,0,NULL,'00:00:00',NULL,NULL,'2025-06-13 17:57:24','2025-06-13 17:57:24'),(912,1,68,17,185,1,NULL,'02:31:34','02:59:17',NULL,'2025-06-13 17:57:24','2025-06-13 17:57:24'),(913,1,68,17,186,1,NULL,'03:52:13','04:02:25',NULL,'2025-06-13 17:57:24','2025-06-13 17:57:24'),(914,1,68,17,187,2,NULL,NULL,NULL,1,'2025-06-13 17:57:24','2025-06-13 17:57:24'),(915,1,68,17,188,2,NULL,NULL,NULL,1,'2025-06-13 17:57:24','2025-06-13 17:57:24'),(916,1,68,17,189,2,NULL,NULL,NULL,1,'2025-06-13 17:57:24','2025-06-13 17:57:24'),(917,1,68,17,190,2,NULL,NULL,NULL,1,'2025-06-13 17:57:24','2025-06-13 17:57:24'),(918,1,68,17,191,2,NULL,NULL,NULL,1,'2025-06-13 17:57:24','2025-06-13 17:57:24'),(919,1,68,17,192,2,NULL,NULL,NULL,1,'2025-06-13 17:57:24','2025-06-13 17:57:24'),(920,1,68,17,193,2,NULL,NULL,NULL,1,'2025-06-13 17:57:24','2025-06-13 17:57:24'),(921,1,68,17,194,2,NULL,NULL,NULL,1,'2025-06-13 17:57:24','2025-06-13 17:57:24'),(922,1,68,17,195,3,NULL,NULL,'06:38:51',NULL,'2025-06-13 17:57:24','2025-06-13 17:57:24'),(923,1,69,18,184,0,NULL,'00:00:00',NULL,NULL,'2025-06-13 17:58:51','2025-06-13 17:58:51'),(924,1,69,18,185,1,NULL,'05:10:51','05:35:47',NULL,'2025-06-13 17:58:51','2025-06-13 17:58:51'),(925,1,69,18,186,1,NULL,'06:09:35','06:19:35',NULL,'2025-06-13 17:58:51','2025-06-13 17:58:51'),(926,1,69,18,187,2,NULL,NULL,NULL,1,'2025-06-13 17:58:51','2025-06-13 17:58:51'),(927,1,69,18,188,2,NULL,NULL,NULL,1,'2025-06-13 17:58:51','2025-06-13 17:58:51'),(928,1,69,18,189,2,NULL,NULL,NULL,1,'2025-06-13 17:58:51','2025-06-13 17:58:51'),(929,1,69,18,190,2,NULL,NULL,NULL,0,'2025-06-13 17:58:51','2025-06-13 17:58:51'),(930,1,69,18,191,2,NULL,NULL,NULL,1,'2025-06-13 17:58:51','2025-06-13 17:58:51'),(931,1,69,18,192,2,NULL,NULL,NULL,1,'2025-06-13 17:58:51','2025-06-13 17:58:51'),(932,1,69,18,193,2,NULL,NULL,NULL,1,'2025-06-13 17:58:51','2025-06-13 17:58:51'),(933,1,69,18,194,2,NULL,NULL,NULL,1,'2025-06-13 17:58:51','2025-06-13 17:58:51'),(934,1,69,18,195,3,NULL,NULL,'10:09:38',NULL,'2025-06-13 17:58:51','2025-06-13 17:58:51'),(935,1,70,19,208,0,NULL,'00:00:00',NULL,NULL,'2025-06-13 18:02:07','2025-06-13 18:02:07'),(936,1,70,19,209,1,NULL,'03:12:53','03:42:38',NULL,'2025-06-13 18:02:07','2025-06-13 18:02:07'),(937,1,70,19,210,1,NULL,'04:34:51','04:44:31',NULL,'2025-06-13 18:02:07','2025-06-13 18:02:07'),(938,1,70,19,211,2,NULL,NULL,NULL,1,'2025-06-13 18:02:07','2025-06-13 18:02:07'),(939,1,70,19,212,2,NULL,NULL,NULL,1,'2025-06-13 18:02:07','2025-06-13 18:02:07'),(940,1,70,19,213,2,NULL,NULL,NULL,1,'2025-06-13 18:02:07','2025-06-13 18:02:07'),(941,1,70,19,214,2,NULL,NULL,NULL,1,'2025-06-13 18:02:07','2025-06-13 18:02:07'),(942,1,70,19,215,2,NULL,NULL,NULL,1,'2025-06-13 18:02:07','2025-06-13 18:02:07'),(943,1,70,19,216,2,NULL,NULL,NULL,1,'2025-06-13 18:02:07','2025-06-13 18:02:07'),(944,1,70,19,217,2,NULL,NULL,NULL,1,'2025-06-13 18:02:07','2025-06-13 18:02:07'),(945,1,70,19,218,2,NULL,NULL,NULL,1,'2025-06-13 18:02:07','2025-06-13 18:02:07'),(946,1,70,19,219,3,NULL,NULL,'06:39:00',NULL,'2025-06-13 18:02:07','2025-06-13 18:02:07'),(947,1,71,9,196,0,NULL,'00:00:00',NULL,NULL,'2025-06-13 18:04:41','2025-06-13 18:04:41'),(948,1,71,9,197,1,NULL,'02:55:44','03:19:46',NULL,'2025-06-13 18:04:41','2025-06-13 18:04:41'),(949,1,71,9,198,1,NULL,'04:04:44','04:13:35',NULL,'2025-06-13 18:04:41','2025-06-13 18:04:41'),(950,1,71,9,199,2,NULL,NULL,NULL,1,'2025-06-13 18:04:41','2025-06-13 18:04:41'),(951,1,71,9,200,2,NULL,NULL,NULL,1,'2025-06-13 18:04:41','2025-06-13 18:04:41'),(952,1,71,9,201,2,NULL,NULL,NULL,1,'2025-06-13 18:04:41','2025-06-13 18:04:41'),(953,1,71,9,202,2,NULL,NULL,NULL,1,'2025-06-13 18:04:41','2025-06-13 18:04:41'),(954,1,71,9,203,2,NULL,NULL,NULL,1,'2025-06-13 18:04:41','2025-06-13 18:04:41'),(955,1,71,9,204,2,NULL,NULL,NULL,1,'2025-06-13 18:04:41','2025-06-13 18:04:41'),(956,1,71,9,205,2,NULL,NULL,NULL,1,'2025-06-13 18:04:41','2025-06-13 18:04:41'),(957,1,71,9,206,2,NULL,NULL,NULL,1,'2025-06-13 18:04:41','2025-06-13 18:04:41'),(958,1,71,9,207,3,NULL,NULL,'06:25:31',NULL,'2025-06-13 18:04:41','2025-06-13 18:04:41'),(959,1,72,10,196,0,NULL,'00:00:00',NULL,NULL,'2025-06-13 18:06:10','2025-06-13 18:06:10'),(960,1,72,10,197,1,NULL,'02:53:48','03:20:40',NULL,'2025-06-13 18:06:10','2025-06-13 18:06:10'),(961,1,72,10,198,1,NULL,'04:35:16','04:42:58',NULL,'2025-06-13 18:06:10','2025-06-13 18:06:10'),(962,1,72,10,199,2,NULL,NULL,NULL,1,'2025-06-13 18:06:10','2025-06-13 18:06:10'),(963,1,72,10,200,2,NULL,NULL,NULL,1,'2025-06-13 18:06:10','2025-06-13 18:06:10'),(964,1,72,10,201,2,NULL,NULL,NULL,1,'2025-06-13 18:06:10','2025-06-13 18:06:10'),(965,1,72,10,202,2,NULL,NULL,NULL,1,'2025-06-13 18:06:10','2025-06-13 18:06:10'),(966,1,72,10,203,2,NULL,NULL,NULL,1,'2025-06-13 18:06:10','2025-06-13 18:06:10'),(967,1,72,10,204,2,NULL,NULL,NULL,1,'2025-06-13 18:06:10','2025-06-13 18:06:10'),(968,1,72,10,205,2,NULL,NULL,NULL,1,'2025-06-13 18:06:10','2025-06-13 18:06:10'),(969,1,72,10,206,2,NULL,NULL,NULL,1,'2025-06-13 18:06:10','2025-06-13 18:06:10'),(970,1,72,10,207,3,NULL,NULL,'06:55:01',NULL,'2025-06-13 18:06:10','2025-06-13 18:06:10'),(971,1,73,11,196,0,NULL,'00:00:00',NULL,NULL,'2025-06-13 18:07:14','2025-06-13 18:07:14'),(972,1,73,11,197,1,NULL,'03:10:35','03:40:00',NULL,'2025-06-13 18:07:14','2025-06-13 18:07:14'),(973,1,73,11,198,1,NULL,'04:23:43','04:32:50',NULL,'2025-06-13 18:07:14','2025-06-13 18:07:14'),(974,1,73,11,199,2,NULL,NULL,NULL,1,'2025-06-13 18:07:14','2025-06-13 18:07:14'),(975,1,73,11,200,2,NULL,NULL,NULL,1,'2025-06-13 18:07:14','2025-06-13 18:07:14'),(976,1,73,11,201,2,NULL,NULL,NULL,1,'2025-06-13 18:07:14','2025-06-13 18:07:14'),(977,1,73,11,202,2,NULL,NULL,NULL,1,'2025-06-13 18:07:14','2025-06-13 18:07:14'),(978,1,73,11,203,2,NULL,NULL,NULL,1,'2025-06-13 18:07:14','2025-06-13 18:07:14'),(979,1,73,11,204,2,NULL,NULL,NULL,1,'2025-06-13 18:07:14','2025-06-13 18:07:14'),(980,1,73,11,205,2,NULL,NULL,NULL,1,'2025-06-13 18:07:14','2025-06-13 18:07:14'),(981,1,73,11,206,2,NULL,NULL,NULL,1,'2025-06-13 18:07:14','2025-06-13 18:07:14'),(982,1,73,11,207,3,NULL,NULL,'06:27:32',NULL,'2025-06-13 18:07:14','2025-06-13 18:07:14'),(983,1,74,12,196,0,NULL,'00:00:00',NULL,NULL,'2025-06-13 18:08:20','2025-06-13 18:08:20'),(984,1,74,12,197,1,NULL,'02:53:24','03:09:44',NULL,'2025-06-13 18:08:20','2025-06-13 18:08:20'),(985,1,74,12,198,1,NULL,'04:21:18','04:24:14',NULL,'2025-06-13 18:08:20','2025-06-13 18:08:20'),(986,1,74,12,199,2,NULL,NULL,NULL,1,'2025-06-13 18:08:20','2025-06-13 18:08:20'),(987,1,74,12,200,2,NULL,NULL,NULL,1,'2025-06-13 18:08:20','2025-06-13 18:08:20'),(988,1,74,12,201,2,NULL,NULL,NULL,1,'2025-06-13 18:08:20','2025-06-13 18:08:20'),(989,1,74,12,202,2,NULL,NULL,NULL,1,'2025-06-13 18:08:20','2025-06-13 18:08:20'),(990,1,74,12,203,2,NULL,NULL,NULL,1,'2025-06-13 18:08:20','2025-06-13 18:08:20'),(991,1,74,12,204,2,NULL,NULL,NULL,1,'2025-06-13 18:08:20','2025-06-13 18:08:20'),(992,1,74,12,205,2,NULL,NULL,NULL,1,'2025-06-13 18:08:20','2025-06-13 18:08:20'),(993,1,74,12,206,2,NULL,NULL,NULL,1,'2025-06-13 18:08:20','2025-06-13 18:08:20'),(994,1,74,12,207,3,NULL,NULL,'06:30:35',NULL,'2025-06-13 18:08:20','2025-06-13 18:08:20'),(1007,1,76,13,196,0,NULL,'00:00:00',NULL,NULL,'2025-06-13 18:10:46','2025-06-13 18:10:46'),(1008,1,76,13,197,1,NULL,'03:13:45','03:43:02',NULL,'2025-06-13 18:10:46','2025-06-13 18:10:46'),(1009,1,76,13,198,1,NULL,'04:31:12','04:42:08',NULL,'2025-06-13 18:10:46','2025-06-13 18:10:46'),(1010,1,76,13,199,2,NULL,NULL,NULL,1,'2025-06-13 18:10:46','2025-06-13 18:10:46'),(1011,1,76,13,200,2,NULL,NULL,NULL,1,'2025-06-13 18:10:46','2025-06-13 18:10:46'),(1012,1,76,13,201,2,NULL,NULL,NULL,1,'2025-06-13 18:10:46','2025-06-13 18:10:46'),(1013,1,76,13,202,2,NULL,NULL,NULL,1,'2025-06-13 18:10:46','2025-06-13 18:10:46'),(1014,1,76,13,203,2,NULL,NULL,NULL,1,'2025-06-13 18:10:46','2025-06-13 18:10:46'),(1015,1,76,13,204,2,NULL,NULL,NULL,1,'2025-06-13 18:10:46','2025-06-13 18:10:46'),(1016,1,76,13,205,2,NULL,NULL,NULL,1,'2025-06-13 18:10:46','2025-06-13 18:10:46'),(1017,1,76,13,206,2,NULL,NULL,NULL,1,'2025-06-13 18:10:46','2025-06-13 18:10:46'),(1018,1,76,13,207,3,NULL,NULL,'07:22:23',NULL,'2025-06-13 18:10:46','2025-06-13 18:10:46'),(1031,1,78,15,196,0,NULL,'00:00:00',NULL,NULL,'2025-06-13 18:14:41','2025-06-13 18:14:41'),(1032,1,78,15,197,1,NULL,'04:11:02','04:41:29',NULL,'2025-06-13 18:14:41','2025-06-13 18:14:41'),(1033,1,78,15,198,1,NULL,'06:06:28','06:16:32',NULL,'2025-06-13 18:14:41','2025-06-13 18:14:41'),(1034,1,78,15,199,2,NULL,NULL,NULL,1,'2025-06-13 18:14:41','2025-06-13 18:14:41'),(1035,1,78,15,200,2,NULL,NULL,NULL,1,'2025-06-13 18:14:41','2025-06-13 18:14:41'),(1036,1,78,15,201,2,NULL,NULL,NULL,1,'2025-06-13 18:14:41','2025-06-13 18:14:41'),(1037,1,78,15,202,2,NULL,NULL,NULL,1,'2025-06-13 18:14:41','2025-06-13 18:14:41'),(1038,1,78,15,203,2,NULL,NULL,NULL,1,'2025-06-13 18:14:41','2025-06-13 18:14:41'),(1039,1,78,15,204,2,NULL,NULL,NULL,1,'2025-06-13 18:14:41','2025-06-13 18:14:41'),(1040,1,78,15,205,2,NULL,NULL,NULL,1,'2025-06-13 18:14:41','2025-06-13 18:14:41'),(1041,1,78,15,206,2,NULL,NULL,NULL,1,'2025-06-13 18:14:41','2025-06-13 18:14:41'),(1042,1,78,15,207,3,NULL,NULL,'08:59:54',NULL,'2025-06-13 18:14:41','2025-06-13 18:14:41'),(1043,1,79,27,196,0,NULL,'00:00:00',NULL,NULL,'2025-06-13 18:15:06','2025-06-13 18:15:06'),(1044,1,79,27,197,1,NULL,'00:00:00','00:00:00',NULL,'2025-06-13 18:15:06','2025-06-13 18:15:06'),(1045,1,79,27,198,1,NULL,'00:00:00','00:00:00',NULL,'2025-06-13 18:15:06','2025-06-13 18:15:06'),(1046,1,79,27,199,2,NULL,NULL,NULL,1,'2025-06-13 18:15:06','2025-06-13 18:15:06'),(1047,1,79,27,200,2,NULL,NULL,NULL,1,'2025-06-13 18:15:06','2025-06-13 18:15:06'),(1048,1,79,27,201,2,NULL,NULL,NULL,1,'2025-06-13 18:15:06','2025-06-13 18:15:06'),(1049,1,79,27,202,2,NULL,NULL,NULL,1,'2025-06-13 18:15:06','2025-06-13 18:15:06'),(1050,1,79,27,203,2,NULL,NULL,NULL,1,'2025-06-13 18:15:06','2025-06-13 18:15:06'),(1051,1,79,27,204,2,NULL,NULL,NULL,1,'2025-06-13 18:15:06','2025-06-13 18:15:06'),(1052,1,79,27,205,2,NULL,NULL,NULL,1,'2025-06-13 18:15:06','2025-06-13 18:15:06'),(1053,1,79,27,206,2,NULL,NULL,NULL,1,'2025-06-13 18:15:06','2025-06-13 18:15:06'),(1054,1,79,27,207,3,NULL,NULL,'00:00:00',NULL,'2025-06-13 18:15:06','2025-06-13 18:15:06'),(1079,1,82,29,196,0,NULL,'00:00:00',NULL,NULL,'2025-06-13 18:18:53','2025-06-13 18:18:53'),(1080,1,82,29,197,1,NULL,'03:11:26','03:41:17',NULL,'2025-06-13 18:18:53','2025-06-13 18:18:53'),(1081,1,82,29,198,1,NULL,'04:41:49','04:51:06',NULL,'2025-06-13 18:18:53','2025-06-13 18:18:53'),(1082,1,82,29,199,2,NULL,NULL,NULL,1,'2025-06-13 18:18:53','2025-06-13 18:18:53'),(1083,1,82,29,200,2,NULL,NULL,NULL,1,'2025-06-13 18:18:53','2025-06-13 18:18:53'),(1084,1,82,29,201,2,NULL,NULL,NULL,1,'2025-06-13 18:18:53','2025-06-13 18:18:53'),(1085,1,82,29,202,2,NULL,NULL,NULL,1,'2025-06-13 18:18:53','2025-06-13 18:18:53'),(1086,1,82,29,203,2,NULL,NULL,NULL,1,'2025-06-13 18:18:53','2025-06-13 18:18:53'),(1087,1,82,29,204,2,NULL,NULL,NULL,1,'2025-06-13 18:18:53','2025-06-13 18:18:53'),(1088,1,82,29,205,2,NULL,NULL,NULL,1,'2025-06-13 18:18:53','2025-06-13 18:18:53'),(1089,1,82,29,206,2,NULL,NULL,NULL,1,'2025-06-13 18:18:53','2025-06-13 18:18:53'),(1090,1,82,29,207,3,NULL,NULL,'07:27:48',NULL,'2025-06-13 18:18:53','2025-06-13 18:18:53'),(1091,1,83,14,196,0,NULL,'00:00:00',NULL,NULL,'2025-06-13 18:19:24','2025-06-13 18:19:24'),(1092,1,83,14,197,1,NULL,'04:41:52','04:57:08',NULL,'2025-06-13 18:19:24','2025-06-13 18:19:24'),(1093,1,83,14,198,1,NULL,'04:57:15','04:57:18',NULL,'2025-06-13 18:19:24','2025-06-13 18:19:24'),(1094,1,83,14,199,2,NULL,NULL,NULL,1,'2025-06-13 18:19:24','2025-06-13 18:19:24'),(1095,1,83,14,200,2,NULL,NULL,NULL,1,'2025-06-13 18:19:24','2025-06-13 18:19:24'),(1096,1,83,14,201,2,NULL,NULL,NULL,1,'2025-06-13 18:19:24','2025-06-13 18:19:24'),(1097,1,83,14,202,2,NULL,NULL,NULL,0,'2025-06-13 18:19:24','2025-06-13 18:19:24'),(1098,1,83,14,203,2,NULL,NULL,NULL,1,'2025-06-13 18:19:24','2025-06-13 18:19:24'),(1099,1,83,14,204,2,NULL,NULL,NULL,1,'2025-06-13 18:19:24','2025-06-13 18:19:24'),(1100,1,83,14,205,2,NULL,NULL,NULL,1,'2025-06-13 18:19:24','2025-06-13 18:19:24'),(1101,1,83,14,206,2,NULL,NULL,NULL,1,'2025-06-13 18:19:24','2025-06-13 18:19:24'),(1102,1,83,14,207,3,NULL,NULL,'06:41:35',NULL,'2025-06-13 18:19:24','2025-06-13 18:19:24'),(2361,2,186,33,255,0,110,'03:36:32',NULL,NULL,'2025-06-21 15:12:32','2025-06-21 15:12:33'),(2362,2,186,33,256,1,111,'03:51:57','04:07:05',NULL,'2025-06-21 15:12:32','2025-06-21 15:12:33'),(2363,2,186,33,257,1,112,'05:35:30','19:05:00',NULL,'2025-06-21 15:12:32','2025-06-21 15:12:33'),(2364,2,186,33,258,2,NULL,NULL,NULL,1,'2025-06-21 15:12:32','2025-06-21 15:12:32'),(2365,2,186,33,259,2,NULL,NULL,NULL,1,'2025-06-21 15:12:32','2025-06-21 15:12:32'),(2366,2,186,33,260,2,NULL,NULL,NULL,1,'2025-06-21 15:12:32','2025-06-21 15:12:32'),(2367,2,186,33,261,2,NULL,NULL,NULL,1,'2025-06-21 15:12:32','2025-06-21 15:12:32'),(2368,2,186,33,262,2,NULL,NULL,NULL,1,'2025-06-21 15:12:32','2025-06-21 15:12:32'),(2369,2,186,33,263,2,NULL,NULL,NULL,1,'2025-06-21 15:12:32','2025-06-21 15:12:32'),(2370,2,186,33,264,2,NULL,NULL,NULL,1,'2025-06-21 15:12:32','2025-06-21 15:12:32'),(2371,2,186,33,265,2,NULL,NULL,NULL,1,'2025-06-21 15:12:32','2025-06-21 15:12:32'),(2372,2,186,33,266,2,NULL,NULL,NULL,1,'2025-06-21 15:12:32','2025-06-21 15:12:32'),(2373,2,186,33,267,3,113,NULL,'07:55:56',NULL,'2025-06-21 15:12:32','2025-06-21 15:12:33'),(2374,2,187,34,242,0,106,'02:22:42',NULL,NULL,'2025-06-21 15:12:32','2025-06-21 15:12:33'),(2375,2,187,34,243,1,107,'03:39:35','03:53:47',NULL,'2025-06-21 15:12:32','2025-06-21 15:12:33'),(2376,2,187,34,244,1,108,'04:59:18','05:36:26',NULL,'2025-06-21 15:12:32','2025-06-21 15:12:33'),(2377,2,187,34,245,2,NULL,NULL,NULL,1,'2025-06-21 15:12:32','2025-06-21 15:12:32'),(2378,2,187,34,246,2,NULL,NULL,NULL,1,'2025-06-21 15:12:32','2025-06-21 15:12:32'),(2379,2,187,34,247,2,NULL,NULL,NULL,1,'2025-06-21 15:12:32','2025-06-21 15:12:32'),(2380,2,187,34,248,2,NULL,NULL,NULL,1,'2025-06-21 15:12:32','2025-06-21 15:12:32'),(2381,2,187,34,249,2,NULL,NULL,NULL,1,'2025-06-21 15:12:32','2025-06-21 15:12:32'),(2382,2,187,34,250,2,NULL,NULL,NULL,1,'2025-06-21 15:12:32','2025-06-21 15:12:32'),(2383,2,187,34,251,2,NULL,NULL,NULL,1,'2025-06-21 15:12:32','2025-06-21 15:12:32'),(2384,2,187,34,252,2,NULL,NULL,NULL,1,'2025-06-21 15:12:32','2025-06-21 15:12:32'),(2385,2,187,34,253,2,NULL,NULL,NULL,1,'2025-06-21 15:12:32','2025-06-21 15:12:32'),(2386,2,187,34,254,3,109,NULL,'07:36:40',NULL,'2025-06-21 15:12:32','2025-06-21 15:12:33'),(2387,2,188,35,220,0,98,'02:07:23',NULL,NULL,'2025-06-21 15:12:32','2025-06-21 15:12:32'),(2388,2,188,35,221,1,99,'03:13:54','03:27:07',NULL,'2025-06-21 15:12:32','2025-06-21 15:12:32'),(2389,2,188,35,222,1,100,'04:19:20','04:41:26',NULL,'2025-06-21 15:12:32','2025-06-21 15:12:32'),(2390,2,188,35,223,2,NULL,NULL,NULL,1,'2025-06-21 15:12:32','2025-06-21 15:12:32'),(2391,2,188,35,224,2,NULL,NULL,NULL,1,'2025-06-21 15:12:32','2025-06-21 15:12:32'),(2392,2,188,35,225,2,NULL,NULL,NULL,1,'2025-06-21 15:12:32','2025-06-21 15:12:32'),(2393,2,188,35,226,2,NULL,NULL,NULL,1,'2025-06-21 15:12:32','2025-06-21 15:12:32'),(2394,2,188,35,227,2,NULL,NULL,NULL,1,'2025-06-21 15:12:32','2025-06-21 15:12:32'),(2395,2,188,35,228,3,101,NULL,'05:55:39',NULL,'2025-06-21 15:12:32','2025-06-21 15:12:32'),(2396,2,189,36,220,0,98,'00:00:00',NULL,NULL,'2025-06-21 15:12:32','2025-06-21 15:12:32'),(2397,2,189,36,221,1,99,'00:00:00','00:00:00',NULL,'2025-06-21 15:12:32','2025-06-21 15:12:32'),(2398,2,189,36,222,1,100,'00:00:00','00:00:00',NULL,'2025-06-21 15:12:32','2025-06-21 15:12:32'),(2399,2,189,36,223,2,NULL,NULL,NULL,1,'2025-06-21 15:12:32','2025-06-21 15:12:32'),(2400,2,189,36,224,2,NULL,NULL,NULL,1,'2025-06-21 15:12:32','2025-06-21 15:12:32'),(2401,2,189,36,225,2,NULL,NULL,NULL,1,'2025-06-21 15:12:32','2025-06-21 15:12:32'),(2402,2,189,36,226,2,NULL,NULL,NULL,1,'2025-06-21 15:12:32','2025-06-21 15:12:32'),(2403,2,189,36,227,2,NULL,NULL,NULL,1,'2025-06-21 15:12:32','2025-06-21 15:12:32'),(2404,2,189,36,228,3,101,NULL,'01:02:04',NULL,'2025-06-21 15:12:32','2025-06-21 15:12:32'),(2405,2,190,37,220,0,98,'02:06:08',NULL,NULL,'2025-06-21 15:12:32','2025-06-21 15:12:32'),(2406,2,190,37,221,1,99,'03:10:49','03:25:24',NULL,'2025-06-21 15:12:32','2025-06-21 15:12:32'),(2407,2,190,37,222,1,100,'03:21:30','03:44:15',NULL,'2025-06-21 15:12:32','2025-06-21 15:12:32'),(2408,2,190,37,223,2,NULL,NULL,NULL,1,'2025-06-21 15:12:32','2025-06-21 15:12:32'),(2409,2,190,37,224,2,NULL,NULL,NULL,1,'2025-06-21 15:12:32','2025-06-21 15:12:32'),(2410,2,190,37,225,2,NULL,NULL,NULL,1,'2025-06-21 15:12:32','2025-06-21 15:12:32'),(2411,2,190,37,226,2,NULL,NULL,NULL,1,'2025-06-21 15:12:32','2025-06-21 15:12:32'),(2412,2,190,37,227,2,NULL,NULL,NULL,1,'2025-06-21 15:12:32','2025-06-21 15:12:32'),(2413,2,190,37,228,3,101,NULL,'05:56:04',NULL,'2025-06-21 15:12:32','2025-06-21 15:12:32'),(2414,2,191,39,229,0,102,'00:00:00',NULL,NULL,'2025-06-21 15:12:32','2025-06-21 15:12:32'),(2415,2,191,39,230,1,103,'00:00:00','00:00:00',NULL,'2025-06-21 15:12:32','2025-06-21 15:12:32'),(2416,2,191,39,231,1,104,'00:00:00','00:00:00',NULL,'2025-06-21 15:12:32','2025-06-21 15:12:32'),(2417,2,191,39,232,2,NULL,NULL,NULL,1,'2025-06-21 15:12:32','2025-06-21 15:12:32'),(2418,2,191,39,233,2,NULL,NULL,NULL,1,'2025-06-21 15:12:32','2025-06-21 15:12:32'),(2419,2,191,39,234,2,NULL,NULL,NULL,1,'2025-06-21 15:12:32','2025-06-21 15:12:32'),(2420,2,191,39,235,2,NULL,NULL,NULL,1,'2025-06-21 15:12:32','2025-06-21 15:12:32'),(2421,2,191,39,236,2,NULL,NULL,NULL,1,'2025-06-21 15:12:32','2025-06-21 15:12:32'),(2422,2,191,39,237,2,NULL,NULL,NULL,1,'2025-06-21 15:12:32','2025-06-21 15:12:32'),(2423,2,191,39,238,2,NULL,NULL,NULL,1,'2025-06-21 15:12:32','2025-06-21 15:12:32'),(2424,2,191,39,239,2,NULL,NULL,NULL,1,'2025-06-21 15:12:32','2025-06-21 15:12:32'),(2425,2,191,39,240,2,NULL,NULL,NULL,1,'2025-06-21 15:12:32','2025-06-21 15:12:32'),(2426,2,191,39,241,3,105,NULL,'00:00:00',NULL,'2025-06-21 15:12:32','2025-06-21 15:12:32'),(2427,2,192,40,255,0,110,'03:33:13',NULL,NULL,'2025-06-21 15:12:32','2025-06-21 15:12:33'),(2428,2,192,40,256,1,111,'03:47:29','04:03:08',NULL,'2025-06-21 15:12:32','2025-06-21 15:12:33'),(2429,2,192,40,257,1,112,'05:31:39','19:09:00',NULL,'2025-06-21 15:12:32','2025-06-21 15:12:33'),(2430,2,192,40,258,2,NULL,NULL,NULL,1,'2025-06-21 15:12:32','2025-06-21 15:12:32'),(2431,2,192,40,259,2,NULL,NULL,NULL,1,'2025-06-21 15:12:32','2025-06-21 15:12:32'),(2432,2,192,40,260,2,NULL,NULL,NULL,1,'2025-06-21 15:12:32','2025-06-21 15:12:32'),(2433,2,192,40,261,2,NULL,NULL,NULL,1,'2025-06-21 15:12:32','2025-06-21 15:12:32'),(2434,2,192,40,262,2,NULL,NULL,NULL,1,'2025-06-21 15:12:32','2025-06-21 15:12:32'),(2435,2,192,40,263,2,NULL,NULL,NULL,1,'2025-06-21 15:12:32','2025-06-21 15:12:32'),(2436,2,192,40,264,2,NULL,NULL,NULL,1,'2025-06-21 15:12:32','2025-06-21 15:12:32'),(2437,2,192,40,265,2,NULL,NULL,NULL,1,'2025-06-21 15:12:32','2025-06-21 15:12:32'),(2438,2,192,40,266,2,NULL,NULL,NULL,1,'2025-06-21 15:12:32','2025-06-21 15:12:32'),(2439,2,192,40,267,3,113,NULL,'07:32:57',NULL,'2025-06-21 15:12:32','2025-06-21 15:12:33'),(2440,2,193,41,242,0,106,'02:12:04',NULL,NULL,'2025-06-21 15:12:32','2025-06-21 15:12:33'),(2441,2,193,41,243,1,107,'03:32:48','03:47:47',NULL,'2025-06-21 15:12:32','2025-06-21 15:12:33'),(2442,2,193,41,244,1,108,'05:11:52','05:51:31',NULL,'2025-06-21 15:12:32','2025-06-21 15:12:33'),(2443,2,193,41,245,2,NULL,NULL,NULL,1,'2025-06-21 15:12:32','2025-06-21 15:12:32'),(2444,2,193,41,246,2,NULL,NULL,NULL,1,'2025-06-21 15:12:32','2025-06-21 15:12:32'),(2445,2,193,41,247,2,NULL,NULL,NULL,1,'2025-06-21 15:12:32','2025-06-21 15:12:32'),(2446,2,193,41,248,2,NULL,NULL,NULL,1,'2025-06-21 15:12:32','2025-06-21 15:12:32'),(2447,2,193,41,249,2,NULL,NULL,NULL,1,'2025-06-21 15:12:32','2025-06-21 15:12:32'),(2448,2,193,41,250,2,NULL,NULL,NULL,1,'2025-06-21 15:12:32','2025-06-21 15:12:32'),(2449,2,193,41,251,2,NULL,NULL,NULL,1,'2025-06-21 15:12:32','2025-06-21 15:12:32'),(2450,2,193,41,252,2,NULL,NULL,NULL,1,'2025-06-21 15:12:32','2025-06-21 15:12:32'),(2451,2,193,41,253,2,NULL,NULL,NULL,1,'2025-06-21 15:12:32','2025-06-21 15:12:32'),(2452,2,193,41,254,3,109,NULL,'08:21:10',NULL,'2025-06-21 15:12:32','2025-06-21 15:12:33'),(2453,2,194,42,242,0,106,'02:29:17',NULL,NULL,'2025-06-21 15:12:32','2025-06-21 15:12:33'),(2454,2,194,42,243,1,107,'04:22:48','04:38:04',NULL,'2025-06-21 15:12:32','2025-06-21 15:12:33'),(2455,2,194,42,244,1,108,'06:25:07','06:48:48',NULL,'2025-06-21 15:12:32','2025-06-21 15:12:33'),(2456,2,194,42,245,2,NULL,NULL,NULL,1,'2025-06-21 15:12:32','2025-06-21 15:12:32'),(2457,2,194,42,246,2,NULL,NULL,NULL,1,'2025-06-21 15:12:32','2025-06-21 15:12:32'),(2458,2,194,42,247,2,NULL,NULL,NULL,1,'2025-06-21 15:12:32','2025-06-21 15:12:32'),(2459,2,194,42,248,2,NULL,NULL,NULL,1,'2025-06-21 15:12:32','2025-06-21 15:12:32'),(2460,2,194,42,249,2,NULL,NULL,NULL,1,'2025-06-21 15:12:32','2025-06-21 15:12:32'),(2461,2,194,42,250,2,NULL,NULL,NULL,1,'2025-06-21 15:12:32','2025-06-21 15:12:32'),(2462,2,194,42,251,2,NULL,NULL,NULL,1,'2025-06-21 15:12:32','2025-06-21 15:12:32'),(2463,2,194,42,252,2,NULL,NULL,NULL,1,'2025-06-21 15:12:32','2025-06-21 15:12:32'),(2464,2,194,42,253,2,NULL,NULL,NULL,1,'2025-06-21 15:12:32','2025-06-21 15:12:32'),(2465,2,194,42,254,3,109,NULL,'09:34:22',NULL,'2025-06-21 15:12:32','2025-06-21 15:12:33'),(2479,2,196,44,242,0,106,'01:48:01',NULL,NULL,'2025-06-21 15:12:32','2025-06-21 15:12:33'),(2480,2,196,44,243,1,107,'03:05:37','03:18:10',NULL,'2025-06-21 15:12:32','2025-06-21 15:12:33'),(2481,2,196,44,244,1,108,'04:24:53','04:49:36',NULL,'2025-06-21 15:12:32','2025-06-21 15:12:33'),(2482,2,196,44,245,2,NULL,NULL,NULL,1,'2025-06-21 15:12:32','2025-06-21 15:12:32'),(2483,2,196,44,246,2,NULL,NULL,NULL,1,'2025-06-21 15:12:32','2025-06-21 15:12:32'),(2484,2,196,44,247,2,NULL,NULL,NULL,1,'2025-06-21 15:12:32','2025-06-21 15:12:32'),(2485,2,196,44,248,2,NULL,NULL,NULL,1,'2025-06-21 15:12:32','2025-06-21 15:12:32'),(2486,2,196,44,249,2,NULL,NULL,NULL,1,'2025-06-21 15:12:32','2025-06-21 15:12:32'),(2487,2,196,44,250,2,NULL,NULL,NULL,1,'2025-06-21 15:12:32','2025-06-21 15:12:32'),(2488,2,196,44,251,2,NULL,NULL,NULL,1,'2025-06-21 15:12:32','2025-06-21 15:12:32'),(2489,2,196,44,252,2,NULL,NULL,NULL,1,'2025-06-21 15:12:32','2025-06-21 15:12:32'),(2490,2,196,44,253,2,NULL,NULL,NULL,1,'2025-06-21 15:12:32','2025-06-21 15:12:32'),(2491,2,196,44,254,3,109,NULL,'06:58:32',NULL,'2025-06-21 15:12:32','2025-06-21 15:12:33'),(2492,2,197,45,268,0,114,'02:24:06',NULL,NULL,'2025-06-21 15:12:32','2025-06-21 15:12:32'),(2493,2,197,45,269,1,115,'03:33:36','03:42:12',NULL,'2025-06-21 15:12:32','2025-06-21 15:12:32'),(2494,2,197,45,270,1,116,'04:51:49','05:06:34',NULL,'2025-06-21 15:12:32','2025-06-21 15:12:32'),(2495,2,197,45,271,2,NULL,NULL,NULL,1,'2025-06-21 15:12:32','2025-06-21 15:12:32'),(2496,2,197,45,272,2,NULL,NULL,NULL,1,'2025-06-21 15:12:32','2025-06-21 15:12:32'),(2497,2,197,45,273,2,NULL,NULL,NULL,1,'2025-06-21 15:12:32','2025-06-21 15:12:32'),(2498,2,197,45,274,2,NULL,NULL,NULL,1,'2025-06-21 15:12:32','2025-06-21 15:12:32'),(2499,2,197,45,275,2,NULL,NULL,NULL,1,'2025-06-21 15:12:32','2025-06-21 15:12:32'),(2500,2,197,45,276,2,NULL,NULL,NULL,1,'2025-06-21 15:12:32','2025-06-21 15:12:32'),(2501,2,197,45,277,2,NULL,NULL,NULL,1,'2025-06-21 15:12:32','2025-06-21 15:12:32'),(2502,2,197,45,278,2,NULL,NULL,NULL,1,'2025-06-21 15:12:32','2025-06-21 15:12:32'),(2503,2,197,45,279,2,NULL,NULL,NULL,1,'2025-06-21 15:12:32','2025-06-21 15:12:32'),(2504,2,197,45,280,3,117,NULL,'07:06:16',NULL,'2025-06-21 15:12:32','2025-06-21 15:12:32'),(2505,2,198,46,281,0,118,'02:21:15',NULL,NULL,'2025-06-21 15:12:32','2025-06-21 15:12:32'),(2506,2,198,46,282,1,119,'03:37:55','03:46:59',NULL,'2025-06-21 15:12:32','2025-06-21 15:12:32'),(2507,2,198,46,283,1,120,'04:54:14','05:27:58',NULL,'2025-06-21 15:12:32','2025-06-21 15:12:32'),(2508,2,198,46,284,2,NULL,NULL,NULL,1,'2025-06-21 15:12:32','2025-06-21 15:12:32'),(2509,2,198,46,285,2,NULL,NULL,NULL,1,'2025-06-21 15:12:32','2025-06-21 15:12:32'),(2510,2,198,46,286,2,NULL,NULL,NULL,1,'2025-06-21 15:12:32','2025-06-21 15:12:32'),(2511,2,198,46,287,2,NULL,NULL,NULL,1,'2025-06-21 15:12:32','2025-06-21 15:12:32'),(2512,2,198,46,288,2,NULL,NULL,NULL,1,'2025-06-21 15:12:32','2025-06-21 15:12:32'),(2513,2,198,46,289,2,NULL,NULL,NULL,1,'2025-06-21 15:12:32','2025-06-21 15:12:32'),(2514,2,198,46,290,2,NULL,NULL,NULL,1,'2025-06-21 15:12:32','2025-06-21 15:12:32'),(2515,2,198,46,291,2,NULL,NULL,NULL,1,'2025-06-21 15:12:32','2025-06-21 15:12:32'),(2516,2,198,46,292,2,NULL,NULL,NULL,1,'2025-06-21 15:12:32','2025-06-21 15:12:32'),(2517,2,198,46,293,3,121,NULL,'07:29:43',NULL,'2025-06-21 15:12:32','2025-06-21 15:12:32'),(2518,2,199,47,229,0,102,'02:20:33',NULL,NULL,'2025-06-21 15:12:32','2025-06-21 15:12:32'),(2519,2,199,47,230,1,103,'03:11:56','03:23:11',NULL,'2025-06-21 15:12:32','2025-06-21 15:12:32'),(2520,2,199,47,231,1,104,'04:05:03','04:30:41',NULL,'2025-06-21 15:12:32','2025-06-21 15:12:32'),(2521,2,199,47,232,2,NULL,NULL,NULL,1,'2025-06-21 15:12:32','2025-06-21 15:12:32'),(2522,2,199,47,233,2,NULL,NULL,NULL,1,'2025-06-21 15:12:32','2025-06-21 15:12:32'),(2523,2,199,47,234,2,NULL,NULL,NULL,1,'2025-06-21 15:12:32','2025-06-21 15:12:32'),(2524,2,199,47,235,2,NULL,NULL,NULL,1,'2025-06-21 15:12:32','2025-06-21 15:12:32'),(2525,2,199,47,236,2,NULL,NULL,NULL,1,'2025-06-21 15:12:32','2025-06-21 15:12:32'),(2526,2,199,47,237,2,NULL,NULL,NULL,1,'2025-06-21 15:12:32','2025-06-21 15:12:32'),(2527,2,199,47,238,2,NULL,NULL,NULL,1,'2025-06-21 15:12:32','2025-06-21 15:12:32'),(2528,2,199,47,239,2,NULL,NULL,NULL,1,'2025-06-21 15:12:32','2025-06-21 15:12:32'),(2529,2,199,47,240,2,NULL,NULL,NULL,1,'2025-06-21 15:12:32','2025-06-21 15:12:32'),(2530,2,199,47,241,3,105,NULL,'05:35:39',NULL,'2025-06-21 15:12:32','2025-06-21 15:12:32'),(2531,2,200,48,242,0,106,'02:17:07',NULL,NULL,'2025-06-21 15:12:32','2025-06-21 15:12:33'),(2532,2,200,48,243,1,107,'03:51:03','04:04:08',NULL,'2025-06-21 15:12:32','2025-06-21 15:12:33'),(2533,2,200,48,244,1,108,'05:20:56','05:52:44',NULL,'2025-06-21 15:12:32','2025-06-21 15:12:33'),(2534,2,200,48,245,2,NULL,NULL,NULL,1,'2025-06-21 15:12:32','2025-06-21 15:12:32'),(2535,2,200,48,246,2,NULL,NULL,NULL,1,'2025-06-21 15:12:32','2025-06-21 15:12:32'),(2536,2,200,48,247,2,NULL,NULL,NULL,1,'2025-06-21 15:12:32','2025-06-21 15:12:32'),(2537,2,200,48,248,2,NULL,NULL,NULL,1,'2025-06-21 15:12:32','2025-06-21 15:12:32'),(2538,2,200,48,249,2,NULL,NULL,NULL,1,'2025-06-21 15:12:32','2025-06-21 15:12:32'),(2539,2,200,48,250,2,NULL,NULL,NULL,1,'2025-06-21 15:12:32','2025-06-21 15:12:32'),(2540,2,200,48,251,2,NULL,NULL,NULL,1,'2025-06-21 15:12:32','2025-06-21 15:12:32'),(2541,2,200,48,252,2,NULL,NULL,NULL,1,'2025-06-21 15:12:32','2025-06-21 15:12:32'),(2542,2,200,48,253,2,NULL,NULL,NULL,1,'2025-06-21 15:12:32','2025-06-21 15:12:32'),(2543,2,200,48,254,3,109,NULL,'08:15:00',NULL,'2025-06-21 15:12:32','2025-06-21 15:12:33'),(2544,2,201,49,242,0,106,'02:11:22',NULL,NULL,'2025-06-21 15:12:32','2025-06-21 15:12:33'),(2545,2,201,49,243,1,107,'03:44:36','03:57:01',NULL,'2025-06-21 15:12:32','2025-06-21 15:12:33'),(2546,2,201,49,244,1,108,'05:14:28','05:46:16',NULL,'2025-06-21 15:12:32','2025-06-21 15:12:33'),(2547,2,201,49,245,2,NULL,NULL,NULL,1,'2025-06-21 15:12:32','2025-06-21 15:12:32'),(2548,2,201,49,246,2,NULL,NULL,NULL,1,'2025-06-21 15:12:32','2025-06-21 15:12:32'),(2549,2,201,49,247,2,NULL,NULL,NULL,1,'2025-06-21 15:12:32','2025-06-21 15:12:32'),(2550,2,201,49,248,2,NULL,NULL,NULL,1,'2025-06-21 15:12:32','2025-06-21 15:12:32'),(2551,2,201,49,249,2,NULL,NULL,NULL,1,'2025-06-21 15:12:32','2025-06-21 15:12:32'),(2552,2,201,49,250,2,NULL,NULL,NULL,1,'2025-06-21 15:12:32','2025-06-21 15:12:32'),(2553,2,201,49,251,2,NULL,NULL,NULL,1,'2025-06-21 15:12:32','2025-06-21 15:12:32'),(2554,2,201,49,252,2,NULL,NULL,NULL,1,'2025-06-21 15:12:32','2025-06-21 15:12:32'),(2555,2,201,49,253,2,NULL,NULL,NULL,1,'2025-06-21 15:12:32','2025-06-21 15:12:32'),(2556,2,201,49,254,3,109,NULL,'08:08:34',NULL,'2025-06-21 15:12:32','2025-06-21 15:12:33'),(2557,2,202,50,242,0,106,'02:10:04',NULL,NULL,'2025-06-21 15:12:32','2025-06-21 15:12:33'),(2558,2,202,50,243,1,107,'04:21:33','04:34:08',NULL,'2025-06-21 15:12:32','2025-06-21 15:12:33'),(2559,2,202,50,244,1,108,'06:59:19','07:23:25',NULL,'2025-06-21 15:12:32','2025-06-21 15:12:33'),(2560,2,202,50,245,2,NULL,NULL,NULL,1,'2025-06-21 15:12:32','2025-06-21 15:12:32'),(2561,2,202,50,246,2,NULL,NULL,NULL,1,'2025-06-21 15:12:32','2025-06-21 15:12:32'),(2562,2,202,50,247,2,NULL,NULL,NULL,1,'2025-06-21 15:12:32','2025-06-21 15:12:32'),(2563,2,202,50,248,2,NULL,NULL,NULL,1,'2025-06-21 15:12:32','2025-06-21 15:12:32'),(2564,2,202,50,249,2,NULL,NULL,NULL,1,'2025-06-21 15:12:32','2025-06-21 15:12:32'),(2565,2,202,50,250,2,NULL,NULL,NULL,1,'2025-06-21 15:12:32','2025-06-21 15:12:32'),(2566,2,202,50,251,2,NULL,NULL,NULL,1,'2025-06-21 15:12:32','2025-06-21 15:12:32'),(2567,2,202,50,252,2,NULL,NULL,NULL,1,'2025-06-21 15:12:32','2025-06-21 15:12:32'),(2568,2,202,50,253,2,NULL,NULL,NULL,1,'2025-06-21 15:12:32','2025-06-21 15:12:32'),(2569,2,202,50,254,3,109,NULL,'09:56:23',NULL,'2025-06-21 15:12:32','2025-06-21 15:12:33'),(2570,2,203,51,242,0,106,'01:56:13',NULL,NULL,'2025-06-21 15:12:32','2025-06-21 15:12:33'),(2571,2,203,51,243,1,107,'03:15:06','03:28:03',NULL,'2025-06-21 15:12:32','2025-06-21 15:12:33'),(2572,2,203,51,244,1,108,'04:26:42','04:57:39',NULL,'2025-06-21 15:12:32','2025-06-21 15:12:33'),(2573,2,203,51,245,2,NULL,NULL,NULL,1,'2025-06-21 15:12:32','2025-06-21 15:12:32'),(2574,2,203,51,246,2,NULL,NULL,NULL,1,'2025-06-21 15:12:32','2025-06-21 15:12:32'),(2575,2,203,51,247,2,NULL,NULL,NULL,1,'2025-06-21 15:12:32','2025-06-21 15:12:32'),(2576,2,203,51,248,2,NULL,NULL,NULL,1,'2025-06-21 15:12:32','2025-06-21 15:12:32'),(2577,2,203,51,249,2,NULL,NULL,NULL,1,'2025-06-21 15:12:32','2025-06-21 15:12:32'),(2578,2,203,51,250,2,NULL,NULL,NULL,1,'2025-06-21 15:12:32','2025-06-21 15:12:32'),(2579,2,203,51,251,2,NULL,NULL,NULL,1,'2025-06-21 15:12:32','2025-06-21 15:12:32'),(2580,2,203,51,252,2,NULL,NULL,NULL,1,'2025-06-21 15:12:32','2025-06-21 15:12:32'),(2581,2,203,51,253,2,NULL,NULL,NULL,1,'2025-06-21 15:12:32','2025-06-21 15:12:32'),(2582,2,203,51,254,3,109,NULL,'06:38:11',NULL,'2025-06-21 15:12:32','2025-06-21 15:12:33'),(2583,2,204,52,242,0,106,'02:02:36',NULL,NULL,'2025-06-21 15:12:32','2025-06-21 15:12:33'),(2584,2,204,52,243,1,107,'03:22:28','03:35:09',NULL,'2025-06-21 15:12:32','2025-06-21 15:12:33'),(2585,2,204,52,244,1,108,'04:42:09','05:10:13',NULL,'2025-06-21 15:12:32','2025-06-21 15:12:33'),(2586,2,204,52,245,2,NULL,NULL,NULL,1,'2025-06-21 15:12:32','2025-06-21 15:12:32'),(2587,2,204,52,246,2,NULL,NULL,NULL,1,'2025-06-21 15:12:32','2025-06-21 15:12:32'),(2588,2,204,52,247,2,NULL,NULL,NULL,1,'2025-06-21 15:12:32','2025-06-21 15:12:32'),(2589,2,204,52,248,2,NULL,NULL,NULL,1,'2025-06-21 15:12:32','2025-06-21 15:12:32'),(2590,2,204,52,249,2,NULL,NULL,NULL,1,'2025-06-21 15:12:32','2025-06-21 15:12:32'),(2591,2,204,52,250,2,NULL,NULL,NULL,1,'2025-06-21 15:12:32','2025-06-21 15:12:32'),(2592,2,204,52,251,2,NULL,NULL,NULL,1,'2025-06-21 15:12:32','2025-06-21 15:12:32'),(2593,2,204,52,252,2,NULL,NULL,NULL,1,'2025-06-21 15:12:32','2025-06-21 15:12:32'),(2594,2,204,52,253,2,NULL,NULL,NULL,1,'2025-06-21 15:12:32','2025-06-21 15:12:32'),(2595,2,204,52,254,3,109,NULL,'07:16:25',NULL,'2025-06-21 15:12:32','2025-06-21 15:12:33'),(2596,2,205,53,268,0,114,'02:31:49',NULL,NULL,'2025-06-21 15:12:32','2025-06-21 15:12:33'),(2597,2,205,53,269,1,115,'04:14:06','04:28:32',NULL,'2025-06-21 15:12:32','2025-06-21 15:12:33'),(2598,2,205,53,270,1,116,'06:25:51','07:03:05',NULL,'2025-06-21 15:12:32','2025-06-21 15:12:33'),(2599,2,205,53,271,2,NULL,NULL,NULL,1,'2025-06-21 15:12:32','2025-06-21 15:12:32'),(2600,2,205,53,272,2,NULL,NULL,NULL,1,'2025-06-21 15:12:32','2025-06-21 15:12:32'),(2601,2,205,53,273,2,NULL,NULL,NULL,1,'2025-06-21 15:12:32','2025-06-21 15:12:32'),(2602,2,205,53,274,2,NULL,NULL,NULL,1,'2025-06-21 15:12:32','2025-06-21 15:12:32'),(2603,2,205,53,275,2,NULL,NULL,NULL,1,'2025-06-21 15:12:32','2025-06-21 15:12:32'),(2604,2,205,53,276,2,NULL,NULL,NULL,1,'2025-06-21 15:12:32','2025-06-21 15:12:32'),(2605,2,205,53,277,2,NULL,NULL,NULL,1,'2025-06-21 15:12:32','2025-06-21 15:12:32'),(2606,2,205,53,278,2,NULL,NULL,NULL,1,'2025-06-21 15:12:32','2025-06-21 15:12:32'),(2607,2,205,53,279,2,NULL,NULL,NULL,1,'2025-06-21 15:12:32','2025-06-21 15:12:32'),(2608,2,205,53,280,3,117,NULL,'09:49:16',NULL,'2025-06-21 15:12:32','2025-06-21 15:12:33'),(2609,2,206,54,229,0,102,'02:20:42',NULL,NULL,'2025-06-21 15:12:32','2025-06-21 15:12:32'),(2610,2,206,54,230,1,103,'03:31:38','03:45:12',NULL,'2025-06-21 15:12:32','2025-06-21 15:12:32'),(2611,2,206,54,231,1,104,'04:36:17','05:02:05',NULL,'2025-06-21 15:12:32','2025-06-21 15:12:32'),(2612,2,206,54,232,2,NULL,NULL,NULL,1,'2025-06-21 15:12:32','2025-06-21 15:12:32'),(2613,2,206,54,233,2,NULL,NULL,NULL,1,'2025-06-21 15:12:32','2025-06-21 15:12:32'),(2614,2,206,54,234,2,NULL,NULL,NULL,1,'2025-06-21 15:12:32','2025-06-21 15:12:32'),(2615,2,206,54,235,2,NULL,NULL,NULL,1,'2025-06-21 15:12:32','2025-06-21 15:12:32'),(2616,2,206,54,236,2,NULL,NULL,NULL,1,'2025-06-21 15:12:32','2025-06-21 15:12:32'),(2617,2,206,54,237,2,NULL,NULL,NULL,1,'2025-06-21 15:12:32','2025-06-21 15:12:32'),(2618,2,206,54,238,2,NULL,NULL,NULL,1,'2025-06-21 15:12:32','2025-06-21 15:12:32'),(2619,2,206,54,239,2,NULL,NULL,NULL,1,'2025-06-21 15:12:32','2025-06-21 15:12:32'),(2620,2,206,54,240,2,NULL,NULL,NULL,1,'2025-06-21 15:12:32','2025-06-21 15:12:32'),(2621,2,206,54,241,3,105,NULL,'06:27:52',NULL,'2025-06-21 15:12:32','2025-06-21 15:12:32'),(2622,2,207,55,242,0,106,'02:20:27',NULL,NULL,'2025-06-21 15:12:32','2025-06-21 15:12:33'),(2623,2,207,55,243,1,107,'03:41:31','03:55:25',NULL,'2025-06-21 15:12:32','2025-06-21 15:12:33'),(2624,2,207,55,244,1,108,'04:57:56','05:33:06',NULL,'2025-06-21 15:12:32','2025-06-21 15:12:33'),(2625,2,207,55,245,2,NULL,NULL,NULL,1,'2025-06-21 15:12:32','2025-06-21 15:12:32'),(2626,2,207,55,246,2,NULL,NULL,NULL,1,'2025-06-21 15:12:32','2025-06-21 15:12:32'),(2627,2,207,55,247,2,NULL,NULL,NULL,1,'2025-06-21 15:12:32','2025-06-21 15:12:32'),(2628,2,207,55,248,2,NULL,NULL,NULL,1,'2025-06-21 15:12:32','2025-06-21 15:12:32'),(2629,2,207,55,249,2,NULL,NULL,NULL,1,'2025-06-21 15:12:32','2025-06-21 15:12:32'),(2630,2,207,55,250,2,NULL,NULL,NULL,1,'2025-06-21 15:12:32','2025-06-21 15:12:32'),(2631,2,207,55,251,2,NULL,NULL,NULL,1,'2025-06-21 15:12:32','2025-06-21 15:12:32'),(2632,2,207,55,252,2,NULL,NULL,NULL,1,'2025-06-21 15:12:32','2025-06-21 15:12:32'),(2633,2,207,55,253,2,NULL,NULL,NULL,1,'2025-06-21 15:12:32','2025-06-21 15:12:32'),(2634,2,207,55,254,3,109,NULL,'07:26:47',NULL,'2025-06-21 15:12:32','2025-06-21 15:12:33'),(2635,2,208,56,255,0,110,'04:07:07',NULL,NULL,'2025-06-21 15:12:32','2025-06-21 15:12:33'),(2636,2,208,56,256,1,111,'04:19:22','04:35:09',NULL,'2025-06-21 15:12:32','2025-06-21 15:12:33'),(2637,2,208,56,257,1,112,'06:09:50','18:31:00',NULL,'2025-06-21 15:12:32','2025-06-21 15:12:33'),(2638,2,208,56,258,2,NULL,NULL,NULL,1,'2025-06-21 15:12:32','2025-06-21 15:12:32'),(2639,2,208,56,259,2,NULL,NULL,NULL,1,'2025-06-21 15:12:32','2025-06-21 15:12:32'),(2640,2,208,56,260,2,NULL,NULL,NULL,1,'2025-06-21 15:12:32','2025-06-21 15:12:32'),(2641,2,208,56,261,2,NULL,NULL,NULL,1,'2025-06-21 15:12:32','2025-06-21 15:12:32'),(2642,2,208,56,262,2,NULL,NULL,NULL,1,'2025-06-21 15:12:32','2025-06-21 15:12:32'),(2643,2,208,56,263,2,NULL,NULL,NULL,1,'2025-06-21 15:12:32','2025-06-21 15:12:32'),(2644,2,208,56,264,2,NULL,NULL,NULL,1,'2025-06-21 15:12:32','2025-06-21 15:12:32'),(2645,2,208,56,265,2,NULL,NULL,NULL,1,'2025-06-21 15:12:32','2025-06-21 15:12:32'),(2646,2,208,56,266,2,NULL,NULL,NULL,1,'2025-06-21 15:12:32','2025-06-21 15:12:32'),(2647,2,208,56,267,3,113,NULL,'09:03:41',NULL,'2025-06-21 15:12:32','2025-06-21 15:12:33'),(2648,2,209,57,220,0,98,'01:55:50',NULL,NULL,'2025-06-21 15:12:32','2025-06-21 15:12:32'),(2649,2,209,57,221,1,99,'03:33:41','03:48:41',NULL,'2025-06-21 15:12:32','2025-06-21 15:12:32'),(2650,2,209,57,222,1,100,'05:14:30','05:54:53',NULL,'2025-06-21 15:12:32','2025-06-21 15:12:32'),(2651,2,209,57,223,2,NULL,NULL,NULL,1,'2025-06-21 15:12:32','2025-06-21 15:12:32'),(2652,2,209,57,224,2,NULL,NULL,NULL,1,'2025-06-21 15:12:32','2025-06-21 15:12:32'),(2653,2,209,57,225,2,NULL,NULL,NULL,1,'2025-06-21 15:12:32','2025-06-21 15:12:32'),(2654,2,209,57,226,2,NULL,NULL,NULL,1,'2025-06-21 15:12:32','2025-06-21 15:12:32'),(2655,2,209,57,227,2,NULL,NULL,NULL,1,'2025-06-21 15:12:32','2025-06-21 15:12:32'),(2656,2,209,57,228,3,101,NULL,'07:57:57',NULL,'2025-06-21 15:12:32','2025-06-21 15:12:32'),(2657,2,210,58,229,0,102,'02:44:53',NULL,NULL,'2025-06-21 15:12:32','2025-06-21 15:12:32'),(2658,2,210,58,230,1,103,'04:03:20','04:15:14',NULL,'2025-06-21 15:12:32','2025-06-21 15:12:32'),(2659,2,210,58,231,1,104,'05:15:29','05:49:12',NULL,'2025-06-21 15:12:32','2025-06-21 15:12:32'),(2660,2,210,58,232,2,NULL,NULL,NULL,1,'2025-06-21 15:12:32','2025-06-21 15:12:32'),(2661,2,210,58,233,2,NULL,NULL,NULL,1,'2025-06-21 15:12:32','2025-06-21 15:12:32'),(2662,2,210,58,234,2,NULL,NULL,NULL,1,'2025-06-21 15:12:32','2025-06-21 15:12:32'),(2663,2,210,58,235,2,NULL,NULL,NULL,1,'2025-06-21 15:12:32','2025-06-21 15:12:32'),(2664,2,210,58,236,2,NULL,NULL,NULL,1,'2025-06-21 15:12:32','2025-06-21 15:12:32'),(2665,2,210,58,237,2,NULL,NULL,NULL,1,'2025-06-21 15:12:32','2025-06-21 15:12:32'),(2666,2,210,58,238,2,NULL,NULL,NULL,1,'2025-06-21 15:12:32','2025-06-21 15:12:32'),(2667,2,210,58,239,2,NULL,NULL,NULL,1,'2025-06-21 15:12:32','2025-06-21 15:12:32'),(2668,2,210,58,240,2,NULL,NULL,NULL,1,'2025-06-21 15:12:32','2025-06-21 15:12:32'),(2669,2,210,58,241,3,105,NULL,'07:17:32',NULL,'2025-06-21 15:12:32','2025-06-21 15:12:32'),(2670,2,211,43,242,0,NULL,'02:09:14',NULL,NULL,'2025-06-21 16:50:44','2025-06-21 16:50:44'),(2671,2,211,43,243,1,NULL,'03:29:04','03:42:22',NULL,'2025-06-21 16:50:44','2025-06-21 16:50:44'),(2672,2,211,43,244,1,NULL,'04:53:26','05:25:58',NULL,'2025-06-21 16:50:44','2025-06-21 16:50:44'),(2673,2,211,43,245,2,NULL,NULL,NULL,1,'2025-06-21 16:50:44','2025-06-21 16:50:44'),(2674,2,211,43,246,2,NULL,NULL,NULL,1,'2025-06-21 16:50:44','2025-06-21 16:50:44'),(2675,2,211,43,247,2,NULL,NULL,NULL,0,'2025-06-21 16:50:44','2025-06-21 16:50:44'),(2676,2,211,43,248,2,NULL,NULL,NULL,1,'2025-06-21 16:50:44','2025-06-21 16:50:44'),(2677,2,211,43,249,2,NULL,NULL,NULL,1,'2025-06-21 16:50:44','2025-06-21 16:50:44'),(2678,2,211,43,250,2,NULL,NULL,NULL,1,'2025-06-21 16:50:44','2025-06-21 16:50:44'),(2679,2,211,43,251,2,NULL,NULL,NULL,1,'2025-06-21 16:50:44','2025-06-21 16:50:44'),(2680,2,211,43,252,2,NULL,NULL,NULL,1,'2025-06-21 16:50:44','2025-06-21 16:50:44'),(2681,2,211,43,253,2,NULL,NULL,NULL,1,'2025-06-21 16:50:44','2025-06-21 16:50:44'),(2682,2,211,43,254,3,NULL,NULL,'07:13:17',NULL,'2025-06-21 16:50:44','2025-06-21 16:50:44');
/*!40000 ALTER TABLE `raidmontan_participations_entries` ENABLE KEYS */;
UNLOCK TABLES;
DROP TABLE IF EXISTS `raidmontan_stations`;
/*!40101 SET @saved_cs_client     = @@character_set_client */;
/*!50503 SET character_set_client = utf8mb4 */;
CREATE TABLE `raidmontan_stations` (
  `id` int NOT NULL AUTO_INCREMENT,
  `stage_id` int NOT NULL,
  `category_id` int NOT NULL,
  `station_type` tinyint NOT NULL COMMENT '0 = START, 1 = PA, 2 = PFA, 3 = FINISH',
  `maximum_time` mediumint DEFAULT NULL,
  `points` mediumint DEFAULT NULL,
  `created_at` timestamp NULL DEFAULT NULL,
  `updated_at` timestamp NULL DEFAULT NULL,
  PRIMARY KEY (`id`)
) ENGINE=InnoDB AUTO_INCREMENT=298 DEFAULT CHARSET=utf8mb4 COLLATE=utf8mb4_unicode_ci;
/*!40101 SET character_set_client = @saved_cs_client */;

LOCK TABLES `raidmontan_stations` WRITE;
/*!40000 ALTER TABLE `raidmontan_stations` DISABLE KEYS */;
INSERT INTO `raidmontan_stations` VALUES (1,1,1,0,NULL,NULL,'2025-06-08 04:57:37','2025-06-08 04:57:37'),(2,1,1,1,170,NULL,'2025-06-08 04:57:37','2025-06-08 04:57:37'),(3,1,1,2,NULL,250,'2025-06-08 04:57:37','2025-06-13 16:46:20'),(4,1,1,2,NULL,500,'2025-06-08 04:57:37','2025-06-08 04:57:37'),(5,1,1,2,NULL,500,'2025-06-08 04:57:37','2025-06-08 04:57:37'),(6,1,1,2,NULL,500,'2025-06-08 04:57:37','2025-06-08 04:57:37'),(7,1,1,2,NULL,500,'2025-06-08 04:57:37','2025-06-08 04:57:37'),(8,1,1,2,NULL,500,'2025-06-08 04:57:37','2025-06-08 04:57:37'),(9,1,1,2,NULL,500,'2025-06-08 04:57:37','2025-06-08 04:57:37'),(10,1,1,3,130,NULL,'2025-06-08 04:57:37','2025-06-08 04:57:37'),(11,1,3,0,NULL,NULL,'2025-06-08 04:58:37','2025-06-08 04:58:37'),(12,1,3,1,100,NULL,'2025-06-08 04:58:37','2025-06-08 04:58:37'),(13,1,3,1,50,NULL,'2025-06-08 04:58:37','2025-06-08 04:58:37'),(14,1,3,1,140,NULL,'2025-06-08 04:58:37','2025-06-08 04:58:37'),(15,1,3,2,NULL,250,'2025-06-08 04:58:37','2025-06-13 17:00:39'),(16,1,3,2,NULL,500,'2025-06-08 04:58:37','2025-06-08 04:58:37'),(17,1,3,2,NULL,500,'2025-06-08 04:58:37','2025-06-08 04:58:37'),(18,1,3,2,NULL,500,'2025-06-08 04:58:37','2025-06-08 04:58:37'),(19,1,3,2,NULL,250,'2025-06-08 04:58:37','2025-06-13 17:00:39'),(20,1,3,2,NULL,250,'2025-06-08 04:58:37','2025-06-13 17:00:39'),(21,1,3,2,NULL,500,'2025-06-08 04:58:37','2025-06-08 04:58:37'),(22,1,3,2,NULL,500,'2025-06-08 04:58:37','2025-06-08 04:58:37'),(23,1,3,2,NULL,500,'2025-06-08 04:58:37','2025-06-08 04:58:37'),(24,1,3,2,NULL,500,'2025-06-08 04:58:37','2025-06-08 04:58:37'),(25,1,3,3,100,NULL,'2025-06-08 04:58:37','2025-06-08 04:58:37'),(68,1,6,0,NULL,NULL,'2025-06-08 05:03:19','2025-06-08 05:03:19'),(69,1,6,1,120,NULL,'2025-06-08 05:03:19','2025-06-08 05:03:19'),(70,1,6,1,70,NULL,'2025-06-08 05:03:19','2025-06-08 05:03:19'),(71,1,6,1,160,NULL,'2025-06-08 05:03:19','2025-06-08 05:03:19'),(72,1,6,2,NULL,250,'2025-06-08 05:03:19','2025-06-13 17:00:13'),(73,1,6,2,NULL,500,'2025-06-08 05:03:19','2025-06-08 05:03:19'),(74,1,6,2,NULL,500,'2025-06-08 05:03:19','2025-06-08 05:03:19'),(75,1,6,2,NULL,500,'2025-06-08 05:03:19','2025-06-08 05:03:19'),(76,1,6,2,NULL,250,'2025-06-08 05:03:19','2025-06-13 17:00:13'),(77,1,6,2,NULL,250,'2025-06-08 05:03:19','2025-06-13 17:00:13'),(78,1,6,2,NULL,500,'2025-06-08 05:03:19','2025-06-08 05:03:19'),(79,1,6,2,NULL,500,'2025-06-08 05:03:19','2025-06-08 05:03:19'),(80,1,6,2,NULL,500,'2025-06-08 05:03:19','2025-06-08 05:03:19'),(81,1,6,2,NULL,500,'2025-06-08 05:03:19','2025-06-08 05:03:19'),(82,1,6,3,120,NULL,'2025-06-08 05:03:19','2025-06-08 05:03:19'),(97,1,7,0,NULL,NULL,'2025-06-08 05:19:42','2025-06-08 05:19:42'),(98,1,7,1,120,NULL,'2025-06-08 05:19:42','2025-06-08 05:19:42'),(99,1,7,1,70,NULL,'2025-06-08 05:19:42','2025-06-08 05:19:42'),(100,1,7,1,160,NULL,'2025-06-08 05:19:42','2025-06-08 05:19:42'),(101,1,7,2,NULL,250,'2025-06-08 05:19:42','2025-06-13 16:59:42'),(102,1,7,2,NULL,500,'2025-06-08 05:19:42','2025-06-08 05:19:42'),(103,1,7,2,NULL,500,'2025-06-08 05:19:42','2025-06-08 05:19:42'),(104,1,7,2,NULL,500,'2025-06-08 05:19:42','2025-06-08 05:19:42'),(105,1,7,2,NULL,250,'2025-06-08 05:19:42','2025-06-13 16:59:42'),(106,1,7,2,NULL,250,'2025-06-08 05:19:42','2025-06-13 16:59:42'),(107,1,7,2,NULL,500,'2025-06-08 05:19:42','2025-06-08 05:19:42'),(108,1,7,2,NULL,500,'2025-06-08 05:19:42','2025-06-08 05:19:42'),(109,1,7,2,NULL,500,'2025-06-08 05:19:42','2025-06-08 05:19:42'),(110,1,7,2,NULL,500,'2025-06-08 05:19:42','2025-06-08 05:19:42'),(111,1,7,3,120,NULL,'2025-06-08 05:19:42','2025-06-08 05:19:42'),(184,1,2,0,NULL,NULL,'2025-06-13 16:55:52','2025-06-13 16:55:52'),(185,1,2,1,200,NULL,'2025-06-13 16:55:52','2025-06-13 16:55:52'),(186,1,2,1,50,NULL,'2025-06-13 16:55:52','2025-06-13 16:55:52'),(187,1,2,2,NULL,250,'2025-06-13 16:55:52','2025-06-13 16:55:52'),(188,1,2,2,NULL,500,'2025-06-13 16:55:52','2025-06-13 16:55:52'),(189,1,2,2,NULL,500,'2025-06-13 16:55:52','2025-06-13 16:55:52'),(190,1,2,2,NULL,250,'2025-06-13 16:55:52','2025-06-13 16:55:52'),(191,1,2,2,NULL,500,'2025-06-13 16:55:52','2025-06-13 16:55:52'),(192,1,2,2,NULL,500,'2025-06-13 16:55:52','2025-06-13 16:55:52'),(193,1,2,2,NULL,500,'2025-06-13 16:55:52','2025-06-13 16:55:52'),(194,1,2,2,NULL,500,'2025-06-13 16:55:52','2025-06-13 16:55:52'),(195,1,2,3,140,NULL,'2025-06-13 16:55:52','2025-06-13 16:55:52'),(196,1,4,0,NULL,NULL,'2025-06-13 16:56:52','2025-06-13 16:56:52'),(197,1,4,1,200,NULL,'2025-06-13 16:56:52','2025-06-13 16:56:52'),(198,1,4,1,50,NULL,'2025-06-13 16:56:52','2025-06-13 16:56:52'),(199,1,4,2,NULL,250,'2025-06-13 16:56:52','2025-06-13 16:56:52'),(200,1,4,2,NULL,500,'2025-06-13 16:56:52','2025-06-13 16:56:52'),(201,1,4,2,NULL,500,'2025-06-13 16:56:52','2025-06-13 16:56:52'),(202,1,4,2,NULL,250,'2025-06-13 16:56:52','2025-06-13 16:56:52'),(203,1,4,2,NULL,500,'2025-06-13 16:56:52','2025-06-13 16:56:52'),(204,1,4,2,NULL,500,'2025-06-13 16:56:52','2025-06-13 16:56:52'),(205,1,4,2,NULL,500,'2025-06-13 16:56:52','2025-06-13 16:56:52'),(206,1,4,2,NULL,500,'2025-06-13 16:56:52','2025-06-13 16:56:52'),(207,1,4,3,140,NULL,'2025-06-13 16:56:52','2025-06-13 16:56:52'),(208,1,5,0,NULL,NULL,'2025-06-13 16:58:03','2025-06-13 16:58:03'),(209,1,5,1,200,NULL,'2025-06-13 16:58:03','2025-06-13 16:58:03'),(210,1,5,1,50,NULL,'2025-06-13 16:58:03','2025-06-13 16:58:03'),(211,1,5,2,NULL,250,'2025-06-13 16:58:03','2025-06-13 16:58:03'),(212,1,5,2,NULL,500,'2025-06-13 16:58:03','2025-06-13 16:58:03'),(213,1,5,2,NULL,500,'2025-06-13 16:58:03','2025-06-13 16:58:03'),(214,1,5,2,NULL,250,'2025-06-13 16:58:03','2025-06-13 16:58:03'),(215,1,5,2,NULL,500,'2025-06-13 16:58:03','2025-06-13 16:58:03'),(216,1,5,2,NULL,500,'2025-06-13 16:58:03','2025-06-13 16:58:03'),(217,1,5,2,NULL,500,'2025-06-13 16:58:03','2025-06-13 16:58:03'),(218,1,5,2,NULL,500,'2025-06-13 16:58:03','2025-06-13 16:58:03'),(219,1,5,3,140,NULL,'2025-06-13 16:58:03','2025-06-13 16:58:03'),(220,2,1,0,NULL,NULL,'2025-06-21 04:35:30','2025-06-21 04:35:30'),(221,2,1,1,65,NULL,'2025-06-21 04:35:30','2025-06-21 04:35:30'),(222,2,1,1,65,NULL,'2025-06-21 04:35:30','2025-06-21 04:35:30'),(223,2,1,2,NULL,500,'2025-06-21 04:35:30','2025-06-21 04:35:30'),(224,2,1,2,NULL,500,'2025-06-21 04:35:30','2025-06-21 04:35:30'),(225,2,1,2,NULL,200,'2025-06-21 04:35:30','2025-06-21 04:35:30'),(226,2,1,2,NULL,500,'2025-06-21 04:35:30','2025-06-21 04:35:30'),(227,2,1,2,NULL,500,'2025-06-21 04:35:30','2025-06-21 04:35:30'),(228,2,1,3,110,NULL,'2025-06-21 04:35:30','2025-06-21 04:35:30'),(229,2,3,0,NULL,NULL,'2025-06-21 04:36:32','2025-06-21 04:36:32'),(230,2,3,1,80,NULL,'2025-06-21 04:36:32','2025-06-21 04:36:32'),(231,2,3,1,70,NULL,'2025-06-21 04:36:32','2025-06-21 04:36:32'),(232,2,3,2,NULL,500,'2025-06-21 04:36:32','2025-06-21 04:36:32'),(233,2,3,2,NULL,500,'2025-06-21 04:36:32','2025-06-21 04:36:32'),(234,2,3,2,NULL,200,'2025-06-21 04:36:32','2025-06-21 04:36:32'),(235,2,3,2,NULL,500,'2025-06-21 04:36:32','2025-06-21 04:36:32'),(236,2,3,2,NULL,200,'2025-06-21 04:36:32','2025-06-21 04:36:32'),(237,2,3,2,NULL,500,'2025-06-21 04:36:32','2025-06-21 04:36:32'),(238,2,3,2,NULL,200,'2025-06-21 04:36:32','2025-06-21 04:36:32'),(239,2,3,2,NULL,200,'2025-06-21 04:36:32','2025-06-21 04:36:32'),(240,2,3,2,NULL,200,'2025-06-21 04:36:32','2025-06-21 04:36:32'),(241,2,3,3,90,NULL,'2025-06-21 04:36:32','2025-06-21 04:36:32'),(242,2,4,0,NULL,NULL,'2025-06-21 04:37:32','2025-06-21 04:37:32'),(243,2,4,1,110,NULL,'2025-06-21 04:37:32','2025-06-21 04:37:32'),(244,2,4,1,90,NULL,'2025-06-21 04:37:32','2025-06-21 04:37:32'),(245,2,4,2,NULL,500,'2025-06-21 04:37:32','2025-06-21 04:37:32'),(246,2,4,2,NULL,500,'2025-06-21 04:37:32','2025-06-21 04:37:32'),(247,2,4,2,NULL,200,'2025-06-21 04:37:32','2025-06-21 04:37:32'),(248,2,4,2,NULL,500,'2025-06-21 04:37:32','2025-06-21 04:37:32'),(249,2,4,2,NULL,200,'2025-06-21 04:37:32','2025-06-21 04:37:32'),(250,2,4,2,NULL,500,'2025-06-21 04:37:32','2025-06-21 04:37:32'),(251,2,4,2,NULL,200,'2025-06-21 04:37:32','2025-06-21 04:37:32'),(252,2,4,2,NULL,200,'2025-06-21 04:37:32','2025-06-21 04:37:32'),(253,2,4,2,NULL,200,'2025-06-21 04:37:32','2025-06-21 04:37:32'),(254,2,4,3,160,NULL,'2025-06-21 04:37:32','2025-06-21 04:37:32'),(255,2,5,0,NULL,NULL,'2025-06-21 04:38:21','2025-06-21 04:38:21'),(256,2,5,1,110,NULL,'2025-06-21 04:38:21','2025-06-21 04:38:21'),(257,2,5,1,90,NULL,'2025-06-21 04:38:21','2025-06-21 04:38:21'),(258,2,5,2,NULL,500,'2025-06-21 04:38:21','2025-06-21 04:38:21'),(259,2,5,2,NULL,500,'2025-06-21 04:38:21','2025-06-21 04:38:21'),(260,2,5,2,NULL,200,'2025-06-21 04:38:21','2025-06-21 04:38:21'),(261,2,5,2,NULL,500,'2025-06-21 04:38:21','2025-06-21 04:38:21'),(262,2,5,2,NULL,200,'2025-06-21 04:38:21','2025-06-21 04:38:21'),(263,2,5,2,NULL,500,'2025-06-21 04:38:21','2025-06-21 04:38:21'),(264,2,5,2,NULL,200,'2025-06-21 04:38:21','2025-06-21 04:38:21'),(265,2,5,2,NULL,200,'2025-06-21 04:38:21','2025-06-21 04:38:21'),(266,2,5,2,NULL,200,'2025-06-21 04:38:21','2025-06-21 04:38:21'),(267,2,5,3,160,NULL,'2025-06-21 04:38:21','2025-06-21 04:38:21'),(268,2,6,0,NULL,NULL,'2025-06-21 04:39:14','2025-06-21 04:39:14'),(269,2,6,1,100,NULL,'2025-06-21 04:39:14','2025-06-21 04:39:14'),(270,2,6,1,80,NULL,'2025-06-21 04:39:14','2025-06-21 04:39:14'),(271,2,6,2,NULL,500,'2025-06-21 04:39:14','2025-06-21 04:39:14'),(272,2,6,2,NULL,500,'2025-06-21 04:39:14','2025-06-21 04:39:14'),(273,2,6,2,NULL,200,'2025-06-21 04:39:14','2025-06-21 04:39:14'),(274,2,6,2,NULL,500,'2025-06-21 04:39:14','2025-06-21 04:39:14'),(275,2,6,2,NULL,200,'2025-06-21 04:39:14','2025-06-21 04:39:14'),(276,2,6,2,NULL,500,'2025-06-21 04:39:14','2025-06-21 04:39:14'),(277,2,6,2,NULL,200,'2025-06-21 04:39:14','2025-06-21 04:39:14'),(278,2,6,2,NULL,200,'2025-06-21 04:39:14','2025-06-21 04:39:14'),(279,2,6,2,NULL,200,'2025-06-21 04:39:14','2025-06-21 04:39:14'),(280,2,6,3,140,NULL,'2025-06-21 04:39:14','2025-06-21 04:39:14'),(281,2,7,0,NULL,NULL,'2025-06-21 04:40:23','2025-06-21 04:40:23'),(282,2,7,1,100,NULL,'2025-06-21 04:40:23','2025-06-21 04:40:23'),(283,2,7,1,80,NULL,'2025-06-21 04:40:23','2025-06-21 04:40:23'),(284,2,7,2,NULL,500,'2025-06-21 04:40:23','2025-06-21 04:40:23'),(285,2,7,2,NULL,500,'2025-06-21 04:40:23','2025-06-21 04:40:23'),(286,2,7,2,NULL,200,'2025-06-21 04:40:23','2025-06-21 04:40:23'),(287,2,7,2,NULL,500,'2025-06-21 04:40:23','2025-06-21 04:40:23'),(288,2,7,2,NULL,200,'2025-06-21 04:40:23','2025-06-21 04:40:23'),(289,2,7,2,NULL,500,'2025-06-21 04:40:23','2025-06-21 04:40:23'),(290,2,7,2,NULL,200,'2025-06-21 04:40:23','2025-06-21 04:40:23'),(291,2,7,2,NULL,200,'2025-06-21 04:40:23','2025-06-21 04:40:23'),(292,2,7,2,NULL,200,'2025-06-21 04:40:23','2025-06-21 04:40:23'),(293,2,7,3,140,NULL,'2025-06-21 04:40:23','2025-06-21 04:40:23'),(294,2,2,0,NULL,NULL,'2025-06-21 14:13:34','2025-06-21 14:13:34'),(295,2,2,1,30,NULL,'2025-06-21 14:13:34','2025-06-21 14:13:34'),(296,2,2,2,NULL,500,'2025-06-21 14:13:34','2025-06-21 14:13:34'),(297,2,2,3,20,NULL,'2025-06-21 14:13:34','2025-06-21 14:13:34');
/*!40000 ALTER TABLE `raidmontan_stations` ENABLE KEYS */;
UNLOCK TABLES;
DROP TABLE IF EXISTS `raidmontan_stations_stages`;
/*!40101 SET @saved_cs_client     = @@character_set_client */;
/*!50503 SET character_set_client = utf8mb4 */;
CREATE TABLE `raidmontan_stations_stages` (
  `id` int NOT NULL AUTO_INCREMENT,
  `stage_id` int NOT NULL,
  `category_id` int NOT NULL,
  `post` varchar(28) CHARACTER SET utf8mb4 COLLATE utf8mb4_unicode_ci NOT NULL,
  `cod_start` varchar(28) CHARACTER SET utf8mb4 COLLATE utf8mb4_unicode_ci DEFAULT NULL,
  `cod_finish` varchar(28) CHARACTER SET utf8mb4 COLLATE utf8mb4_unicode_ci DEFAULT NULL,
  `time` int DEFAULT NULL,
  `created_at` timestamp NULL DEFAULT NULL,
  `updated_at` timestamp NULL DEFAULT NULL,
  PRIMARY KEY (`id`)
) ENGINE=InnoDB AUTO_INCREMENT=122 DEFAULT CHARSET=utf8mb4 COLLATE=utf8mb4_unicode_ci;
/*!40101 SET character_set_client = @saved_cs_client */;

LOCK TABLES `raidmontan_stations_stages` WRITE;
/*!40000 ALTER TABLE `raidmontan_stations_stages` DISABLE KEYS */;
INSERT INTO `raidmontan_stations_stages` VALUES (1,1,1,'251','Start punch',NULL,NULL,'2025-06-08 05:11:58','2025-06-08 05:11:58'),(2,1,1,'1','Punch1','Punch2',30,'2025-06-08 05:11:58','2025-06-08 05:11:58'),(3,1,1,'252','Finish punch',NULL,NULL,'2025-06-08 05:11:58','2025-06-08 05:11:58'),(8,1,3,'251','Start punch',NULL,NULL,'2025-06-08 05:16:36','2025-06-08 05:16:36'),(9,1,3,'1','Punch1','Punch2',10,'2025-06-08 05:16:36','2025-06-08 05:16:36'),(10,1,3,'2','Punch3','Punch4',30,'2025-06-08 05:16:36','2025-06-08 05:16:36'),(11,1,3,'3','Punch5','Punch6',10,'2025-06-08 05:16:36','2025-06-08 05:16:36'),(12,1,3,'252','Finish punch',NULL,NULL,'2025-06-08 05:16:36','2025-06-08 05:16:36'),(21,1,6,'251','Start punch',NULL,NULL,'2025-06-08 05:18:18','2025-06-08 05:18:18'),(22,1,6,'1','Punch1','Punch2',10,'2025-06-08 05:18:18','2025-06-08 05:18:18'),(23,1,6,'2','Punch3','Punch4',30,'2025-06-08 05:18:18','2025-06-08 05:18:18'),(24,1,6,'3','Punch5','Punch6',10,'2025-06-08 05:18:18','2025-06-08 05:18:18'),(25,1,6,'252','Finish punch',NULL,NULL,'2025-06-08 05:18:18','2025-06-08 05:18:18'),(30,1,7,'251','Start punch',NULL,NULL,'2025-06-08 05:20:11','2025-06-08 05:20:11'),(31,1,7,'1','Punch1','Punch2',10,'2025-06-08 05:20:11','2025-06-08 05:20:11'),(32,1,7,'2','Punch3','Punch4',30,'2025-06-08 05:20:11','2025-06-08 05:20:11'),(33,1,7,'3','Punch5','Punch6',10,'2025-06-08 05:20:11','2025-06-08 05:20:11'),(34,1,7,'252','Finish punch',NULL,NULL,'2025-06-08 05:20:11','2025-06-08 05:20:11'),(35,1,2,'251','Start punch',NULL,NULL,'2025-06-13 16:56:26','2025-06-13 16:56:26'),(36,1,2,'1','Punch1','Punch2',30,'2025-06-13 16:56:26','2025-06-13 16:56:26'),(37,1,2,'2','Punch3','Punch4',10,'2025-06-13 16:56:26','2025-06-13 16:56:26'),(38,1,2,'252','Finish punch',NULL,NULL,'2025-06-13 16:56:26','2025-06-13 16:56:26'),(39,1,4,'251','Start punch',NULL,NULL,'2025-06-13 16:57:35','2025-06-13 16:57:35'),(40,1,4,'1','Punch1','Punch2',30,'2025-06-13 16:57:35','2025-06-13 16:57:35'),(41,1,4,'2','Punch3','Punch4',10,'2025-06-13 16:57:35','2025-06-13 16:57:35'),(42,1,4,'252','Finish punch',NULL,NULL,'2025-06-13 16:57:35','2025-06-13 16:57:35'),(43,1,5,'251','Start punch',NULL,NULL,'2025-06-13 16:58:28','2025-06-13 16:58:28'),(44,1,5,'1','Punch1','Punch2',30,'2025-06-13 16:58:28','2025-06-13 16:58:28'),(45,1,5,'2','Punch3','Punch4',10,'2025-06-13 16:58:28','2025-06-13 16:58:28'),(46,1,5,'252','Finish punch',NULL,NULL,'2025-06-13 16:58:28','2025-06-13 16:58:28'),(95,2,2,'251','Start punch',NULL,NULL,'2025-06-21 14:14:04','2025-06-21 14:14:04'),(96,2,2,'1','Punch1','Punch2',10,'2025-06-21 14:14:04','2025-06-21 14:14:04'),(97,2,2,'252','Punch3',NULL,NULL,'2025-06-21 14:14:04','2025-06-21 14:14:04'),(98,2,1,'251','Punch12',NULL,NULL,'2025-06-21 14:19:41','2025-06-21 14:19:41'),(99,2,1,'1','Punch13','Punch14',15,'2025-06-21 14:19:41','2025-06-21 14:19:41'),(100,2,1,'2','Punch15','Punch16',40,'2025-06-21 14:19:41','2025-06-21 14:19:41'),(101,2,1,'252','Finish punch',NULL,NULL,'2025-06-21 14:19:41','2025-06-21 14:19:41'),(102,2,3,'251','Punch17',NULL,NULL,'2025-06-21 14:20:48','2025-06-21 14:20:48'),(103,2,3,'1','Punch18','Punch19',15,'2025-06-21 14:20:48','2025-06-21 14:20:48'),(104,2,3,'2','Punch20','Punch21',40,'2025-06-21 14:20:48','2025-06-21 14:20:48'),(105,2,3,'252','Finish punch',NULL,NULL,'2025-06-21 14:20:48','2025-06-21 14:20:48'),(106,2,4,'251','Punch13',NULL,NULL,'2025-06-21 14:21:37','2025-06-21 14:21:37'),(107,2,4,'1','Punch14','Punch15',15,'2025-06-21 14:21:37','2025-06-21 14:21:37'),(108,2,4,'2','Punch16','Punch17',40,'2025-06-21 14:21:37','2025-06-21 14:21:37'),(109,2,4,'252','Finish punch',NULL,NULL,'2025-06-21 14:21:37','2025-06-21 14:21:37'),(110,2,5,'251','Punch13',NULL,NULL,'2025-06-21 14:22:19','2025-06-21 14:22:19'),(111,2,5,'1','Punch14','Punch15',15,'2025-06-21 14:22:19','2025-06-21 14:22:19'),(112,2,5,'2','Punch16','Punch17',40,'2025-06-21 14:22:19','2025-06-21 14:22:19'),(113,2,5,'252','Finish punch',NULL,NULL,'2025-06-21 14:22:19','2025-06-21 14:22:19'),(114,2,6,'251','Punch13',NULL,NULL,'2025-06-21 14:22:55','2025-06-21 14:22:55'),(115,2,6,'1','Punch14','Punch15',15,'2025-06-21 14:22:55','2025-06-21 14:22:55'),(116,2,6,'2','Punch16','Punch17',40,'2025-06-21 14:22:55','2025-06-21 14:22:55'),(117,2,6,'252','Finish punch',NULL,NULL,'2025-06-21 14:22:55','2025-06-21 14:22:55'),(118,2,7,'251','Punch17',NULL,NULL,'2025-06-21 14:23:37','2025-06-21 14:23:37'),(119,2,7,'1','Punch18','Punch19',15,'2025-06-21 14:23:37','2025-06-21 14:23:37'),(120,2,7,'2','Punch20','Punch21',40,'2025-06-21 14:23:37','2025-06-21 14:23:37'),(121,2,7,'252','Finish punch',NULL,NULL,'2025-06-21 14:23:37','2025-06-21 14:23:37');
/*!40000 ALTER TABLE `raidmontan_stations_stages` ENABLE KEYS */;
UNLOCK TABLES;
DROP TABLE IF EXISTS `stages`;
/*!40101 SET @saved_cs_client     = @@character_set_client */;
/*!50503 SET character_set_client = utf8mb4 */;
CREATE TABLE `stages` (
  `id` int NOT NULL AUTO_INCREMENT,
  `name` varchar(255) NOT NULL,
  `ong` varchar(255) NOT NULL,
  `created_at` timestamp NULL DEFAULT CURRENT_TIMESTAMP,
  `updated_at` timestamp NULL DEFAULT CURRENT_TIMESTAMP,
  PRIMARY KEY (`id`)
) ENGINE=InnoDB AUTO_INCREMENT=8 DEFAULT CHARSET=latin1;
/*!40101 SET character_set_client = @saved_cs_client */;

LOCK TABLES `stages` WRITE;
/*!40000 ALTER TABLE `stages` DISABLE KEYS */;
INSERT INTO `stages` VALUES (1,' Grand Prix Romania','Asociatia de Turism si Ecologie Carpatia',NULL,NULL),(2,' Trofeul Via-Retezat','Asociatia de turism montan \"VIA-RETEZAT\"',NULL,NULL),(3,'Trofeul Cocosul de Munte','Clubul de Turism Si Protectia Naturii \"Cocosul de munte\" Brasov',NULL,NULL),(4,' Trofeul Muntilor','Asociatia de Turism Gaska Bucuresti',NULL,NULL),(5,' Trofeul Temerarilor',' Asociatia Clubul Alpin Temerarii',NULL,NULL),(6,' Trofeul Jnepenilor','Asociatia pentru Tineret, Sport, Turism si Ecologie Jnepenii',NULL,NULL),(7,'Trofeul Pro-Parang','Asociatia de Schi Turism Montan Pro-Parang & ATE Carpatia',NULL,NULL);
/*!40000 ALTER TABLE `stages` ENABLE KEYS */;
UNLOCK TABLES;
DROP TABLE IF EXISTS `team_order_start`;
/*!40101 SET @saved_cs_client     = @@character_set_client */;
/*!50503 SET character_set_client = utf8mb4 */;
CREATE TABLE `team_order_start` (
  `id` int NOT NULL AUTO_INCREMENT,
  `stage_id` int NOT NULL,
  `order_date_start` varchar(255) DEFAULT NULL,
  `order_start_minutes` int NOT NULL DEFAULT '1',
  `created_at` timestamp NULL DEFAULT '0000-00-00 00:00:00',
  `updated_at` timestamp NULL DEFAULT '0000-00-00 00:00:00',
  PRIMARY KEY (`id`)
) ENGINE=InnoDB AUTO_INCREMENT=7 DEFAULT CHARSET=latin1;
/*!40101 SET character_set_client = @saved_cs_client */;

LOCK TABLES `team_order_start` WRITE;
/*!40000 ALTER TABLE `team_order_start` DISABLE KEYS */;
INSERT INTO `team_order_start` VALUES (1,1,'07:30:00',1,'2022-12-26 19:54:46','2024-06-28 17:47:17'),(2,2,'07:00:00',1,'2022-12-26 19:54:46','2025-06-21 05:02:24'),(3,3,'06:00:00',1,'2022-12-26 19:54:46','2024-07-19 17:07:20'),(4,4,'07:00:00',1,'2022-12-26 19:54:46','2024-08-02 15:07:31'),(5,5,'10:00:00',1,'2022-12-26 19:54:46','2022-12-27 18:53:23'),(6,6,'10:00:00',1,'2022-12-26 19:54:46','2022-12-27 18:53:23');
/*!40000 ALTER TABLE `team_order_start` ENABLE KEYS */;
UNLOCK TABLES;
DROP TABLE IF EXISTS `teams`;
/*!40101 SET @saved_cs_client     = @@character_set_client */;
/*!50503 SET character_set_client = utf8mb4 */;
CREATE TABLE `teams` (
  `id` int NOT NULL AUTO_INCREMENT,
  `stage_id` int NOT NULL,
  `number` int DEFAULT NULL,
  `name` varchar(255) CHARACTER SET utf8mb4 COLLATE utf8mb4_unicode_ci NOT NULL,
  `club_id` int NOT NULL,
  `category_id` int NOT NULL,
  `chipno` int DEFAULT NULL,
  `created_at` timestamp NULL DEFAULT NULL,
  `updated_at` timestamp NULL DEFAULT NULL,
  PRIMARY KEY (`id`)
) ENGINE=InnoDB AUTO_INCREMENT=59 DEFAULT CHARSET=utf8mb4 COLLATE=utf8mb4_unicode_ci;
/*!40101 SET character_set_client = @saved_cs_client */;

LOCK TABLES `teams` WRITE;
/*!40000 ALTER TABLE `teams` DISABLE KEYS */;
INSERT INTO `teams` VALUES (1,1,NULL,'Gaska Mafiota',4,3,NULL,'2025-06-07 14:30:37','2025-06-21 13:37:54'),(2,1,NULL,'Soimii Dragonei',19,3,NULL,'2025-06-07 14:30:54','2025-06-21 13:37:54'),(3,1,NULL,'Power Rangers',3,3,NULL,'2025-06-07 14:31:27','2025-06-21 13:37:54'),(4,1,NULL,'Zimbrii Hop-asa',13,3,NULL,'2025-06-07 14:31:45','2025-06-21 13:37:54'),(5,1,NULL,'Muscarienii',10,3,NULL,'2025-06-07 14:32:21','2025-06-21 13:37:54'),(6,1,NULL,'Zimbrii fara nume',13,3,NULL,'2025-06-07 14:34:51','2025-06-21 13:37:54'),(7,1,NULL,'Trei Tacamuri',3,7,NULL,'2025-06-07 14:35:25','2025-06-21 13:37:54'),(9,1,NULL,'Vulturul',3,4,NULL,'2025-06-07 14:36:24','2025-06-21 13:37:54'),(10,1,NULL,'Lupii CM',3,4,NULL,'2025-06-07 14:36:37','2025-06-21 13:37:54'),(11,1,NULL,'Colac peste Pupaza',3,4,NULL,'2025-06-07 14:36:53','2025-06-21 13:37:54'),(12,1,NULL,'Wonder Gaska',4,4,NULL,'2025-06-07 14:37:45','2025-06-21 13:37:54'),(13,1,NULL,'JNEPENII OLOGI',10,4,NULL,'2025-06-07 14:38:03','2025-06-21 13:37:54'),(14,1,NULL,'Baby Gin',15,4,NULL,'2025-06-07 14:38:24','2025-06-21 13:37:54'),(15,1,NULL,'Pasari Lati Lungila',10,4,NULL,'2025-06-07 14:38:41','2025-06-21 13:37:54'),(16,1,NULL,'Puicutele',3,6,NULL,'2025-06-07 14:39:06','2025-06-21 13:37:54'),(17,1,NULL,'CEI 3',12,2,NULL,'2025-06-07 14:39:32','2025-06-21 13:37:54'),(18,1,NULL,'Cavalerii',16,2,NULL,'2025-06-07 14:39:58','2025-06-21 13:37:54'),(19,1,NULL,'Gaska Veterana',4,5,NULL,'2025-06-07 14:40:13','2025-06-21 13:37:54'),(20,1,NULL,'Popovicii',12,1,NULL,'2025-06-07 14:40:32','2025-06-21 13:37:54'),(21,1,NULL,'Murgii',14,1,NULL,'2025-06-07 14:41:20','2025-06-21 13:37:54'),(22,1,NULL,'3 Frati patati',16,1,NULL,'2025-06-07 14:41:49','2025-06-21 13:37:54'),(23,1,NULL,'Gaska Bomba&Fitil',4,1,NULL,'2025-06-07 14:42:22','2025-06-21 13:37:54'),(24,1,NULL,'Mecanturist N. Generatie',17,1,NULL,'2025-06-07 14:42:52','2025-06-21 13:37:54'),(25,1,NULL,'Smart Femily',18,1,NULL,'2025-06-07 14:43:12','2025-06-21 13:37:54'),(26,1,NULL,'Fenix',17,1,NULL,'2025-06-07 14:43:27','2025-06-21 13:37:54'),(27,1,NULL,'Amatorii',12,4,NULL,'2025-06-07 15:03:00','2025-06-21 13:37:54'),(28,1,NULL,'Fetele cu dor de Duca',14,7,NULL,'2025-06-07 15:06:20','2025-06-21 13:37:54'),(29,1,NULL,'Vulturii',12,4,NULL,'2025-06-08 05:23:37','2025-06-21 13:37:54'),(30,1,NULL,'O zi cu soare',16,7,NULL,'2025-06-08 07:35:16','2025-06-21 13:37:54'),(31,1,NULL,'Jnepenii Hipocrate',10,7,NULL,'2025-06-08 16:18:55','2025-06-21 13:37:54'),(32,1,20,'Jnepenite Chiulangite',10,6,NULL,'2025-06-13 16:16:39','2025-06-21 13:37:54'),(33,2,NULL,'Palariosii',20,5,895336,'2025-06-21 02:53:53','2025-06-21 13:37:54'),(34,2,NULL,'Gentiana',20,4,2005189,'2025-06-21 02:54:39','2025-06-21 13:37:54'),(35,2,NULL,'Lupii Simerieni I',20,1,2005193,'2025-06-21 02:55:02','2025-06-21 13:37:54'),(36,2,NULL,'Dragonii',20,1,2005482,'2025-06-21 02:55:23','2025-06-21 13:37:54'),(37,2,NULL,'Lupii Simerieni II',20,1,895341,'2025-06-21 02:55:45','2025-06-21 13:37:54'),(39,2,NULL,'Gaska Mafioata 3 baieti',4,3,NULL,'2025-06-21 02:56:54','2025-06-21 13:37:54'),(40,2,NULL,'Gaska Veterana',4,5,2005492,'2025-06-21 02:57:18','2025-06-21 13:37:54'),(41,2,NULL,'Pro-Jnepenii',10,4,2005473,'2025-06-21 03:00:07','2025-06-21 13:37:54'),(42,2,NULL,'Gaska de Open',4,4,895334,'2025-06-21 03:01:18','2025-06-21 13:37:54'),(43,2,NULL,'Baby Gin',15,4,2005182,'2025-06-21 03:01:44','2025-06-21 13:37:54'),(44,2,NULL,'Cine v-o lucrat aicea?!',14,4,2005461,'2025-06-21 03:05:33','2025-06-21 13:37:54'),(45,2,NULL,'2 Blonde si-o Bruneta',14,6,895345,'2025-06-21 03:05:59','2025-06-21 13:37:54'),(46,2,NULL,'Codrii Cosminului',14,7,2050625,'2025-06-21 03:06:17','2025-06-21 13:37:54'),(47,2,NULL,'Flam-Beat',14,3,2005184,'2025-06-21 03:06:36','2025-06-21 13:37:54'),(48,2,NULL,'Hyking Therapy 1',22,4,895328,'2025-06-21 03:09:21','2025-06-21 13:37:54'),(49,2,NULL,'Hiking Therapy 2',22,4,2005433,'2025-06-21 03:09:38','2025-06-21 13:37:54'),(50,2,NULL,'Samurai',21,4,2005424,'2025-06-21 03:09:57','2025-06-21 13:37:54'),(51,2,NULL,'Skoda 1.4',3,4,2005186,'2025-06-21 03:11:41','2025-06-25 15:54:34'),(52,2,NULL,'Albastru',3,4,2005401,'2025-06-21 03:11:59','2025-06-25 15:54:44'),(53,2,NULL,'Suferinta Astrala Ceva',3,6,895339,'2025-06-21 03:12:17','2025-06-25 15:54:57'),(54,2,NULL,'Da-mi un GRR',3,3,2005450,'2025-06-21 03:12:33','2025-06-25 15:55:07'),(55,2,NULL,'Trei Brazi',3,4,2005190,'2025-06-21 03:12:54','2025-06-25 15:55:20'),(56,2,NULL,'Pro-Parang',11,5,1300001,'2025-06-21 03:13:40','2025-06-25 15:52:05'),(57,2,NULL,'Crocodilii',11,1,2005410,'2025-06-21 03:14:01','2025-06-25 15:52:15'),(58,2,NULL,'E mult, e Greu',12,3,2005440,'2025-06-21 03:14:17','2025-06-21 13:37:54');
/*!40000 ALTER TABLE `teams` ENABLE KEYS */;
UNLOCK TABLES;
DROP TABLE IF EXISTS `uuids_orienteering`;
/*!40101 SET @saved_cs_client     = @@character_set_client */;
/*!50503 SET character_set_client = utf8mb4 */;
CREATE TABLE `uuids_orienteering` (
  `id` int NOT NULL AUTO_INCREMENT,
  `name` varchar(255) CHARACTER SET utf8mb3 COLLATE utf8mb3_bin NOT NULL,
  PRIMARY KEY (`id`),
  UNIQUE KEY `uuid_name` (`name`)
) ENGINE=InnoDB AUTO_INCREMENT=145 DEFAULT CHARSET=utf8mb3;
/*!40101 SET character_set_client = @saved_cs_client */;

LOCK TABLES `uuids_orienteering` WRITE;
/*!40000 ALTER TABLE `uuids_orienteering` DISABLE KEYS */;
INSERT INTO `uuids_orienteering` VALUES (2,'03 10 75 C2'),(72,'03 1F 3D C2'),(100,'03 63 36 C2'),(111,'03 6F 36 C2'),(114,'03 77 36 C2'),(68,'03 83 35 C2'),(91,'03 B7 3E C2'),(77,'03 BF 41 C2'),(138,'03 D2 3F C2'),(133,'03 D5 33 C2'),(58,'03 D8 36 C2'),(8,'03 DC 37 C2'),(49,'03 E0 37 C2'),(83,'03 E4 38 C2'),(129,'13 1A 38 C2'),(43,'13 2B 3D C2'),(107,'13 30 3A C2'),(67,'13 52 34 C2'),(93,'13 56 38 C2'),(82,'13 62 36 C2'),(74,'13 75 41 C2'),(70,'13 89 36 C2'),(79,'13 F0 34 C2'),(122,'23 0C 35 C2'),(18,'23 13 3A C2'),(115,'23 37 38 C2'),(143,'23 4C 3D C2'),(112,'23 58 3D C2'),(140,'23 D4 35 C2'),(13,'23 F5 35 C2'),(99,'23 F5 36 C2'),(40,'33 07 42 C2'),(39,'33 16 3E C2'),(123,'33 2C 38 C2'),(6,'33 3A 3E C2'),(33,'33 5E 36 C2'),(21,'33 67 3D C2'),(132,'33 89 36 C2'),(113,'33 C1 37 C2'),(106,'33 F5 36 C2'),(64,'43 1E 3A C2'),(20,'43 22 37 C2'),(37,'43 33 3C C2'),(52,'43 3A 42 C2'),(22,'43 6F 3C C2'),(119,'43 70 74 C2'),(1,'43 C2 41 C2'),(59,'43 C8 3A C2'),(51,'43 D1 37 C2'),(50,'43 EB 74 C2'),(54,'53 0B 3A C2'),(26,'53 3D 75 C2'),(127,'53 3E 42 C2'),(92,'53 50 38 C2'),(63,'53 9F 36 C2'),(34,'53 AA 41 C2'),(61,'53 D8 38 C2'),(84,'53 E2 41 C2'),(116,'53 E4 3D C2'),(121,'53 F0 36 C2'),(53,'63 3E 38 C2'),(94,'63 49 3E C2'),(65,'63 9B 37 C2'),(19,'63 DD 38 C2'),(23,'63 E5 37 C2'),(89,'63 EC 38 C2'),(62,'63 F0 39 C2'),(105,'73 17 3F C2'),(71,'73 26 37 C2'),(9,'73 2A 38 C2'),(55,'73 30 3A C2'),(31,'73 35 37 C2'),(136,'73 3C 36 C2'),(45,'73 64 38 C2'),(142,'73 7C 38 C2'),(38,'73 9A 3A C2'),(98,'73 A2 38 C2'),(110,'73 D0 41 C2'),(102,'73 E2 3D C2'),(12,'73 FF 41 C2'),(135,'83 2B 3F C2'),(124,'83 46 3E C2'),(95,'83 EF 41 C2'),(86,'93 28 3A C2'),(101,'93 29 35 C2'),(57,'93 40 38 C2'),(85,'93 51 3D C2'),(16,'93 5A 3F C2'),(17,'93 81 35 C2'),(24,'93 95 74 C2'),(109,'93 A6 3C C2'),(15,'93 BF 3D C2'),(78,'93 CB 36 C2'),(81,'93 D0 35 C2'),(104,'A3 11 36 C2'),(27,'A3 16 37 C2'),(90,'A3 46 38 C2'),(48,'A3 88 35 C2'),(5,'A3 EB 74 C2'),(103,'A9 AB 89 AB'),(88,'A9 C2 89 AB'),(66,'B3 75 38 C2'),(139,'B3 A1 3F C2'),(30,'B3 C5 37 C2'),(47,'B3 C5 3F C2'),(69,'B3 C9 37 C2'),(76,'B3 D0 36 C2'),(32,'B3 ED 35 C2'),(130,'C3 07 40 C2'),(44,'C3 15 42 C2'),(141,'C3 65 3D C2'),(96,'C3 AD 3B C2'),(73,'C3 CD 37 C2'),(28,'C3 DB 34 C2'),(56,'C3 DC 38 C2'),(29,'D3 15 37 C2'),(80,'D3 26 3E C2'),(87,'D3 31 42 C2'),(14,'D3 46 34 C2'),(46,'D3 4F 38 C2'),(128,'D3 6E 74 C2'),(120,'D3 A6 40 C2'),(144,'D3 C2 3D C2'),(75,'D3 DE 35 C2'),(134,'D3 EB 41 C2'),(60,'D3 FC 39 C2'),(3,'E3 0A 37 C2'),(118,'E3 11 36 C2'),(7,'E3 28 40 C2'),(137,'E3 2D 39 C2'),(117,'E3 40 38 C2'),(36,'E3 48 3D C2'),(42,'E3 4C 3D C2'),(108,'E3 5E 36 C2'),(131,'E3 64 36 C2'),(97,'E3 81 37 C2'),(35,'E3 88 39 C2'),(11,'E3 90 3D C2'),(125,'F3 20 3F C2'),(41,'F3 82 36 C2'),(10,'F3 94 3D C2'),(126,'F3 9B 36 C2'),(25,'F3 AA 41 C2'),(4,'F9 DD 89 AB');
/*!40000 ALTER TABLE `uuids_orienteering` ENABLE KEYS */;
UNLOCK TABLES;
DROP TABLE IF EXISTS `uuids_raid`;
/*!40101 SET @saved_cs_client     = @@character_set_client */;
/*!50503 SET character_set_client = utf8mb4 */;
CREATE TABLE `uuids_raid` (
  `id` int NOT NULL AUTO_INCREMENT,
  `name` varchar(200) DEFAULT NULL,
  UNIQUE KEY `A` (`id`)
) ENGINE=InnoDB AUTO_INCREMENT=145 DEFAULT CHARSET=utf8mb3;
/*!40101 SET character_set_client = @saved_cs_client */;

LOCK TABLES `uuids_raid` WRITE;
/*!40000 ALTER TABLE `uuids_raid` DISABLE KEYS */;
INSERT INTO `uuids_raid` VALUES (1,'83 39 35 C2'),(2,'6B FE D0 1F'),(3,'13 F2 33 C2'),(4,'E3 01 40 C2'),(5,'F3 1B 35 C2'),(6,'43 1A 38 C2'),(7,'AB 41 E7 1F'),(8,'9B 2D CC 1F'),(9,'BB BA E5 1F'),(10,'BB 23 D4 1F'),(11,'9B 6A CB 1F'),(12,'DB A2 DB 1F'),(13,'7B 01 D5 1F'),(14,'FB 56 C7 1F'),(15,'6B 70 D1 1F'),(16,'6B 98 D0 1F'),(17,'3B 56 E2 1F'),(18,'FB 17 DA 1F'),(19,'0B 22 D4 1F'),(20,'6B 31 E2 1F'),(21,'9B F0 D6 1F'),(22,'9B 96 DB 1F'),(23,'CB 97 C8 1F'),(24,'6B C8 E5 1F'),(25,'13 22 36 C2'),(26,'AB D5 DC 1F'),(27,'1B C5 DA 1F'),(28,'DB D3 CB 1F'),(29,'DB 78 D2 1F'),(30,'1B 36 C6 1F'),(31,'3B F6 C7 1F'),(32,'0B 48 D9 1F'),(33,'AB EC D3 1F'),(34,'4B C4 E5 1F'),(35,'8B D1 D5 1F'),(36,'93 70 74 C2'),(37,'3B 50 DA 1F'),(38,'EB 24 DA 1F'),(39,'83 75 38 C2'),(40,'3B 6D E8 1F'),(41,'8B E6 DF 1F'),(42,'C3 33 37 C2'),(43,'BB 73 DE 1F'),(44,'FB 79 D3 1F'),(45,'BB 23 C5 1F'),(46,'FB 98 D0 1F'),(47,'DB A8 D5 1F'),(48,'AB 11 D6 1F'),(49,'0B 26 E4 1F'),(50,'CB 78 D9 1F'),(51,'4B D8 E0 1F'),(52,'DB 8C D7 1F'),(53,'5B 52 CF 1F'),(54,'AB 7E C6 1F'),(55,'4B 2F C4 1F'),(56,'AB AC D2 1F'),(57,'3B FD C8 1F'),(58,'7B 6A C4 1F'),(59,'13 B6 36 C2'),(60,'13 32 39 C2'),(61,'A3 1F 3F C2'),(62,'33 33 37 C2'),(63,'CB 95 CC 1F'),(64,'8B 88 C4 1F'),(65,'CB FA C8 1F'),(66,'AB 64 D3 1F'),(67,'FB B4 DF 1F'),(68,'2B CB D7 1F'),(69,'EB BD DB 1F'),(70,'5B 13 DE 1F'),(71,'2B F5 DA 1F'),(72,'CB C8 CF 1F'),(73,'EB FA D0 1F'),(74,'FB 09 D5 1F'),(75,'7B A3 DB 1F'),(76,'5B 45 DF 1F'),(77,'DB 97 CC 1F'),(78,'CB 75 DE 1F'),(79,'6B A5 EF 1B'),(80,'DB EF CC 1F'),(81,'7B 77 E3 1F'),(82,'5B 4C C9 1F'),(83,'AB D8 DC 1F'),(84,'1B F7 D0 1F'),(85,'5B 75 D9 1F'),(86,'8B 87 D6 1F'),(87,'8B F3 C9 1F'),(88,'1B 61 CD 1F'),(89,'FB 39 C6 1F'),(90,'9B E5 DF 1F'),(91,'3B 46 D9 1F'),(92,'3B CF DA 1F'),(93,'BB 01 DC 1F'),(94,'6B 65 CD 1F'),(95,'AB FB C8 1F'),(96,'7B 8D DD 1F'),(97,'DB 2A CE 1F'),(98,'4B 9D C8 1F'),(99,'2B 3C D4 1F'),(100,'BB 0E E2 1F'),(101,'5B 4E D2 1F'),(102,'BB A6 DB 1F'),(103,'FB AD C7 1F'),(104,'5B 4C D2 1F'),(105,'CB 3E C4 1F'),(106,'1B BE E7 1F'),(107,'2B 0D C7 1F'),(108,'AB BA D6 1F'),(109,'8B 2B C4 1F'),(110,'5B 48 E7 1F'),(111,'AB 44 DF 1F'),(112,'A3 D5 36 C2'),(113,'93 8D 39 C2'),(114,'D3 CA 36 C2'),(115,'F3 7C 41 C2'),(116,'C3 8D 37 C2'),(117,'33 F0 39 C2'),(118,'43 01 36 C2'),(119,'69 1E 8A AB'),(120,'23 E4 41 C2'),(121,'73 B7 33 C2'),(122,'03 4A 42 C2'),(123,'A3 DA 3B C2'),(124,'43 3F 3A C2'),(125,'73 AA 3D C2'),(126,'73 E8 37 C2'),(127,'B3 FE 35 C2'),(128,'D3 E1 35 C2'),(129,'53 E8 37 C2'),(130,'D3 C5 3F C2'),(131,'D3 DC 37 C2'),(132,'E3 48 37 C2'),(133,'99 B5 89 AB'),(134,'23 77 36 C2'),(135,'69 CF 8C AB'),(136,'43 E5 33 C2'),(137,'03 58 37 C2'),(138,'53 66 3A C2'),(139,'F3 17 35 C2'),(140,'B3 6B 36 C2'),(141,'D3 3F 42 C2'),(142,'83 0A 40 C2'),(143,'13 8D 39 C2'),(144,'43 44 35 C2');
/*!40000 ALTER TABLE `uuids_raid` ENABLE KEYS */;
UNLOCK TABLES;
/*!40103 SET TIME_ZONE=@OLD_TIME_ZONE */;

/*!40101 SET SQL_MODE=@OLD_SQL_MODE */;
/*!40014 SET FOREIGN_KEY_CHECKS=@OLD_FOREIGN_KEY_CHECKS */;
/*!40014 SET UNIQUE_CHECKS=@OLD_UNIQUE_CHECKS */;
/*!40101 SET CHARACTER_SET_CLIENT=@OLD_CHARACTER_SET_CLIENT */;
/*!40101 SET CHARACTER_SET_RESULTS=@OLD_CHARACTER_SET_RESULTS */;
/*!40101 SET COLLATION_CONNECTION=@OLD_COLLATION_CONNECTION */;
/*!40111 SET SQL_NOTES=@OLD_SQL_NOTES */;

