
/*!40101 SET @OLD_CHARACTER_SET_CLIENT=@@CHARACTER_SET_CLIENT */;
/*!40101 SET @OLD_CHARACTER_SET_RESULTS=@@CHARACTER_SET_RESULTS */;
/*!40101 SET @OLD_COLLATION_CONNECTION=@@COLLATION_CONNECTION */;
/*!50503 SET NAMES utf8mb4 */;
/*!40103 SET @OLD_TIME_ZONE=@@TIME_ZONE */;
/*!40103 SET TIME_ZONE='+00:00' */;
/*!40014 SET @OLD_UNIQUE_CHECKS=@@UNIQUE_CHECKS, UNIQUE_CHECKS=0 */;
/*!40014 SET @OLD_FOREIGN_KEY_CHECKS=@@FOREIGN_KEY_CHECKS, FOREIGN_KEY_CHECKS=0 */;
/*!40101 SET @OLD_SQL_MODE=@@SQL_MODE, SQL_MODE='NO_AUTO_VALUE_ON_ZERO' */;
/*!40111 SET @OLD_SQL_NOTES=@@SQL_NOTES, SQL_NOTES=0 */;
DROP TABLE IF EXISTS `categories`;
/*!40101 SET @saved_cs_client     = @@character_set_client */;
/*!50503 SET character_set_client = utf8mb4 */;
CREATE TABLE `categories` (
  `id` int NOT NULL AUTO_INCREMENT,
  `name` varchar(255) CHARACTER SET latin1 COLLATE latin1_swedish_ci NOT NULL,
  `order_start` int NOT NULL DEFAULT '1',
  `points` int NOT NULL,
  `created_at` timestamp NULL DEFAULT NULL,
  `updated_at` timestamp NULL DEFAULT NULL,
  PRIMARY KEY (`id`)
) ENGINE=InnoDB AUTO_INCREMENT=8 DEFAULT CHARSET=utf8mb4 COLLATE=utf8mb4_unicode_ci;
/*!40101 SET character_set_client = @saved_cs_client */;

LOCK TABLES `categories` WRITE;
/*!40000 ALTER TABLE `categories` DISABLE KEYS */;
INSERT INTO `categories` VALUES (1,'Family',4,500,NULL,'2024-08-02 15:07:31'),(2,'Juniori',1,500,NULL,'2024-08-02 15:07:31'),(3,'Elite',3,500,NULL,'2024-07-19 17:07:20'),(4,'Open',5,400,NULL,'2024-08-02 15:07:31'),(5,'Veterani',6,500,NULL,'2024-08-02 15:07:31'),(6,'Feminin',2,500,NULL,'2024-08-02 15:07:31'),(7,'Seniori',7,500,NULL,'2024-07-19 17:07:20');
/*!40000 ALTER TABLE `categories` ENABLE KEYS */;
UNLOCK TABLES;
DROP TABLE IF EXISTS `clubs`;
/*!40101 SET @saved_cs_client     = @@character_set_client */;
/*!50503 SET character_set_client = utf8mb4 */;
CREATE TABLE `clubs` (
  `id` int NOT NULL AUTO_INCREMENT,
  `name` varchar(255) CHARACTER SET utf8mb4 COLLATE utf8mb4_unicode_ci NOT NULL,
  `stage_id` int DEFAULT '0',
  `climbing` int DEFAULT '0',
  `created_at` timestamp NULL DEFAULT NULL,
  `updated_at` timestamp NULL DEFAULT NULL,
  PRIMARY KEY (`id`)
) ENGINE=InnoDB AUTO_INCREMENT=20 DEFAULT CHARSET=utf8mb3;
/*!40101 SET character_set_client = @saved_cs_client */;

LOCK TABLES `clubs` WRITE;
/*!40000 ALTER TABLE `clubs` DISABLE KEYS */;
INSERT INTO `clubs` VALUES (1,'Asociatia de Turism si Ecologie Carpatia',1,1,'2025-06-01 04:12:44','2025-06-01 04:12:44'),(2,'Asociatia de turism montan \"VIA-RETEZAT\"',2,0,'2025-06-01 04:12:56','2025-06-01 04:12:56'),(3,'Clubul de Turism Si Protectia Naturii \"Cocosul de munte\" Brasov',3,0,'2025-06-01 04:13:03','2025-06-01 04:19:38'),(4,'Asociatia de Turism Gaska Bucuresti',4,0,'2025-06-01 04:13:09','2025-06-01 04:19:44'),(5,'Asociatia Clubul Alpin Temerarii',5,0,'2025-06-01 04:13:13','2025-06-01 04:19:50'),(10,'Asociatia pentru Tineret, Sport, Turism si Ecologie Jnepenii',6,0,'2025-06-01 04:19:01','2025-06-01 04:19:01'),(11,'Asociatia de Schi Turism Montan Pro-Parang & ATE Carpatia',7,0,'2025-06-01 04:20:04','2025-06-01 04:20:04'),(12,'Casa Sporturilor',0,0,'2025-06-07 14:26:10','2025-06-07 14:26:10'),(13,'Asociatia Zimbrul Carpatin',0,0,'2025-06-07 14:26:37','2025-06-07 14:26:37'),(14,'Hai pe munte! Iasi',0,0,'2025-06-07 14:26:56','2025-06-07 14:26:56'),(15,'Baby Gin',0,0,'2025-06-07 14:27:12','2025-06-07 14:27:25'),(16,'Cercetasii Romani CL Baden Powell',0,0,'2025-06-07 14:28:10','2025-06-07 14:28:10'),(17,'Asociatia MECANTURIST',0,0,'2025-06-07 14:29:01','2025-06-07 14:29:01'),(18,'Asociatia Ecoturistica Soimii Dunareni',0,0,'2025-06-07 14:30:00','2025-06-07 14:30:00'),(19,'Dragonei',0,0,'2025-06-07 14:33:09','2025-06-07 14:33:09');
/*!40000 ALTER TABLE `clubs` ENABLE KEYS */;
UNLOCK TABLES;
DROP TABLE IF EXISTS `clubs_stage_category_rankings`;
/*!40101 SET @saved_cs_client     = @@character_set_client */;
/*!50503 SET character_set_client = utf8mb4 */;
CREATE TABLE `clubs_stage_category_rankings` (
  `id` int NOT NULL AUTO_INCREMENT,
  `stage_id` int NOT NULL,
  `category_id` int NOT NULL,
  `club_id` int NOT NULL,
  `scor` int NOT NULL,
  `created_at` timestamp NOT NULL DEFAULT CURRENT_TIMESTAMP ON UPDATE CURRENT_TIMESTAMP,
  `updated_at` timestamp NOT NULL DEFAULT CURRENT_TIMESTAMP ON UPDATE CURRENT_TIMESTAMP,
  PRIMARY KEY (`id`)
) ENGINE=InnoDB AUTO_INCREMENT=841 DEFAULT CHARSET=utf8mb4 COLLATE=utf8mb4_0900_ai_ci;
/*!40101 SET character_set_client = @saved_cs_client */;

LOCK TABLES `clubs_stage_category_rankings` WRITE;
/*!40000 ALTER TABLE `clubs_stage_category_rankings` DISABLE KEYS */;
INSERT INTO `clubs_stage_category_rankings` VALUES (631,1,3,4,500,'2025-06-08 20:30:48','2025-06-08 20:30:48'),(632,1,5,4,500,'2025-06-08 20:30:48','2025-06-08 20:30:48'),(633,1,1,4,460,'2025-06-08 20:30:48','2025-06-08 20:30:48'),(634,1,4,4,350,'2025-06-08 20:30:48','2025-06-08 20:30:48'),(635,1,2,4,0,'2025-06-08 20:30:48','2025-06-08 20:30:48'),(636,1,6,4,0,'2025-06-08 20:30:48','2025-06-08 20:30:48'),(637,1,7,4,0,'2025-06-08 20:30:48','2025-06-08 20:30:48'),(645,1,7,3,500,'2025-06-08 20:30:48','2025-06-08 20:30:48'),(646,1,3,3,470,'2025-06-08 20:30:48','2025-06-08 20:30:48'),(647,1,4,3,400,'2025-06-08 20:30:48','2025-06-08 20:30:48'),(648,1,6,3,10,'2025-06-08 20:30:48','2025-06-08 20:30:48'),(649,1,1,3,0,'2025-06-08 20:30:48','2025-06-08 20:30:48'),(650,1,2,3,0,'2025-06-08 20:30:48','2025-06-08 20:30:48'),(651,1,5,3,0,'2025-06-08 20:30:48','2025-06-08 20:30:48'),(659,1,1,12,500,'2025-06-08 20:30:48','2025-06-08 20:30:48'),(660,1,2,12,500,'2025-06-08 20:30:48','2025-06-08 20:30:48'),(661,1,4,12,320,'2025-06-08 20:30:48','2025-06-08 20:30:48'),(662,1,3,12,0,'2025-06-08 20:30:48','2025-06-08 20:30:48'),(663,1,5,12,0,'2025-06-08 20:30:48','2025-06-08 20:30:48'),(664,1,6,12,0,'2025-06-08 20:30:48','2025-06-08 20:30:48'),(665,1,7,12,0,'2025-06-08 20:30:48','2025-06-08 20:30:48'),(673,1,1,14,480,'2025-06-08 20:30:48','2025-06-08 20:30:48'),(674,1,7,14,480,'2025-06-08 20:30:48','2025-06-08 20:30:48'),(675,1,2,14,0,'2025-06-08 20:30:48','2025-06-08 20:30:48'),(676,1,3,14,0,'2025-06-08 20:30:48','2025-06-08 20:30:48'),(677,1,4,14,0,'2025-06-08 20:30:48','2025-06-08 20:30:48'),(678,1,5,14,0,'2025-06-08 20:30:48','2025-06-08 20:30:48'),(679,1,6,14,0,'2025-06-08 20:30:48','2025-06-08 20:30:48'),(687,1,2,16,480,'2025-06-08 20:30:48','2025-06-08 20:30:48'),(688,1,1,16,470,'2025-06-08 20:30:48','2025-06-08 20:30:48'),(689,1,7,16,10,'2025-06-08 20:30:48','2025-06-08 20:30:48'),(690,1,3,16,0,'2025-06-08 20:30:48','2025-06-08 20:30:48'),(691,1,4,16,0,'2025-06-08 20:30:48','2025-06-08 20:30:48'),(692,1,5,16,0,'2025-06-08 20:30:48','2025-06-08 20:30:48'),(693,1,6,16,0,'2025-06-08 20:30:48','2025-06-08 20:30:48'),(701,1,3,10,450,'2025-06-08 20:30:48','2025-06-08 20:30:48'),(702,1,4,10,360,'2025-06-08 20:30:48','2025-06-08 20:30:48'),(703,1,7,10,10,'2025-06-08 20:30:48','2025-06-08 20:30:48'),(704,1,1,10,0,'2025-06-08 20:30:48','2025-06-08 20:30:48'),(705,1,2,10,0,'2025-06-08 20:30:48','2025-06-08 20:30:48'),(706,1,5,10,0,'2025-06-08 20:30:48','2025-06-08 20:30:48'),(707,1,6,10,0,'2025-06-08 20:30:48','2025-06-08 20:30:48'),(715,1,3,19,480,'2025-06-08 20:30:48','2025-06-08 20:30:48'),(716,1,1,19,0,'2025-06-08 20:30:48','2025-06-08 20:30:48'),(717,1,2,19,0,'2025-06-08 20:30:48','2025-06-08 20:30:48'),(718,1,4,19,0,'2025-06-08 20:30:48','2025-06-08 20:30:48'),(719,1,5,19,0,'2025-06-08 20:30:48','2025-06-08 20:30:48'),(720,1,6,19,0,'2025-06-08 20:30:48','2025-06-08 20:30:48'),(721,1,7,19,0,'2025-06-08 20:30:48','2025-06-08 20:30:48'),(729,1,3,13,460,'2025-06-08 20:30:49','2025-06-08 20:30:49'),(730,1,1,13,0,'2025-06-08 20:30:49','2025-06-08 20:30:49'),(731,1,2,13,0,'2025-06-08 20:30:49','2025-06-08 20:30:49'),(732,1,4,13,0,'2025-06-08 20:30:49','2025-06-08 20:30:49'),(733,1,5,13,0,'2025-06-08 20:30:49','2025-06-08 20:30:49'),(734,1,6,13,0,'2025-06-08 20:30:49','2025-06-08 20:30:49'),(735,1,7,13,0,'2025-06-08 20:30:49','2025-06-08 20:30:49'),(743,1,1,17,440,'2025-06-08 20:30:49','2025-06-08 20:30:49'),(744,1,2,17,0,'2025-06-08 20:30:49','2025-06-08 20:30:49'),(745,1,3,17,0,'2025-06-08 20:30:49','2025-06-08 20:30:49'),(746,1,4,17,0,'2025-06-08 20:30:49','2025-06-08 20:30:49'),(747,1,5,17,0,'2025-06-08 20:30:49','2025-06-08 20:30:49'),(748,1,6,17,0,'2025-06-08 20:30:49','2025-06-08 20:30:49'),(749,1,7,17,0,'2025-06-08 20:30:49','2025-06-08 20:30:49'),(757,1,1,18,450,'2025-06-08 20:30:49','2025-06-08 20:30:49'),(758,1,2,18,0,'2025-06-08 20:30:49','2025-06-08 20:30:49'),(759,1,3,18,0,'2025-06-08 20:30:49','2025-06-08 20:30:49'),(760,1,4,18,0,'2025-06-08 20:30:49','2025-06-08 20:30:49'),(761,1,5,18,0,'2025-06-08 20:30:49','2025-06-08 20:30:49'),(762,1,6,18,0,'2025-06-08 20:30:49','2025-06-08 20:30:49'),(763,1,7,18,0,'2025-06-08 20:30:49','2025-06-08 20:30:49'),(771,1,4,15,340,'2025-06-08 20:30:49','2025-06-08 20:30:49'),(772,1,1,15,0,'2025-06-08 20:30:49','2025-06-08 20:30:49'),(773,1,2,15,0,'2025-06-08 20:30:49','2025-06-08 20:30:49'),(774,1,3,15,0,'2025-06-08 20:30:49','2025-06-08 20:30:49'),(775,1,5,15,0,'2025-06-08 20:30:49','2025-06-08 20:30:49'),(776,1,6,15,0,'2025-06-08 20:30:49','2025-06-08 20:30:49'),(777,1,7,15,0,'2025-06-08 20:30:49','2025-06-08 20:30:49'),(799,1,1,2,0,'2025-06-08 20:30:49','2025-06-08 20:30:49'),(800,1,2,2,0,'2025-06-08 20:30:49','2025-06-08 20:30:49'),(801,1,3,2,0,'2025-06-08 20:30:49','2025-06-08 20:30:49'),(802,1,4,2,0,'2025-06-08 20:30:49','2025-06-08 20:30:49'),(803,1,5,2,0,'2025-06-08 20:30:49','2025-06-08 20:30:49'),(804,1,6,2,0,'2025-06-08 20:30:49','2025-06-08 20:30:49'),(805,1,7,2,0,'2025-06-08 20:30:49','2025-06-08 20:30:49'),(813,1,1,5,0,'2025-06-08 20:30:49','2025-06-08 20:30:49'),(814,1,2,5,0,'2025-06-08 20:30:49','2025-06-08 20:30:49'),(815,1,3,5,0,'2025-06-08 20:30:49','2025-06-08 20:30:49'),(816,1,4,5,0,'2025-06-08 20:30:49','2025-06-08 20:30:49'),(817,1,5,5,0,'2025-06-08 20:30:49','2025-06-08 20:30:49'),(818,1,6,5,0,'2025-06-08 20:30:49','2025-06-08 20:30:49'),(819,1,7,5,0,'2025-06-08 20:30:49','2025-06-08 20:30:49'),(827,1,1,11,0,'2025-06-08 20:30:49','2025-06-08 20:30:49'),(828,1,2,11,0,'2025-06-08 20:30:49','2025-06-08 20:30:49'),(829,1,3,11,0,'2025-06-08 20:30:49','2025-06-08 20:30:49'),(830,1,4,11,0,'2025-06-08 20:30:49','2025-06-08 20:30:49'),(831,1,5,11,0,'2025-06-08 20:30:49','2025-06-08 20:30:49'),(832,1,6,11,0,'2025-06-08 20:30:49','2025-06-08 20:30:49'),(833,1,7,11,0,'2025-06-08 20:30:49','2025-06-08 20:30:49'),(834,1,1,1,500,'2025-06-08 20:30:49','2025-06-08 20:30:49'),(835,1,2,1,500,'2025-06-08 20:30:49','2025-06-08 20:30:49'),(836,1,3,1,500,'2025-06-08 20:30:49','2025-06-08 20:30:49'),(837,1,4,1,400,'2025-06-08 20:30:49','2025-06-08 20:30:49'),(838,1,5,1,500,'2025-06-08 20:30:49','2025-06-08 20:30:49'),(839,1,6,1,500,'2025-06-08 20:30:49','2025-06-08 20:30:49'),(840,1,7,1,500,'2025-06-08 20:30:49','2025-06-08 20:30:49');
/*!40000 ALTER TABLE `clubs_stage_category_rankings` ENABLE KEYS */;
UNLOCK TABLES;
DROP TABLE IF EXISTS `clubs_stage_rankings`;
/*!40101 SET @saved_cs_client     = @@character_set_client */;
/*!50503 SET character_set_client = utf8mb4 */;
CREATE TABLE `clubs_stage_rankings` (
  `id` int NOT NULL AUTO_INCREMENT,
  `stage_id` int NOT NULL,
  `club_id` int NOT NULL,
  `scor` int NOT NULL,
  `created_at` timestamp NULL DEFAULT CURRENT_TIMESTAMP ON UPDATE CURRENT_TIMESTAMP,
  `updated_at` timestamp NULL DEFAULT CURRENT_TIMESTAMP ON UPDATE CURRENT_TIMESTAMP,
  PRIMARY KEY (`id`)
) ENGINE=InnoDB AUTO_INCREMENT=3308 DEFAULT CHARSET=utf8mb4 COLLATE=utf8mb4_unicode_ci;
/*!40101 SET character_set_client = @saved_cs_client */;

LOCK TABLES `clubs_stage_rankings` WRITE;
/*!40000 ALTER TABLE `clubs_stage_rankings` DISABLE KEYS */;
INSERT INTO `clubs_stage_rankings` VALUES (3292,1,4,1850,'2025-06-08 20:30:48','2025-06-08 20:30:48'),(3293,1,3,1440,'2025-06-08 20:30:48','2025-06-08 20:30:48'),(3294,1,12,1340,'2025-06-08 20:30:48','2025-06-08 20:30:48'),(3295,1,14,980,'2025-06-08 20:30:48','2025-06-08 20:30:48'),(3296,1,16,980,'2025-06-08 20:30:48','2025-06-08 20:30:48'),(3297,1,10,850,'2025-06-08 20:30:48','2025-06-08 20:30:48'),(3298,1,19,490,'2025-06-08 20:30:48','2025-06-08 20:30:48'),(3299,1,13,470,'2025-06-08 20:30:49','2025-06-08 20:30:49'),(3300,1,17,460,'2025-06-08 20:30:49','2025-06-08 20:30:49'),(3301,1,18,460,'2025-06-08 20:30:49','2025-06-08 20:30:49'),(3302,1,15,350,'2025-06-08 20:30:49','2025-06-08 20:30:49'),(3304,1,2,0,'2025-06-08 20:30:49','2025-06-08 20:30:49'),(3305,1,5,0,'2025-06-08 20:30:49','2025-06-08 20:30:49'),(3306,1,11,0,'2025-06-08 20:30:49','2025-06-08 20:30:49'),(3307,1,1,2000,'2025-06-08 20:30:49','2025-06-08 20:30:49');
/*!40000 ALTER TABLE `clubs_stage_rankings` ENABLE KEYS */;
UNLOCK TABLES;
DROP TABLE IF EXISTS `cultural`;
/*!40101 SET @saved_cs_client     = @@character_set_client */;
/*!50503 SET character_set_client = utf8mb4 */;
CREATE TABLE `cultural` (
  `id` int NOT NULL AUTO_INCREMENT,
  `stage_id` int NOT NULL,
  `club_id` int NOT NULL,
  `scor` int NOT NULL,
  `created_at` timestamp NULL DEFAULT NULL,
  `updated_at` timestamp NULL DEFAULT NULL,
  PRIMARY KEY (`id`)
) ENGINE=InnoDB DEFAULT CHARSET=utf8mb4 COLLATE=utf8mb4_unicode_ci;
/*!40101 SET character_set_client = @saved_cs_client */;

LOCK TABLES `cultural` WRITE;
/*!40000 ALTER TABLE `cultural` DISABLE KEYS */;
/*!40000 ALTER TABLE `cultural` ENABLE KEYS */;
UNLOCK TABLES;
DROP TABLE IF EXISTS `knowledges`;
/*!40101 SET @saved_cs_client     = @@character_set_client */;
/*!50503 SET character_set_client = utf8mb4 */;
CREATE TABLE `knowledges` (
  `id` int NOT NULL AUTO_INCREMENT,
  `stage_id` int NOT NULL,
  `team_id` int NOT NULL,
  `wrong_answers` int NOT NULL,
  `time` text CHARACTER SET utf8mb3 COLLATE utf8mb3_general_ci NOT NULL,
  `abandon` int NOT NULL,
  `wrong_questions` varchar(255) CHARACTER SET utf8mb3 COLLATE utf8mb3_general_ci NOT NULL,
  `created_at` timestamp NULL DEFAULT NULL,
  `updated_at` timestamp NULL DEFAULT NULL,
  PRIMARY KEY (`id`)
) ENGINE=InnoDB AUTO_INCREMENT=31 DEFAULT CHARSET=utf8mb4 COLLATE=utf8mb4_unicode_ci;
/*!40101 SET character_set_client = @saved_cs_client */;

LOCK TABLES `knowledges` WRITE;
/*!40000 ALTER TABLE `knowledges` DISABLE KEYS */;
INSERT INTO `knowledges` VALUES (1,1,20,0,'00:01:22',0,'0','2025-06-08 05:54:35','2025-06-08 07:16:53'),(2,1,21,0,'00:01:25',0,'0','2025-06-08 07:17:19','2025-06-08 07:17:19'),(3,1,22,1,'00:01:41',0,'0','2025-06-08 07:17:50','2025-06-08 07:17:50'),(4,1,23,1,'00:01:10',0,'0','2025-06-08 07:18:10','2025-06-08 07:18:10'),(5,1,24,0,'00:02:54',0,'0','2025-06-08 07:18:36','2025-06-08 07:18:54'),(6,1,25,0,'00:01:24',0,'0','2025-06-08 07:19:13','2025-06-08 07:19:20'),(7,1,26,4,'00:02:20',0,'0','2025-06-08 07:19:47','2025-06-08 07:19:47'),(8,1,17,2,'00:01:34',0,'0','2025-06-08 07:23:11','2025-06-08 07:23:11'),(9,1,18,2,'00:02:44',0,'0','2025-06-08 07:23:26','2025-06-08 07:23:35'),(10,1,1,0,'00:01:02',0,'0','2025-06-08 07:24:01','2025-06-08 07:24:01'),(11,1,2,1,'00:01:38',0,'0','2025-06-08 07:24:17','2025-06-08 07:24:26'),(12,1,3,0,'00:01:01',0,'0','2025-06-08 07:24:43','2025-06-08 07:24:43'),(13,1,4,9,'00:00:22',0,'0','2025-06-08 07:25:07','2025-06-08 07:25:07'),(14,1,5,1,'00:01:20',0,'0','2025-06-08 07:25:25','2025-06-08 07:25:25'),(15,1,6,10,'00:00:14',0,'0','2025-06-08 07:25:40','2025-06-08 07:25:40'),(16,1,9,0,'00:01:07',0,'0','2025-06-08 07:26:01','2025-06-08 07:26:01'),(17,1,10,2,'00:01:22',0,'0','2025-06-08 07:26:19','2025-06-08 07:26:19'),(18,1,11,1,'00:00:52',0,'0','2025-06-08 07:26:50','2025-06-08 07:26:50'),(19,1,12,0,'00:01:31',0,'0','2025-06-08 07:27:09','2025-06-08 07:27:09'),(20,1,13,0,'00:00:51',0,'0','2025-06-08 07:27:25','2025-06-08 07:27:25'),(21,1,14,0,'00:01:21',0,'0','2025-06-08 07:27:47','2025-06-08 07:27:47'),(22,1,15,0,'00:01:10',0,'0','2025-06-08 07:28:04','2025-06-08 07:28:04'),(23,1,27,0,'00:00:00',1,'0','2025-06-08 07:28:28','2025-06-08 07:28:28'),(24,1,29,6,'00:01:57',0,'0','2025-06-08 07:28:47','2025-06-08 07:28:47'),(25,1,19,0,'00:00:51',0,'0','2025-06-08 07:29:46','2025-06-08 07:29:46'),(26,1,16,2,'00:01:29',0,'0','2025-06-08 07:30:15','2025-06-08 07:30:15'),(27,1,7,0,'00:01:00',0,'0','2025-06-08 07:30:45','2025-06-08 07:30:45'),(28,1,28,0,'00:01:00',0,'0','2025-06-08 07:31:03','2025-06-08 07:31:03'),(29,1,30,0,'00:01:24',0,'0','2025-06-08 07:35:41','2025-06-08 07:35:41'),(30,1,31,0,'00:00:00',2,'0','2025-06-08 16:27:49','2025-06-08 16:27:49');
/*!40000 ALTER TABLE `knowledges` ENABLE KEYS */;
UNLOCK TABLES;
DROP TABLE IF EXISTS `organizer_stages`;
/*!40101 SET @saved_cs_client     = @@character_set_client */;
/*!50503 SET character_set_client = utf8mb4 */;
CREATE TABLE `organizer_stages` (
  `id` int NOT NULL AUTO_INCREMENT,
  `software` varchar(255) CHARACTER SET utf8mb3 NOT NULL,
  `created_at` timestamp NULL DEFAULT NULL,
  `updated_at` timestamp NULL DEFAULT NULL,
  PRIMARY KEY (`id`)
) ENGINE=InnoDB AUTO_INCREMENT=7 DEFAULT CHARSET=utf8mb4 COLLATE=utf8mb4_unicode_ci;
/*!40101 SET character_set_client = @saved_cs_client */;

LOCK TABLES `organizer_stages` WRITE;
/*!40000 ALTER TABLE `organizer_stages` DISABLE KEYS */;
INSERT INTO `organizer_stages` VALUES (1,'Software Stafeta Muntilor v6.0.0 by Asociatia Drumetii Montane','2025-05-31 21:00:00','2025-05-31 21:00:00');
/*!40000 ALTER TABLE `organizer_stages` ENABLE KEYS */;
UNLOCK TABLES;
DROP TABLE IF EXISTS `orienteering`;
/*!40101 SET @saved_cs_client     = @@character_set_client */;
/*!50503 SET character_set_client = utf8mb4 */;
CREATE TABLE `orienteering` (
  `id` int NOT NULL AUTO_INCREMENT,
  `stage_id` int NOT NULL,
  `team_id` int NOT NULL,
  `start_time` varchar(255) COLLATE utf8mb4_unicode_ci NOT NULL,
  `finish_time` varchar(255) COLLATE utf8mb4_unicode_ci NOT NULL,
  `total_time` varchar(255) COLLATE utf8mb4_unicode_ci NOT NULL,
  `abandon` int NOT NULL,
  `missed_posts` varchar(500) COLLATE utf8mb4_unicode_ci DEFAULT NULL,
  `order_posts` varchar(500) COLLATE utf8mb4_unicode_ci DEFAULT NULL,
  `created_at` timestamp NULL DEFAULT NULL,
  `updated_at` timestamp NULL DEFAULT NULL,
  PRIMARY KEY (`id`)
) ENGINE=InnoDB AUTO_INCREMENT=32 DEFAULT CHARSET=utf8mb4 COLLATE=utf8mb4_unicode_ci;
/*!40101 SET character_set_client = @saved_cs_client */;

LOCK TABLES `orienteering` WRITE;
/*!40000 ALTER TABLE `orienteering` DISABLE KEYS */;
INSERT INTO `orienteering` VALUES (1,1,1,'00:30:05','01:05:10','00:35:05',0,'','{\"Start punch\":\"00:30:05\",\"Punch1\":\"00:04:16\",\"Punch2\":\"00:07:46\",\"Punch3\":\"00:08:46\",\"Punch4\":\"00:10:10\",\"Punch5\":\"00:11:57\",\"Punch6\":\"00:13:31\",\"Punch7\":\"00:14:26\",\"Punch8\":\"00:16:12\",\"Punch9\":\"00:17:33\",\"Punch10\":\"00:19:51\",\"Punch11\":\"00:21:06\",\"Punch12\":\"00:22:06\",\"Punch13\":\"00:23:22\",\"Punch14\":\"00:24:53\",\"Punch15\":\"00:31:11\",\"Punch16\":\"00:33:50\",\"Punch17\":\"00:34:48\",\"Finish punch\":\"01:05:10\"}','2025-06-07 15:08:19','2025-06-07 15:16:56'),(2,1,2,'00:46:07','01:28:35','00:42:28',0,'','{\"Start punch\":\"00:46:07\",\"Punch1\":\"00:04:27\",\"Punch2\":\"00:09:48\",\"Punch3\":\"00:11:10\",\"Punch4\":\"00:12:55\",\"Punch5\":\"00:16:46\",\"Punch6\":\"00:18:41\",\"Punch7\":\"00:19:49\",\"Punch8\":\"00:21:31\",\"Punch9\":\"00:23:11\",\"Punch10\":\"00:27:03\",\"Punch11\":\"00:28:51\",\"Punch12\":\"00:30:41\",\"Punch13\":\"00:32:22\",\"Punch14\":\"00:34:35\",\"Punch15\":\"00:36:51\",\"Punch16\":\"00:39:07\",\"Punch17\":\"00:41:58\",\"Finish punch\":\"01:28:35\"}','2025-06-07 15:08:19','2025-06-07 15:16:56'),(3,1,3,'00:34:02','01:19:25','00:45:23',0,'','{\"Start punch\":\"00:34:02\",\"Punch1\":\"00:05:53\",\"Punch2\":\"00:12:03\",\"Punch3\":\"00:13:33\",\"Punch4\":\"00:15:05\",\"Punch5\":\"00:17:19\",\"Punch6\":\"00:19:13\",\"Punch7\":\"00:20:16\",\"Punch8\":\"00:22:01\",\"Punch9\":\"00:26:38\",\"Punch10\":\"00:31:42\",\"Punch11\":\"00:33:34\",\"Punch12\":\"00:35:02\",\"Punch13\":\"00:36:32\",\"Punch14\":\"00:37:47\",\"Punch15\":\"00:39:25\",\"Punch16\":\"00:41:56\",\"Punch17\":\"00:45:00\",\"Finish punch\":\"01:19:25\"}','2025-06-07 15:08:19','2025-06-07 15:16:56'),(4,1,4,'00:20:02','01:14:45','00:54:43',0,'','{\"Start punch\":\"00:20:02\",\"Punch1\":\"00:05:52\",\"Punch2\":\"00:09:53\",\"Punch3\":\"00:11:25\",\"Punch4\":\"00:22:44\",\"Punch5\":\"00:23:55\",\"Punch6\":\"00:25:44\",\"Punch7\":\"00:26:43\",\"Punch8\":\"00:29:02\",\"Punch9\":\"00:30:31\",\"Punch10\":\"00:33:21\",\"Punch11\":\"00:34:38\",\"Punch12\":\"00:36:47\",\"Punch13\":\"00:39:34\",\"Punch14\":\"00:41:18\",\"Punch15\":\"00:46:14\",\"Punch16\":\"00:51:31\",\"Punch17\":\"00:54:08\",\"Finish punch\":\"01:14:45\"}','2025-06-07 15:08:19','2025-06-07 15:16:56'),(5,1,5,'00:37:03','01:37:32','01:00:29',0,'','{\"Start punch\":\"00:37:03\",\"Punch1\":\"00:07:43\",\"Punch2\":\"00:11:03\",\"Punch3\":\"00:14:59\",\"Punch4\":\"00:21:00\",\"Punch5\":\"00:23:30\",\"Punch6\":\"00:25:44\",\"Punch7\":\"00:27:10\",\"Punch8\":\"00:33:41\",\"Punch9\":\"00:35:29\",\"Punch10\":\"00:38:43\",\"Punch11\":\"00:46:22\",\"Punch12\":\"00:47:27\",\"Punch13\":\"00:49:34\",\"Punch14\":\"00:52:15\",\"Punch15\":\"00:54:32\",\"Punch16\":\"00:58:34\",\"Punch17\":\"01:00:00\",\"Finish punch\":\"01:37:32\"}','2025-06-07 15:08:19','2025-06-07 15:16:56'),(6,1,6,'00:25:19','01:30:11','01:04:52',0,'','{\"Start punch\":\"00:25:19\",\"Punch1\":\"00:06:03\",\"Punch2\":\"00:12:24\",\"Punch3\":\"00:13:36\",\"Punch4\":\"00:15:18\",\"Punch5\":\"00:18:53\",\"Punch6\":\"00:20:34\",\"Punch7\":\"00:21:47\",\"Punch8\":\"00:25:31\",\"Punch9\":\"00:27:17\",\"Punch10\":\"00:40:28\",\"Punch11\":\"00:47:31\",\"Punch12\":\"00:49:10\",\"Punch13\":\"00:51:00\",\"Punch14\":\"00:53:02\",\"Punch15\":\"00:55:57\",\"Punch16\":\"01:00:42\",\"Punch17\":\"01:04:24\",\"Finish punch\":\"01:30:11\"}','2025-06-07 15:08:19','2025-06-07 15:16:56'),(7,1,7,'00:40:04','01:23:05','00:43:01',0,'','{\"Start punch\":\"00:40:04\",\"Punch1\":\"00:04:32\",\"Punch2\":\"00:07:54\",\"Punch3\":\"00:09:08\",\"Punch4\":\"00:11:48\",\"Punch5\":\"00:15:08\",\"Punch6\":\"00:17:24\",\"Punch7\":\"00:18:28\",\"Punch8\":\"00:20:23\",\"Punch9\":\"00:22:06\",\"Punch10\":\"00:24:51\",\"Punch11\":\"00:26:54\",\"Punch12\":\"00:28:19\",\"Punch13\":\"00:30:00\",\"Punch14\":\"00:31:44\",\"Punch15\":\"00:37:38\",\"Punch16\":\"00:39:25\",\"Punch17\":\"00:42:38\",\"Finish punch\":\"01:23:05\"}','2025-06-07 15:08:19','2025-06-07 15:16:56'),(9,1,9,'00:29:04','01:09:09','00:40:05',0,'','{\"Start punch\":\"00:29:04\",\"Punch1\":\"00:04:05\",\"Punch2\":\"00:06:13\",\"Punch3\":\"00:07:32\",\"Punch4\":\"00:09:52\",\"Punch5\":\"00:16:09\",\"Punch6\":\"00:22:00\",\"Punch7\":\"00:23:58\",\"Punch8\":\"00:29:38\",\"Punch9\":\"00:30:55\",\"Punch10\":\"00:32:41\",\"Punch11\":\"00:35:21\",\"Punch12\":\"00:37:51\",\"Punch13\":\"00:39:24\",\"Finish punch\":\"01:09:09\"}','2025-06-07 15:08:19','2025-06-07 15:16:56'),(10,1,10,'00:26:02','01:09:05','00:43:03',0,'','{\"Start punch\":\"00:26:02\",\"Punch1\":\"00:03:16\",\"Punch2\":\"00:08:21\",\"Punch3\":\"00:09:21\",\"Punch4\":\"00:11:42\",\"Punch5\":\"00:19:02\",\"Punch6\":\"00:25:43\",\"Punch7\":\"00:27:35\",\"Punch8\":\"00:32:31\",\"Punch9\":\"00:33:35\",\"Punch10\":\"00:35:09\",\"Punch11\":\"00:38:25\",\"Punch12\":\"00:40:19\",\"Punch13\":\"00:42:34\",\"Finish punch\":\"01:09:05\"}','2025-06-07 15:08:19','2025-06-07 15:16:56'),(11,1,11,'00:36:03','01:19:53','00:43:50',0,'','{\"Start punch\":\"00:36:03\",\"Punch1\":\"00:03:41\",\"Punch2\":\"00:06:10\",\"Punch3\":\"00:07:41\",\"Punch4\":\"00:09:43\",\"Punch5\":\"00:13:00\",\"Punch6\":\"00:19:44\",\"Punch7\":\"00:22:47\",\"Punch8\":\"00:29:10\",\"Punch9\":\"00:30:38\",\"Punch10\":\"00:34:20\",\"Punch11\":\"00:38:23\",\"Punch12\":\"00:41:39\",\"Punch13\":\"00:43:10\",\"Finish punch\":\"01:19:53\"}','2025-06-07 15:08:19','2025-06-07 15:16:56'),(12,1,12,'00:23:02','01:11:19','00:48:17',0,'','{\"Start punch\":\"00:23:02\",\"Punch1\":\"00:03:24\",\"Punch2\":\"00:06:59\",\"Punch3\":\"00:08:48\",\"Punch4\":\"00:10:25\",\"Punch5\":\"00:12:52\",\"Punch6\":\"00:23:06\",\"Punch7\":\"00:25:18\",\"Punch8\":\"00:33:20\",\"Punch9\":\"00:36:40\",\"Punch10\":\"00:38:26\",\"Punch11\":\"00:43:52\",\"Punch12\":\"00:45:59\",\"Punch13\":\"00:47:46\",\"Finish punch\":\"01:11:19\"}','2025-06-07 15:08:19','2025-06-07 15:16:56'),(13,1,13,'00:48:03','01:36:59','00:48:56',0,'','{\"Start punch\":\"00:48:03\",\"Punch1\":\"00:02:04\",\"Punch2\":\"00:03:25\",\"Punch3\":\"00:04:32\",\"Punch4\":\"00:06:57\",\"Punch5\":\"00:13:07\",\"Punch6\":\"00:22:58\",\"Punch7\":\"00:27:20\",\"Punch8\":\"00:36:56\",\"Punch9\":\"00:39:04\",\"Punch10\":\"00:40:49\",\"Punch11\":\"00:44:59\",\"Punch12\":\"00:47:28\",\"Punch13\":\"00:48:19\",\"Finish punch\":\"01:36:59\"}','2025-06-07 15:08:19','2025-06-07 15:16:56'),(14,1,14,'00:43:00','01:37:28','00:54:28',0,'','{\"Start punch\":\"00:43:00\",\"Punch1\":\"00:07:19\",\"Punch2\":\"00:09:24\",\"Punch3\":\"00:11:14\",\"Punch4\":\"00:13:14\",\"Punch5\":\"00:20:40\",\"Punch6\":\"00:31:21\",\"Punch7\":\"00:33:43\",\"Punch8\":\"00:41:50\",\"Punch9\":\"00:43:55\",\"Punch10\":\"00:46:18\",\"Punch11\":\"00:49:52\",\"Punch12\":\"00:52:23\",\"Punch13\":\"00:53:49\",\"Finish punch\":\"01:37:28\"}','2025-06-07 15:08:19','2025-06-07 15:16:56'),(15,1,15,'00:39:02','01:44:18','01:05:16',0,'','{\"Start punch\":\"00:39:02\",\"Punch1\":\"00:03:50\",\"Punch2\":\"00:07:08\",\"Punch3\":\"00:08:43\",\"Punch4\":\"00:12:01\",\"Punch5\":\"00:22:45\",\"Punch6\":\"00:35:00\",\"Punch7\":\"00:40:42\",\"Punch8\":\"00:49:29\",\"Punch9\":\"00:51:09\",\"Punch10\":\"00:56:14\",\"Punch11\":\"01:00:22\",\"Punch12\":\"01:03:27\",\"Punch13\":\"01:04:51\",\"Finish punch\":\"01:44:18\"}','2025-06-07 15:08:19','2025-06-07 15:16:56'),(16,1,16,'00:27:19','02:09:45','01:42:26',0,'','{\"Start punch\":\"00:27:19\",\"Punch1\":\"00:05:54\",\"Punch2\":\"00:11:15\",\"Punch3\":\"00:13:42\",\"Punch4\":\"00:18:35\",\"Punch5\":\"00:38:13\",\"Punch6\":\"00:52:36\",\"Punch7\":\"00:56:59\",\"Punch8\":\"01:15:39\",\"Punch9\":\"01:23:17\",\"Punch10\":\"01:27:16\",\"Punch11\":\"01:33:39\",\"Punch12\":\"01:38:04\",\"Punch13\":\"01:40:58\",\"Finish punch\":\"02:09:45\"}','2025-06-07 15:08:19','2025-06-07 15:16:56'),(17,1,17,'00:49:02','01:13:23','00:24:21',0,'','{\"Start punch\":\"00:49:02\",\"Punch1\":\"00:01:22\",\"Punch2\":\"00:03:35\",\"Punch3\":\"00:04:42\",\"Punch4\":\"00:05:54\",\"Punch5\":\"00:07:42\",\"Punch6\":\"00:11:17\",\"Punch7\":\"00:12:42\",\"Punch8\":\"00:16:38\",\"Punch9\":\"00:17:45\",\"Punch10\":\"00:19:02\",\"Punch11\":\"00:21:04\",\"Punch12\":\"00:22:48\",\"Punch13\":\"00:24:01\",\"Finish punch\":\"01:13:23\"}','2025-06-07 15:08:19','2025-06-07 15:16:56'),(18,1,18,'00:44:59','02:10:50','01:25:51',0,'','{\"Start punch\":\"00:44:59\",\"Punch1\":\"00:05:50\",\"Punch2\":\"00:07:52\",\"Punch3\":\"00:09:33\",\"Punch4\":\"00:11:50\",\"Punch5\":\"00:21:21\",\"Punch6\":\"00:35:04\",\"Punch7\":\"00:38:47\",\"Punch8\":\"00:57:49\",\"Punch9\":\"01:04:11\",\"Punch10\":\"01:08:43\",\"Punch11\":\"01:15:15\",\"Punch12\":\"01:23:43\",\"Punch13\":\"01:25:01\",\"Finish punch\":\"02:10:50\"}','2025-06-07 15:08:19','2025-06-07 15:16:56'),(19,1,19,'00:31:58','01:01:47','00:29:49',0,'','{\"Start punch\":\"00:31:58\",\"Punch1\":\"00:03:41\",\"Punch2\":\"00:05:05\",\"Punch3\":\"00:07:33\",\"Punch4\":\"00:10:43\",\"Punch5\":\"00:13:16\",\"Punch6\":\"00:20:44\",\"Punch7\":\"00:21:55\",\"Punch8\":\"00:23:18\",\"Punch9\":\"00:28:04\",\"Punch10\":\"00:29:14\",\"Finish punch\":\"01:01:47\"}','2025-06-07 15:08:19','2025-06-07 15:16:56'),(20,1,20,'00:44:02','01:04:38','00:20:36',0,'','{\"Start punch\":\"00:44:02\",\"Punch1\":\"00:03:14\",\"Punch2\":\"00:05:01\",\"Punch3\":\"00:06:36\",\"Punch4\":\"00:09:02\",\"Punch5\":\"00:11:28\",\"Punch6\":\"00:13:03\",\"Punch7\":\"00:13:58\",\"Punch8\":\"00:15:07\",\"Punch9\":\"00:18:58\",\"Punch10\":\"00:19:48\",\"Finish punch\":\"01:04:38\"}','2025-06-07 15:08:19','2025-06-07 15:16:56'),(21,1,21,'00:41:20','01:13:07','00:31:47',0,'','{\"Start punch\":\"00:41:20\",\"Punch1\":\"00:07:09\",\"Punch2\":\"00:08:47\",\"Punch3\":\"00:11:06\",\"Punch4\":\"00:14:07\",\"Punch5\":\"00:17:00\",\"Punch6\":\"00:20:13\",\"Punch7\":\"00:21:56\",\"Punch8\":\"00:23:43\",\"Punch9\":\"00:29:18\",\"Punch10\":\"00:31:03\",\"Finish punch\":\"01:13:07\"}','2025-06-07 15:08:19','2025-06-07 15:16:56'),(22,1,22,'00:47:00','01:46:24','00:59:24',0,'','{\"Start punch\":\"00:47:00\",\"Punch1\":\"00:13:18\",\"Punch2\":\"00:15:36\",\"Punch3\":\"00:19:23\",\"Punch4\":\"00:26:05\",\"Punch5\":\"00:31:03\",\"Punch6\":\"00:34:02\",\"Punch7\":\"00:36:05\",\"Punch8\":\"00:38:47\",\"Punch9\":\"00:56:13\",\"Punch10\":\"00:58:08\",\"Finish punch\":\"01:46:24\"}','2025-06-07 15:08:19','2025-06-07 15:16:56'),(23,1,23,'00:38:02','01:48:17','01:10:15',0,'','{\"Start punch\":\"00:38:02\",\"Punch1\":\"00:06:35\",\"Punch2\":\"00:10:12\",\"Punch3\":\"00:17:11\",\"Punch4\":\"00:24:44\",\"Punch5\":\"00:34:00\",\"Punch6\":\"00:41:12\",\"Punch7\":\"00:45:17\",\"Punch8\":\"00:48:12\",\"Punch9\":\"01:05:51\",\"Punch10\":\"01:08:20\",\"Finish punch\":\"01:48:17\"}','2025-06-07 15:08:19','2025-06-07 15:16:56'),(24,1,24,'00:35:02','01:54:48','01:19:46',0,'','{\"Start punch\":\"00:35:02\",\"Punch1\":\"00:12:31\",\"Punch2\":\"00:17:19\",\"Punch3\":\"00:24:02\",\"Punch4\":\"00:35:16\",\"Punch5\":\"00:44:56\",\"Punch6\":\"00:49:45\",\"Punch7\":\"00:53:32\",\"Punch8\":\"00:59:32\",\"Punch9\":\"01:12:58\",\"Punch10\":\"01:17:51\",\"Finish punch\":\"01:54:48\"}','2025-06-07 15:08:19','2025-06-07 15:16:56'),(25,1,25,'00:00:00','00:00:00','00:00:00',2,'POST LIPSA/ORDINE POST','{\"Start punch\":\"00:22:06\",\"Punch1\":\"00:12:57\",\"Punch2\":\"00:17:02\",\"Punch3\":\"00:26:57\",\"Punch4\":\"00:31:54\",\"Punch5\":\"00:51:25\",\"Punch6\":\"00:56:27\",\"Punch7\":\"01:02:15\",\"Punch8\":\"01:04:46\",\"Punch9\":\"00:00:00\",\"Punch10\":\"01:44:30\",\"Finish punch\":\"02:09:01\"}','2025-06-07 15:08:19','2025-06-07 15:16:56'),(26,1,26,'00:00:00','00:00:00','00:00:00',2,'POST LIPSA/ORDINE POST','{\"Start punch\":\"00:24:00\",\"Punch1\":\"00:11:09\",\"Punch2\":\"00:15:27\",\"Punch3\":\"00:22:10\",\"Punch4\":\"00:30:36\",\"Punch5\":\"00:49:26\",\"Punch6\":\"00:56:15\",\"Punch7\":\"01:00:31\",\"Punch8\":\"01:03:12\",\"Punch9\":\"00:00:00\",\"Punch10\":\"01:42:49\",\"Finish punch\":\"02:08:59\"}','2025-06-07 15:08:19','2025-06-07 15:16:56'),(27,1,27,'00:00:00','00:00:00','00:00:00',1,NULL,NULL,'2025-06-07 15:08:19','2025-06-07 15:08:19'),(28,1,28,'00:42:02','02:06:00','01:23:58',0,'','{\"Start punch\":\"00:42:02\",\"Punch1\":\"00:07:09\",\"Punch2\":\"00:22:15\",\"Punch3\":\"00:23:46\",\"Punch4\":\"00:38:11\",\"Punch5\":\"00:42:25\",\"Punch6\":\"00:44:46\",\"Punch7\":\"00:46:31\",\"Punch8\":\"00:49:19\",\"Punch9\":\"00:51:41\",\"Punch10\":\"00:57:01\",\"Punch11\":\"01:00:45\",\"Punch12\":\"01:02:57\",\"Punch13\":\"01:05:51\",\"Punch14\":\"01:09:47\",\"Punch15\":\"01:14:16\",\"Punch16\":\"01:21:21\",\"Punch17\":\"01:23:30\",\"Finish punch\":\"02:06:00\"}','2025-06-07 15:08:19','2025-06-07 15:16:56'),(29,1,30,'00:00:00','00:00:00','00:00:00',1,NULL,NULL,'2025-06-08 16:28:12','2025-06-08 16:28:12'),(30,1,31,'00:00:00','00:00:00','00:00:00',1,NULL,NULL,'2025-06-08 16:28:21','2025-06-08 16:28:21'),(31,1,29,'00:00:00','00:00:00','00:00:00',1,NULL,NULL,'2025-06-08 16:29:02','2025-06-08 16:29:02');
/*!40000 ALTER TABLE `orienteering` ENABLE KEYS */;
UNLOCK TABLES;
DROP TABLE IF EXISTS `orienteering_stations_stages`;
/*!40101 SET @saved_cs_client     = @@character_set_client */;
/*!50503 SET character_set_client = utf8mb4 */;
CREATE TABLE `orienteering_stations_stages` (
  `id` int NOT NULL AUTO_INCREMENT,
  `stage_id` int NOT NULL,
  `category_id` int NOT NULL,
  `post` varchar(255) COLLATE utf8mb4_unicode_ci DEFAULT NULL,
  `created_at` timestamp NULL DEFAULT NULL,
  `updated_at` timestamp NULL DEFAULT NULL,
  PRIMARY KEY (`id`)
) ENGINE=InnoDB AUTO_INCREMENT=108 DEFAULT CHARSET=utf8mb4 COLLATE=utf8mb4_unicode_ci;
/*!40101 SET character_set_client = @saved_cs_client */;

LOCK TABLES `orienteering_stations_stages` WRITE;
/*!40000 ALTER TABLE `orienteering_stations_stages` DISABLE KEYS */;
INSERT INTO `orienteering_stations_stages` VALUES (1,1,1,'Start punch','2025-06-07 14:53:09','2025-06-07 14:53:09'),(2,1,1,'Punch1','2025-06-07 14:53:09','2025-06-07 14:53:09'),(3,1,1,'Punch2','2025-06-07 14:53:09','2025-06-07 14:53:09'),(4,1,1,'Punch3','2025-06-07 14:53:09','2025-06-07 14:53:09'),(5,1,1,'Punch4','2025-06-07 14:53:09','2025-06-07 14:53:09'),(6,1,1,'Punch5','2025-06-07 14:53:09','2025-06-07 14:53:09'),(7,1,1,'Punch6','2025-06-07 14:53:09','2025-06-07 14:53:09'),(8,1,1,'Punch7','2025-06-07 14:53:09','2025-06-07 14:53:09'),(9,1,1,'Punch8','2025-06-07 14:53:09','2025-06-07 14:53:09'),(10,1,1,'Punch9','2025-06-07 14:53:09','2025-06-07 14:53:09'),(11,1,1,'Punch10','2025-06-07 14:53:09','2025-06-07 14:53:09'),(12,1,1,'Finish punch','2025-06-07 14:53:09','2025-06-07 14:53:09'),(13,1,2,'Start punch','2025-06-07 14:54:53','2025-06-07 14:54:53'),(14,1,2,'Punch1','2025-06-07 14:54:53','2025-06-07 14:54:53'),(15,1,2,'Punch2','2025-06-07 14:54:53','2025-06-07 14:54:53'),(16,1,2,'Punch3','2025-06-07 14:54:53','2025-06-07 14:54:53'),(17,1,2,'Punch4','2025-06-07 14:54:53','2025-06-07 14:54:53'),(18,1,2,'Punch5','2025-06-07 14:54:53','2025-06-07 14:54:53'),(19,1,2,'Punch6','2025-06-07 14:54:53','2025-06-07 14:54:53'),(20,1,2,'Punch7','2025-06-07 14:54:53','2025-06-07 14:54:53'),(21,1,2,'Punch8','2025-06-07 14:54:53','2025-06-07 14:54:53'),(22,1,2,'Punch9','2025-06-07 14:54:53','2025-06-07 14:54:53'),(23,1,2,'Punch10','2025-06-07 14:54:53','2025-06-07 14:54:53'),(24,1,2,'Punch11','2025-06-07 14:54:53','2025-06-07 14:54:53'),(25,1,2,'Punch12','2025-06-07 14:54:53','2025-06-07 14:54:53'),(26,1,2,'Punch13','2025-06-07 14:54:53','2025-06-07 14:54:53'),(27,1,2,'Finish punch','2025-06-07 14:54:53','2025-06-07 14:54:53'),(28,1,3,'Start punch','2025-06-07 14:56:46','2025-06-07 14:56:46'),(29,1,3,'Punch1','2025-06-07 14:56:46','2025-06-07 14:56:46'),(30,1,3,'Punch2','2025-06-07 14:56:46','2025-06-07 14:56:46'),(31,1,3,'Punch3','2025-06-07 14:56:46','2025-06-07 14:56:46'),(32,1,3,'Punch4','2025-06-07 14:56:46','2025-06-07 14:56:46'),(33,1,3,'Punch5','2025-06-07 14:56:46','2025-06-07 14:56:46'),(34,1,3,'Punch6','2025-06-07 14:56:46','2025-06-07 14:56:46'),(35,1,3,'Punch7','2025-06-07 14:56:46','2025-06-07 14:56:46'),(36,1,3,'Punch8','2025-06-07 14:56:46','2025-06-07 14:56:46'),(37,1,3,'Punch9','2025-06-07 14:56:46','2025-06-07 14:56:46'),(38,1,3,'Punch10','2025-06-07 14:56:46','2025-06-07 14:56:46'),(39,1,3,'Punch11','2025-06-07 14:56:46','2025-06-07 14:56:46'),(40,1,3,'Punch12','2025-06-07 14:56:46','2025-06-07 14:56:46'),(41,1,3,'Punch13','2025-06-07 14:56:46','2025-06-07 14:56:46'),(42,1,3,'Punch14','2025-06-07 14:56:46','2025-06-07 14:56:46'),(43,1,3,'Punch15','2025-06-07 14:56:46','2025-06-07 14:56:46'),(44,1,3,'Punch16','2025-06-07 14:56:46','2025-06-07 14:56:46'),(45,1,3,'Punch17','2025-06-07 14:56:46','2025-06-07 14:56:46'),(46,1,3,'Finish punch','2025-06-07 14:56:46','2025-06-07 14:56:46'),(47,1,4,'Start punch','2025-06-07 14:58:17','2025-06-07 14:58:17'),(48,1,4,'Punch1','2025-06-07 14:58:17','2025-06-07 14:58:17'),(49,1,4,'Punch2','2025-06-07 14:58:17','2025-06-07 14:58:17'),(50,1,4,'Punch3','2025-06-07 14:58:17','2025-06-07 14:58:17'),(51,1,4,'Punch4','2025-06-07 14:58:17','2025-06-07 14:58:17'),(52,1,4,'Punch5','2025-06-07 14:58:17','2025-06-07 14:58:17'),(53,1,4,'Punch6','2025-06-07 14:58:17','2025-06-07 14:58:17'),(54,1,4,'Punch7','2025-06-07 14:58:17','2025-06-07 14:58:17'),(55,1,4,'Punch8','2025-06-07 14:58:17','2025-06-07 14:58:17'),(56,1,4,'Punch9','2025-06-07 14:58:17','2025-06-07 14:58:17'),(57,1,4,'Punch10','2025-06-07 14:58:17','2025-06-07 14:58:17'),(58,1,4,'Punch11','2025-06-07 14:58:17','2025-06-07 14:58:17'),(59,1,4,'Punch12','2025-06-07 14:58:17','2025-06-07 14:58:17'),(60,1,4,'Punch13','2025-06-07 14:58:17','2025-06-07 14:58:17'),(61,1,4,'Finish punch','2025-06-07 14:58:17','2025-06-07 14:58:17'),(62,1,5,'Start punch','2025-06-07 14:59:25','2025-06-07 14:59:25'),(63,1,5,'Punch1','2025-06-07 14:59:25','2025-06-07 14:59:25'),(64,1,5,'Punch2','2025-06-07 14:59:25','2025-06-07 14:59:25'),(65,1,5,'Punch3','2025-06-07 14:59:25','2025-06-07 14:59:25'),(66,1,5,'Punch4','2025-06-07 14:59:25','2025-06-07 14:59:25'),(67,1,5,'Punch5','2025-06-07 14:59:25','2025-06-07 14:59:25'),(68,1,5,'Punch6','2025-06-07 14:59:25','2025-06-07 14:59:25'),(69,1,5,'Punch7','2025-06-07 14:59:25','2025-06-07 14:59:25'),(70,1,5,'Punch8','2025-06-07 14:59:25','2025-06-07 14:59:25'),(71,1,5,'Punch9','2025-06-07 14:59:25','2025-06-07 14:59:25'),(72,1,5,'Punch10','2025-06-07 14:59:25','2025-06-07 14:59:25'),(73,1,5,'Finish punch','2025-06-07 14:59:25','2025-06-07 14:59:25'),(74,1,6,'Start punch','2025-06-07 15:00:33','2025-06-07 15:00:33'),(75,1,6,'Punch1','2025-06-07 15:00:33','2025-06-07 15:00:33'),(76,1,6,'Punch2','2025-06-07 15:00:33','2025-06-07 15:00:33'),(77,1,6,'Punch3','2025-06-07 15:00:33','2025-06-07 15:00:33'),(78,1,6,'Punch4','2025-06-07 15:00:33','2025-06-07 15:00:33'),(79,1,6,'Punch5','2025-06-07 15:00:33','2025-06-07 15:00:33'),(80,1,6,'Punch6','2025-06-07 15:00:33','2025-06-07 15:00:33'),(81,1,6,'Punch7','2025-06-07 15:00:33','2025-06-07 15:00:33'),(82,1,6,'Punch8','2025-06-07 15:00:33','2025-06-07 15:00:33'),(83,1,6,'Punch9','2025-06-07 15:00:33','2025-06-07 15:00:33'),(84,1,6,'Punch10','2025-06-07 15:00:33','2025-06-07 15:00:33'),(85,1,6,'Punch11','2025-06-07 15:00:33','2025-06-07 15:00:33'),(86,1,6,'Punch12','2025-06-07 15:00:33','2025-06-07 15:00:33'),(87,1,6,'Punch13','2025-06-07 15:00:33','2025-06-07 15:00:33'),(88,1,6,'Finish punch','2025-06-07 15:00:33','2025-06-07 15:00:33'),(89,1,7,'Start punch','2025-06-07 15:01:54','2025-06-07 15:01:54'),(90,1,7,'Punch1','2025-06-07 15:01:54','2025-06-07 15:01:54'),(91,1,7,'Punch2','2025-06-07 15:01:54','2025-06-07 15:01:54'),(92,1,7,'Punch3','2025-06-07 15:01:54','2025-06-07 15:01:54'),(93,1,7,'Punch4','2025-06-07 15:01:54','2025-06-07 15:01:54'),(94,1,7,'Punch5','2025-06-07 15:01:54','2025-06-07 15:01:54'),(95,1,7,'Punch6','2025-06-07 15:01:54','2025-06-07 15:01:54'),(96,1,7,'Punch7','2025-06-07 15:01:54','2025-06-07 15:01:54'),(97,1,7,'Punch8','2025-06-07 15:01:54','2025-06-07 15:01:54'),(98,1,7,'Punch9','2025-06-07 15:01:54','2025-06-07 15:01:54'),(99,1,7,'Punch10','2025-06-07 15:01:54','2025-06-07 15:01:54'),(100,1,7,'Punch11','2025-06-07 15:01:54','2025-06-07 15:01:54'),(101,1,7,'Punch12','2025-06-07 15:01:54','2025-06-07 15:01:54'),(102,1,7,'Punch13','2025-06-07 15:01:54','2025-06-07 15:01:54'),(103,1,7,'Punch14','2025-06-07 15:01:54','2025-06-07 15:01:54'),(104,1,7,'Punch15','2025-06-07 15:01:54','2025-06-07 15:01:54'),(105,1,7,'Punch16','2025-06-07 15:01:54','2025-06-07 15:01:54'),(106,1,7,'Punch17','2025-06-07 15:01:54','2025-06-07 15:01:54'),(107,1,7,'Finish punch','2025-06-07 15:01:54','2025-06-07 15:01:54');
/*!40000 ALTER TABLE `orienteering_stations_stages` ENABLE KEYS */;
UNLOCK TABLES;
DROP TABLE IF EXISTS `participants`;
/*!40101 SET @saved_cs_client     = @@character_set_client */;
/*!50503 SET character_set_client = utf8mb4 */;
CREATE TABLE `participants` (
  `id` int NOT NULL AUTO_INCREMENT,
  `ci` varchar(255) CHARACTER SET utf8mb3 COLLATE utf8mb3_unicode_ci DEFAULT NULL,
  `phone` varchar(255) CHARACTER SET utf8mb3 COLLATE utf8mb3_unicode_ci DEFAULT NULL,
  `name` varchar(255) CHARACTER SET utf8mb3 COLLATE utf8mb3_unicode_ci NOT NULL,
  `created_at` timestamp NULL DEFAULT NULL,
  `updated_at` timestamp NULL DEFAULT NULL,
  PRIMARY KEY (`id`)
) ENGINE=InnoDB DEFAULT CHARSET=utf8mb3 COLLATE=utf8mb3_unicode_ci;
/*!40101 SET character_set_client = @saved_cs_client */;

LOCK TABLES `participants` WRITE;
/*!40000 ALTER TABLE `participants` DISABLE KEYS */;
/*!40000 ALTER TABLE `participants` ENABLE KEYS */;
UNLOCK TABLES;
DROP TABLE IF EXISTS `participants_stage_rankings`;
/*!40101 SET @saved_cs_client     = @@character_set_client */;
/*!50503 SET character_set_client = utf8mb4 */;
CREATE TABLE `participants_stage_rankings` (
  `id` int NOT NULL AUTO_INCREMENT,
  `stage_id` int NOT NULL,
  `club_id` int NOT NULL,
  `team_id` int NOT NULL,
  `category_id` int NOT NULL,
  `category_name` varchar(255) NOT NULL,
  `scor` int NOT NULL,
  `created_at` timestamp NOT NULL DEFAULT '0000-00-00 00:00:00' ON UPDATE CURRENT_TIMESTAMP,
  `updated_at` timestamp NOT NULL DEFAULT '0000-00-00 00:00:00' ON UPDATE CURRENT_TIMESTAMP,
  PRIMARY KEY (`id`),
  KEY `team_id` (`team_id`)
) ENGINE=InnoDB DEFAULT CHARSET=latin1;
/*!40101 SET character_set_client = @saved_cs_client */;

LOCK TABLES `participants_stage_rankings` WRITE;
/*!40000 ALTER TABLE `participants_stage_rankings` DISABLE KEYS */;
/*!40000 ALTER TABLE `participants_stage_rankings` ENABLE KEYS */;
UNLOCK TABLES;
DROP TABLE IF EXISTS `participants_stages`;
/*!40101 SET @saved_cs_client     = @@character_set_client */;
/*!50503 SET character_set_client = utf8mb4 */;
CREATE TABLE `participants_stages` (
  `id` int NOT NULL AUTO_INCREMENT,
  `stage_id` int NOT NULL,
  `participant_id` int NOT NULL,
  `team_id` int NOT NULL,
  `created_at` timestamp NULL DEFAULT NULL,
  `updated_at` timestamp NULL DEFAULT NULL,
  PRIMARY KEY (`id`),
  KEY `pa_id` (`participant_id`)
) ENGINE=InnoDB DEFAULT CHARSET=utf8mb4 COLLATE=utf8mb4_unicode_ci;
/*!40101 SET character_set_client = @saved_cs_client */;

LOCK TABLES `participants_stages` WRITE;
/*!40000 ALTER TABLE `participants_stages` DISABLE KEYS */;
/*!40000 ALTER TABLE `participants_stages` ENABLE KEYS */;
UNLOCK TABLES;
DROP TABLE IF EXISTS `raidmontan_participations`;
/*!40101 SET @saved_cs_client     = @@character_set_client */;
/*!50503 SET character_set_client = utf8mb4 */;
CREATE TABLE `raidmontan_participations` (
  `id` int NOT NULL AUTO_INCREMENT,
  `stage_id` int NOT NULL,
  `team_id` int NOT NULL,
  `missing_equipment_items` int NOT NULL,
  `missing_footwear` int NOT NULL,
  `abandon` int NOT NULL,
  `minimum_distance_penalty` int NOT NULL,
  `created_at` timestamp NULL DEFAULT NULL,
  `updated_at` timestamp NULL DEFAULT NULL,
  PRIMARY KEY (`id`)
) ENGINE=InnoDB AUTO_INCREMENT=66 DEFAULT CHARSET=utf8mb4 COLLATE=utf8mb4_unicode_ci;
/*!40101 SET character_set_client = @saved_cs_client */;

LOCK TABLES `raidmontan_participations` WRITE;
/*!40000 ALTER TABLE `raidmontan_participations` DISABLE KEYS */;
INSERT INTO `raidmontan_participations` VALUES (32,1,1,0,0,0,0,'2025-06-08 16:23:13','2025-06-08 16:23:14'),(33,1,2,0,0,0,0,'2025-06-08 16:23:13','2025-06-08 16:23:14'),(34,1,3,0,0,0,0,'2025-06-08 16:23:13','2025-06-08 16:23:15'),(36,1,5,0,0,0,0,'2025-06-08 16:23:13','2025-06-08 16:23:15'),(37,1,6,0,0,1,0,'2025-06-08 16:23:13','2025-06-08 16:23:13'),(38,1,7,0,0,0,0,'2025-06-08 16:23:13','2025-06-08 16:23:15'),(39,1,9,0,0,0,0,'2025-06-08 16:23:13','2025-06-08 16:23:15'),(40,1,10,0,0,0,0,'2025-06-08 16:23:13','2025-06-08 16:23:15'),(41,1,11,0,0,0,0,'2025-06-08 16:23:13','2025-06-08 16:23:15'),(42,1,12,0,0,0,0,'2025-06-08 16:23:13','2025-06-08 16:23:15'),(43,1,13,0,0,0,0,'2025-06-08 16:23:13','2025-06-08 16:23:15'),(44,1,14,0,0,0,0,'2025-06-08 16:23:13','2025-06-08 16:23:15'),(45,1,15,0,0,0,0,'2025-06-08 16:23:13','2025-06-08 16:23:15'),(46,1,16,0,0,2,0,'2025-06-08 16:23:13','2025-06-08 16:23:15'),(47,1,17,0,0,0,0,'2025-06-08 16:23:13','2025-06-08 16:23:15'),(49,1,19,0,0,0,0,'2025-06-08 16:23:13','2025-06-08 16:23:15'),(50,1,20,0,0,0,0,'2025-06-08 16:23:13','2025-06-08 16:23:15'),(51,1,21,0,0,0,0,'2025-06-08 16:23:13','2025-06-08 16:23:15'),(52,1,22,0,0,0,0,'2025-06-08 16:23:13','2025-06-08 16:23:15'),(53,1,23,0,0,0,0,'2025-06-08 16:23:13','2025-06-08 16:23:15'),(54,1,24,0,0,2,0,'2025-06-08 16:23:13','2025-06-08 16:23:16'),(55,1,25,0,0,0,0,'2025-06-08 16:23:13','2025-06-08 16:23:16'),(56,1,26,0,0,0,0,'2025-06-08 16:23:13','2025-06-08 16:23:16'),(57,1,27,0,0,1,0,'2025-06-08 16:23:13','2025-06-08 16:23:13'),(59,1,29,0,0,0,0,'2025-06-08 16:23:13','2025-06-08 16:23:15'),(60,1,30,0,0,2,0,'2025-06-08 16:23:13','2025-06-08 16:23:15'),(62,1,31,0,0,2,0,'2025-06-08 16:24:34','2025-06-08 16:24:34'),(63,1,18,0,0,0,0,'2025-06-08 17:20:44','2025-06-08 17:20:44'),(64,1,4,0,0,0,0,'2025-06-08 17:21:34','2025-06-08 17:21:34'),(65,1,28,0,0,0,0,'2025-06-08 17:24:10','2025-06-08 17:24:10');
/*!40000 ALTER TABLE `raidmontan_participations` ENABLE KEYS */;
UNLOCK TABLES;
DROP TABLE IF EXISTS `raidmontan_participations_entries`;
/*!40101 SET @saved_cs_client     = @@character_set_client */;
/*!50503 SET character_set_client = utf8mb4 */;
CREATE TABLE `raidmontan_participations_entries` (
  `id` int NOT NULL AUTO_INCREMENT,
  `stage_id` int NOT NULL,
  `raidmontan_participations_id` int NOT NULL,
  `team_id` int NOT NULL,
  `raidmontan_stations_id` int NOT NULL,
  `raidmontan_stations_station_type` int NOT NULL,
  `raidmontan_stations_stages_id` int DEFAULT NULL,
  `time_start` varchar(32) COLLATE utf8mb4_unicode_ci DEFAULT NULL,
  `time_finish` varchar(32) COLLATE utf8mb4_unicode_ci DEFAULT NULL,
  `hits` int DEFAULT NULL,
  `created_at` timestamp NULL DEFAULT NULL,
  `updated_at` timestamp NULL DEFAULT NULL,
  PRIMARY KEY (`id`)
) ENGINE=InnoDB AUTO_INCREMENT=881 DEFAULT CHARSET=utf8mb4 COLLATE=utf8mb4_unicode_ci;
/*!40101 SET character_set_client = @saved_cs_client */;

LOCK TABLES `raidmontan_participations_entries` WRITE;
/*!40000 ALTER TABLE `raidmontan_participations_entries` DISABLE KEYS */;
INSERT INTO `raidmontan_participations_entries` VALUES (419,1,32,1,11,0,8,'00:00:00',NULL,NULL,'2025-06-08 16:23:13','2025-06-08 16:23:13'),(420,1,32,1,12,1,9,'01:31:03','01:40:54',NULL,'2025-06-08 16:23:13','2025-06-08 16:23:14'),(421,1,32,1,13,1,10,'02:40:34','03:09:49',NULL,'2025-06-08 16:23:13','2025-06-08 16:23:14'),(422,1,32,1,14,1,11,'04:50:58','05:00:39',NULL,'2025-06-08 16:23:13','2025-06-08 16:23:14'),(423,1,32,1,15,2,NULL,NULL,NULL,1,'2025-06-08 16:23:13','2025-06-08 16:23:13'),(424,1,32,1,16,2,NULL,NULL,NULL,1,'2025-06-08 16:23:13','2025-06-08 16:23:13'),(425,1,32,1,17,2,NULL,NULL,NULL,1,'2025-06-08 16:23:13','2025-06-08 16:23:13'),(426,1,32,1,18,2,NULL,NULL,NULL,1,'2025-06-08 16:23:13','2025-06-08 16:23:13'),(427,1,32,1,19,2,NULL,NULL,NULL,1,'2025-06-08 16:23:13','2025-06-08 16:23:13'),(428,1,32,1,20,2,NULL,NULL,NULL,1,'2025-06-08 16:23:13','2025-06-08 16:23:13'),(429,1,32,1,21,2,NULL,NULL,NULL,1,'2025-06-08 16:23:13','2025-06-08 16:23:13'),(430,1,32,1,22,2,NULL,NULL,NULL,1,'2025-06-08 16:23:13','2025-06-08 16:23:13'),(431,1,32,1,23,2,NULL,NULL,NULL,1,'2025-06-08 16:23:13','2025-06-08 16:23:13'),(432,1,32,1,24,2,NULL,NULL,NULL,1,'2025-06-08 16:23:13','2025-06-08 16:23:13'),(433,1,32,1,25,3,12,NULL,'07:11:09',NULL,'2025-06-08 16:23:13','2025-06-08 16:23:14'),(434,1,33,2,11,0,8,'00:00:00',NULL,NULL,'2025-06-08 16:23:13','2025-06-08 16:23:13'),(435,1,33,2,12,1,9,'01:45:01','01:55:17',NULL,'2025-06-08 16:23:13','2025-06-08 16:23:14'),(436,1,33,2,13,1,10,'03:33:04','04:00:19',NULL,'2025-06-08 16:23:13','2025-06-08 16:23:14'),(437,1,33,2,14,1,11,'06:10:23','06:20:06',NULL,'2025-06-08 16:23:13','2025-06-08 16:23:14'),(438,1,33,2,15,2,NULL,NULL,NULL,1,'2025-06-08 16:23:13','2025-06-08 16:23:13'),(439,1,33,2,16,2,NULL,NULL,NULL,1,'2025-06-08 16:23:13','2025-06-08 16:23:13'),(440,1,33,2,17,2,NULL,NULL,NULL,1,'2025-06-08 16:23:13','2025-06-08 16:23:13'),(441,1,33,2,18,2,NULL,NULL,NULL,1,'2025-06-08 16:23:13','2025-06-08 16:23:13'),(442,1,33,2,19,2,NULL,NULL,NULL,1,'2025-06-08 16:23:13','2025-06-08 16:23:13'),(443,1,33,2,20,2,NULL,NULL,NULL,1,'2025-06-08 16:23:13','2025-06-08 16:23:13'),(444,1,33,2,21,2,NULL,NULL,NULL,1,'2025-06-08 16:23:13','2025-06-08 16:23:13'),(445,1,33,2,22,2,NULL,NULL,NULL,1,'2025-06-08 16:23:13','2025-06-08 16:23:13'),(446,1,33,2,23,2,NULL,NULL,NULL,1,'2025-06-08 16:23:13','2025-06-08 16:23:13'),(447,1,33,2,24,2,NULL,NULL,NULL,1,'2025-06-08 16:23:13','2025-06-08 16:23:13'),(448,1,33,2,25,3,12,NULL,'08:35:01',NULL,'2025-06-08 16:23:13','2025-06-08 16:23:14'),(449,1,34,3,11,0,8,'00:00:00',NULL,NULL,'2025-06-08 16:23:13','2025-06-08 16:23:13'),(450,1,34,3,12,1,9,'01:31:44','01:41:10',NULL,'2025-06-08 16:23:13','2025-06-08 16:23:15'),(451,1,34,3,13,1,10,'03:15:59','03:44:15',NULL,'2025-06-08 16:23:13','2025-06-08 16:23:15'),(452,1,34,3,14,1,11,'08:09:07','08:19:01',NULL,'2025-06-08 16:23:13','2025-06-08 16:23:15'),(453,1,34,3,15,2,NULL,NULL,NULL,1,'2025-06-08 16:23:13','2025-06-08 16:23:13'),(454,1,34,3,16,2,NULL,NULL,NULL,1,'2025-06-08 16:23:13','2025-06-08 16:23:13'),(455,1,34,3,17,2,NULL,NULL,NULL,1,'2025-06-08 16:23:13','2025-06-08 16:23:13'),(456,1,34,3,18,2,NULL,NULL,NULL,1,'2025-06-08 16:23:13','2025-06-08 16:23:13'),(457,1,34,3,19,2,NULL,NULL,NULL,1,'2025-06-08 16:23:13','2025-06-08 16:23:13'),(458,1,34,3,20,2,NULL,NULL,NULL,1,'2025-06-08 16:23:13','2025-06-08 16:23:13'),(459,1,34,3,21,2,NULL,NULL,NULL,1,'2025-06-08 16:23:13','2025-06-08 16:23:13'),(460,1,34,3,22,2,NULL,NULL,NULL,1,'2025-06-08 16:23:13','2025-06-08 16:23:13'),(461,1,34,3,23,2,NULL,NULL,NULL,1,'2025-06-08 16:23:13','2025-06-08 16:23:13'),(462,1,34,3,24,2,NULL,NULL,NULL,1,'2025-06-08 16:23:13','2025-06-08 16:23:13'),(463,1,34,3,25,3,12,NULL,'10:13:52',NULL,'2025-06-08 16:23:13','2025-06-08 16:23:15'),(479,1,36,5,11,0,8,'00:00:00',NULL,NULL,'2025-06-08 16:23:13','2025-06-08 16:23:13'),(480,1,36,5,12,1,9,'01:32:16','01:42:58',NULL,'2025-06-08 16:23:13','2025-06-08 16:23:14'),(481,1,36,5,13,1,10,'03:37:42','04:06:34',NULL,'2025-06-08 16:23:13','2025-06-08 16:23:14'),(482,1,36,5,14,1,11,'07:05:14','07:14:45',NULL,'2025-06-08 16:23:13','2025-06-08 16:23:14'),(483,1,36,5,15,2,NULL,NULL,NULL,1,'2025-06-08 16:23:13','2025-06-08 16:23:13'),(484,1,36,5,16,2,NULL,NULL,NULL,1,'2025-06-08 16:23:13','2025-06-08 16:23:13'),(485,1,36,5,17,2,NULL,NULL,NULL,1,'2025-06-08 16:23:13','2025-06-08 16:23:13'),(486,1,36,5,18,2,NULL,NULL,NULL,1,'2025-06-08 16:23:13','2025-06-08 16:23:13'),(487,1,36,5,19,2,NULL,NULL,NULL,1,'2025-06-08 16:23:13','2025-06-08 16:23:13'),(488,1,36,5,20,2,NULL,NULL,NULL,1,'2025-06-08 16:23:13','2025-06-08 16:23:13'),(489,1,36,5,21,2,NULL,NULL,NULL,1,'2025-06-08 16:23:13','2025-06-08 16:23:13'),(490,1,36,5,22,2,NULL,NULL,NULL,1,'2025-06-08 16:23:13','2025-06-08 16:23:13'),(491,1,36,5,23,2,NULL,NULL,NULL,1,'2025-06-08 16:23:13','2025-06-08 16:23:13'),(492,1,36,5,24,2,NULL,NULL,NULL,1,'2025-06-08 16:23:13','2025-06-08 16:23:13'),(493,1,36,5,25,3,12,NULL,'09:54:25',NULL,'2025-06-08 16:23:13','2025-06-08 16:23:14'),(494,1,37,6,11,0,8,'00:00:00',NULL,NULL,'2025-06-08 16:23:13','2025-06-08 16:23:13'),(495,1,37,6,12,1,9,'00:00:00','00:00:00',NULL,'2025-06-08 16:23:13','2025-06-08 16:23:13'),(496,1,37,6,13,1,10,'00:00:00','00:00:00',NULL,'2025-06-08 16:23:13','2025-06-08 16:23:13'),(497,1,37,6,14,1,11,'00:00:00','00:00:00',NULL,'2025-06-08 16:23:13','2025-06-08 16:23:13'),(498,1,37,6,15,2,NULL,NULL,NULL,1,'2025-06-08 16:23:13','2025-06-08 16:23:13'),(499,1,37,6,16,2,NULL,NULL,NULL,1,'2025-06-08 16:23:13','2025-06-08 16:23:13'),(500,1,37,6,17,2,NULL,NULL,NULL,1,'2025-06-08 16:23:13','2025-06-08 16:23:13'),(501,1,37,6,18,2,NULL,NULL,NULL,1,'2025-06-08 16:23:13','2025-06-08 16:23:13'),(502,1,37,6,19,2,NULL,NULL,NULL,1,'2025-06-08 16:23:13','2025-06-08 16:23:13'),(503,1,37,6,20,2,NULL,NULL,NULL,1,'2025-06-08 16:23:13','2025-06-08 16:23:13'),(504,1,37,6,21,2,NULL,NULL,NULL,1,'2025-06-08 16:23:13','2025-06-08 16:23:13'),(505,1,37,6,22,2,NULL,NULL,NULL,1,'2025-06-08 16:23:13','2025-06-08 16:23:13'),(506,1,37,6,23,2,NULL,NULL,NULL,1,'2025-06-08 16:23:13','2025-06-08 16:23:13'),(507,1,37,6,24,2,NULL,NULL,NULL,1,'2025-06-08 16:23:13','2025-06-08 16:23:13'),(508,1,37,6,25,3,12,NULL,'00:00:00',NULL,'2025-06-08 16:23:13','2025-06-08 16:23:13'),(509,1,38,7,97,0,30,'00:00:00',NULL,NULL,'2025-06-08 16:23:13','2025-06-08 16:23:13'),(510,1,38,7,98,1,31,'02:26:17','02:37:01',NULL,'2025-06-08 16:23:13','2025-06-08 16:23:15'),(511,1,38,7,99,1,32,'04:25:43','04:42:29',NULL,'2025-06-08 16:23:13','2025-06-08 16:23:15'),(512,1,38,7,100,1,33,'07:54:05','08:03:43',NULL,'2025-06-08 16:23:13','2025-06-08 16:23:15'),(513,1,38,7,101,2,NULL,NULL,NULL,1,'2025-06-08 16:23:13','2025-06-08 16:23:13'),(514,1,38,7,102,2,NULL,NULL,NULL,1,'2025-06-08 16:23:13','2025-06-08 16:23:13'),(515,1,38,7,103,2,NULL,NULL,NULL,1,'2025-06-08 16:23:13','2025-06-08 16:23:13'),(516,1,38,7,104,2,NULL,NULL,NULL,1,'2025-06-08 16:23:13','2025-06-08 16:23:13'),(517,1,38,7,105,2,NULL,NULL,NULL,1,'2025-06-08 16:23:13','2025-06-08 16:23:13'),(518,1,38,7,106,2,NULL,NULL,NULL,1,'2025-06-08 16:23:13','2025-06-08 16:23:13'),(519,1,38,7,107,2,NULL,NULL,NULL,1,'2025-06-08 16:23:13','2025-06-08 16:23:13'),(520,1,38,7,108,2,NULL,NULL,NULL,1,'2025-06-08 16:23:13','2025-06-08 16:23:13'),(521,1,38,7,109,2,NULL,NULL,NULL,1,'2025-06-08 16:23:13','2025-06-08 16:23:13'),(522,1,38,7,110,2,NULL,NULL,NULL,1,'2025-06-08 16:23:13','2025-06-08 16:23:13'),(523,1,38,7,111,3,34,NULL,'10:14:35',NULL,'2025-06-08 16:23:13','2025-06-08 16:23:15'),(524,1,39,9,40,0,13,'00:00:00',NULL,NULL,'2025-06-08 16:23:13','2025-06-08 16:23:13'),(525,1,39,9,41,1,14,'02:55:44','03:19:46',NULL,'2025-06-08 16:23:13','2025-06-08 16:23:15'),(526,1,39,9,42,1,15,'04:04:44','04:13:35',NULL,'2025-06-08 16:23:13','2025-06-08 16:23:15'),(527,1,39,9,43,2,NULL,NULL,NULL,1,'2025-06-08 16:23:13','2025-06-08 16:23:13'),(528,1,39,9,44,2,NULL,NULL,NULL,1,'2025-06-08 16:23:13','2025-06-08 16:23:13'),(529,1,39,9,45,2,NULL,NULL,NULL,1,'2025-06-08 16:23:13','2025-06-08 16:23:13'),(530,1,39,9,46,2,NULL,NULL,NULL,1,'2025-06-08 16:23:13','2025-06-08 16:23:13'),(531,1,39,9,47,2,NULL,NULL,NULL,1,'2025-06-08 16:23:13','2025-06-08 16:23:13'),(532,1,39,9,48,2,NULL,NULL,NULL,1,'2025-06-08 16:23:13','2025-06-08 16:23:13'),(533,1,39,9,49,2,NULL,NULL,NULL,1,'2025-06-08 16:23:13','2025-06-08 16:23:13'),(534,1,39,9,50,2,NULL,NULL,NULL,1,'2025-06-08 16:23:13','2025-06-08 16:23:13'),(535,1,39,9,51,2,NULL,NULL,NULL,1,'2025-06-08 16:23:13','2025-06-08 16:23:13'),(536,1,39,9,52,2,NULL,NULL,NULL,1,'2025-06-08 16:23:13','2025-06-08 16:23:13'),(537,1,39,9,53,3,16,NULL,'06:25:31',NULL,'2025-06-08 16:23:13','2025-06-08 16:23:15'),(538,1,40,10,40,0,13,'00:00:00',NULL,NULL,'2025-06-08 16:23:13','2025-06-08 16:23:13'),(539,1,40,10,41,1,14,'02:53:48','03:20:40',NULL,'2025-06-08 16:23:13','2025-06-08 16:23:15'),(540,1,40,10,42,1,15,'04:35:16','04:42:58',NULL,'2025-06-08 16:23:13','2025-06-08 16:23:15'),(541,1,40,10,43,2,NULL,NULL,NULL,1,'2025-06-08 16:23:13','2025-06-08 16:23:13'),(542,1,40,10,44,2,NULL,NULL,NULL,1,'2025-06-08 16:23:13','2025-06-08 16:23:13'),(543,1,40,10,45,2,NULL,NULL,NULL,1,'2025-06-08 16:23:13','2025-06-08 16:23:13'),(544,1,40,10,46,2,NULL,NULL,NULL,1,'2025-06-08 16:23:13','2025-06-08 16:23:13'),(545,1,40,10,47,2,NULL,NULL,NULL,1,'2025-06-08 16:23:13','2025-06-08 16:23:13'),(546,1,40,10,48,2,NULL,NULL,NULL,1,'2025-06-08 16:23:13','2025-06-08 16:23:13'),(547,1,40,10,49,2,NULL,NULL,NULL,1,'2025-06-08 16:23:13','2025-06-08 16:23:13'),(548,1,40,10,50,2,NULL,NULL,NULL,1,'2025-06-08 16:23:13','2025-06-08 16:23:13'),(549,1,40,10,51,2,NULL,NULL,NULL,1,'2025-06-08 16:23:13','2025-06-08 16:23:13'),(550,1,40,10,52,2,NULL,NULL,NULL,1,'2025-06-08 16:23:13','2025-06-08 16:23:13'),(551,1,40,10,53,3,16,NULL,'06:55:01',NULL,'2025-06-08 16:23:13','2025-06-08 16:23:15'),(552,1,41,11,40,0,13,'00:00:00',NULL,NULL,'2025-06-08 16:23:13','2025-06-08 16:23:13'),(553,1,41,11,41,1,14,'03:10:35','03:40:00',NULL,'2025-06-08 16:23:13','2025-06-08 16:23:15'),(554,1,41,11,42,1,15,'04:23:43','04:32:50',NULL,'2025-06-08 16:23:13','2025-06-08 16:23:15'),(555,1,41,11,43,2,NULL,NULL,NULL,1,'2025-06-08 16:23:13','2025-06-08 16:23:13'),(556,1,41,11,44,2,NULL,NULL,NULL,1,'2025-06-08 16:23:13','2025-06-08 16:23:13'),(557,1,41,11,45,2,NULL,NULL,NULL,1,'2025-06-08 16:23:13','2025-06-08 16:23:13'),(558,1,41,11,46,2,NULL,NULL,NULL,1,'2025-06-08 16:23:13','2025-06-08 16:23:13'),(559,1,41,11,47,2,NULL,NULL,NULL,1,'2025-06-08 16:23:13','2025-06-08 16:23:13'),(560,1,41,11,48,2,NULL,NULL,NULL,1,'2025-06-08 16:23:13','2025-06-08 16:23:13'),(561,1,41,11,49,2,NULL,NULL,NULL,1,'2025-06-08 16:23:13','2025-06-08 16:23:13'),(562,1,41,11,50,2,NULL,NULL,NULL,1,'2025-06-08 16:23:13','2025-06-08 16:23:13'),(563,1,41,11,51,2,NULL,NULL,NULL,1,'2025-06-08 16:23:13','2025-06-08 16:23:13'),(564,1,41,11,52,2,NULL,NULL,NULL,1,'2025-06-08 16:23:13','2025-06-08 16:23:13'),(565,1,41,11,53,3,16,NULL,'06:27:32',NULL,'2025-06-08 16:23:13','2025-06-08 16:23:15'),(566,1,42,12,40,0,13,'00:00:00',NULL,NULL,'2025-06-08 16:23:13','2025-06-08 16:23:13'),(567,1,42,12,41,1,14,'02:53:24','03:09:44',NULL,'2025-06-08 16:23:13','2025-06-08 16:23:15'),(568,1,42,12,42,1,15,'04:21:18','04:24:14',NULL,'2025-06-08 16:23:13','2025-06-08 16:23:15'),(569,1,42,12,43,2,NULL,NULL,NULL,1,'2025-06-08 16:23:13','2025-06-08 16:23:13'),(570,1,42,12,44,2,NULL,NULL,NULL,1,'2025-06-08 16:23:13','2025-06-08 16:23:13'),(571,1,42,12,45,2,NULL,NULL,NULL,1,'2025-06-08 16:23:13','2025-06-08 16:23:13'),(572,1,42,12,46,2,NULL,NULL,NULL,1,'2025-06-08 16:23:13','2025-06-08 16:23:13'),(573,1,42,12,47,2,NULL,NULL,NULL,1,'2025-06-08 16:23:13','2025-06-08 16:23:13'),(574,1,42,12,48,2,NULL,NULL,NULL,1,'2025-06-08 16:23:13','2025-06-08 16:23:13'),(575,1,42,12,49,2,NULL,NULL,NULL,1,'2025-06-08 16:23:13','2025-06-08 16:23:13'),(576,1,42,12,50,2,NULL,NULL,NULL,1,'2025-06-08 16:23:13','2025-06-08 16:23:13'),(577,1,42,12,51,2,NULL,NULL,NULL,1,'2025-06-08 16:23:13','2025-06-08 16:23:13'),(578,1,42,12,52,2,NULL,NULL,NULL,1,'2025-06-08 16:23:13','2025-06-08 16:23:13'),(579,1,42,12,53,3,16,NULL,'06:30:35',NULL,'2025-06-08 16:23:13','2025-06-08 16:23:15'),(580,1,43,13,40,0,13,'00:00:00',NULL,NULL,'2025-06-08 16:23:13','2025-06-08 16:23:13'),(581,1,43,13,41,1,14,'03:13:45','03:43:02',NULL,'2025-06-08 16:23:13','2025-06-08 16:23:15'),(582,1,43,13,42,1,15,'04:31:12','04:42:08',NULL,'2025-06-08 16:23:13','2025-06-08 16:23:15'),(583,1,43,13,43,2,NULL,NULL,NULL,1,'2025-06-08 16:23:13','2025-06-08 16:23:13'),(584,1,43,13,44,2,NULL,NULL,NULL,1,'2025-06-08 16:23:13','2025-06-08 16:23:13'),(585,1,43,13,45,2,NULL,NULL,NULL,1,'2025-06-08 16:23:13','2025-06-08 16:23:13'),(586,1,43,13,46,2,NULL,NULL,NULL,1,'2025-06-08 16:23:13','2025-06-08 16:23:13'),(587,1,43,13,47,2,NULL,NULL,NULL,1,'2025-06-08 16:23:13','2025-06-08 16:23:13'),(588,1,43,13,48,2,NULL,NULL,NULL,1,'2025-06-08 16:23:13','2025-06-08 16:23:13'),(589,1,43,13,49,2,NULL,NULL,NULL,1,'2025-06-08 16:23:13','2025-06-08 16:23:13'),(590,1,43,13,50,2,NULL,NULL,NULL,1,'2025-06-08 16:23:13','2025-06-08 16:23:13'),(591,1,43,13,51,2,NULL,NULL,NULL,1,'2025-06-08 16:23:13','2025-06-08 16:23:13'),(592,1,43,13,52,2,NULL,NULL,NULL,1,'2025-06-08 16:23:13','2025-06-08 16:23:13'),(593,1,43,13,53,3,16,NULL,'07:22:23',NULL,'2025-06-08 16:23:13','2025-06-08 16:23:15'),(594,1,44,14,40,0,13,'00:00:00',NULL,NULL,'2025-06-08 16:23:13','2025-06-08 16:23:13'),(595,1,44,14,41,1,14,'04:41:52','04:57:08',NULL,'2025-06-08 16:23:13','2025-06-08 16:23:15'),(596,1,44,14,42,1,15,'04:57:15','04:57:18',NULL,'2025-06-08 16:23:13','2025-06-08 16:23:15'),(597,1,44,14,43,2,NULL,NULL,NULL,1,'2025-06-08 16:23:13','2025-06-08 16:23:13'),(598,1,44,14,44,2,NULL,NULL,NULL,1,'2025-06-08 16:23:13','2025-06-08 16:23:13'),(599,1,44,14,45,2,NULL,NULL,NULL,1,'2025-06-08 16:23:13','2025-06-08 16:23:13'),(600,1,44,14,46,2,NULL,NULL,NULL,1,'2025-06-08 16:23:13','2025-06-08 16:23:13'),(601,1,44,14,47,2,NULL,NULL,NULL,1,'2025-06-08 16:23:13','2025-06-08 16:23:13'),(602,1,44,14,48,2,NULL,NULL,NULL,1,'2025-06-08 16:23:13','2025-06-08 16:23:13'),(603,1,44,14,49,2,NULL,NULL,NULL,1,'2025-06-08 16:23:13','2025-06-08 16:23:13'),(604,1,44,14,50,2,NULL,NULL,NULL,1,'2025-06-08 16:23:13','2025-06-08 16:23:13'),(605,1,44,14,51,2,NULL,NULL,NULL,1,'2025-06-08 16:23:13','2025-06-08 16:23:13'),(606,1,44,14,52,2,NULL,NULL,NULL,1,'2025-06-08 16:23:13','2025-06-08 16:23:13'),(607,1,44,14,53,3,16,NULL,'06:41:35',NULL,'2025-06-08 16:23:13','2025-06-08 16:23:15'),(608,1,45,15,40,0,13,'00:00:00',NULL,NULL,'2025-06-08 16:23:13','2025-06-08 16:23:13'),(609,1,45,15,41,1,14,'04:11:02','04:41:29',NULL,'2025-06-08 16:23:13','2025-06-08 16:23:15'),(610,1,45,15,42,1,15,'06:06:28','06:16:32',NULL,'2025-06-08 16:23:13','2025-06-08 16:23:15'),(611,1,45,15,43,2,NULL,NULL,NULL,1,'2025-06-08 16:23:13','2025-06-08 16:23:13'),(612,1,45,15,44,2,NULL,NULL,NULL,1,'2025-06-08 16:23:13','2025-06-08 16:23:13'),(613,1,45,15,45,2,NULL,NULL,NULL,1,'2025-06-08 16:23:13','2025-06-08 16:23:13'),(614,1,45,15,46,2,NULL,NULL,NULL,1,'2025-06-08 16:23:13','2025-06-08 16:23:13'),(615,1,45,15,47,2,NULL,NULL,NULL,1,'2025-06-08 16:23:13','2025-06-08 16:23:13'),(616,1,45,15,48,2,NULL,NULL,NULL,1,'2025-06-08 16:23:13','2025-06-08 16:23:13'),(617,1,45,15,49,2,NULL,NULL,NULL,1,'2025-06-08 16:23:13','2025-06-08 16:23:13'),(618,1,45,15,50,2,NULL,NULL,NULL,1,'2025-06-08 16:23:13','2025-06-08 16:23:13'),(619,1,45,15,51,2,NULL,NULL,NULL,1,'2025-06-08 16:23:13','2025-06-08 16:23:13'),(620,1,45,15,52,2,NULL,NULL,NULL,1,'2025-06-08 16:23:13','2025-06-08 16:23:13'),(621,1,45,15,53,3,16,NULL,'08:59:54',NULL,'2025-06-08 16:23:13','2025-06-08 16:23:15'),(622,1,46,16,68,0,21,'00:00:00',NULL,NULL,'2025-06-08 16:23:13','2025-06-08 16:23:13'),(623,1,46,16,69,1,22,'02:47:52','02:58:49',NULL,'2025-06-08 16:23:13','2025-06-08 16:23:15'),(624,1,46,16,70,1,23,'00:00:00','00:00:00',NULL,'2025-06-08 16:23:13','2025-06-08 16:23:13'),(625,1,46,16,71,1,24,'00:00:00','00:00:00',NULL,'2025-06-08 16:23:13','2025-06-08 16:23:13'),(626,1,46,16,72,2,NULL,NULL,NULL,1,'2025-06-08 16:23:13','2025-06-08 16:23:13'),(627,1,46,16,73,2,NULL,NULL,NULL,1,'2025-06-08 16:23:13','2025-06-08 16:23:13'),(628,1,46,16,74,2,NULL,NULL,NULL,1,'2025-06-08 16:23:13','2025-06-08 16:23:13'),(629,1,46,16,75,2,NULL,NULL,NULL,1,'2025-06-08 16:23:13','2025-06-08 16:23:13'),(630,1,46,16,76,2,NULL,NULL,NULL,1,'2025-06-08 16:23:13','2025-06-08 16:23:13'),(631,1,46,16,77,2,NULL,NULL,NULL,1,'2025-06-08 16:23:13','2025-06-08 16:23:13'),(632,1,46,16,78,2,NULL,NULL,NULL,1,'2025-06-08 16:23:13','2025-06-08 16:23:13'),(633,1,46,16,79,2,NULL,NULL,NULL,1,'2025-06-08 16:23:13','2025-06-08 16:23:13'),(634,1,46,16,80,2,NULL,NULL,NULL,1,'2025-06-08 16:23:13','2025-06-08 16:23:13'),(635,1,46,16,81,2,NULL,NULL,NULL,1,'2025-06-08 16:23:13','2025-06-08 16:23:13'),(636,1,46,16,82,3,25,NULL,'10:30:17',NULL,'2025-06-08 16:23:13','2025-06-08 16:23:15'),(637,1,47,17,26,0,4,'00:00:00',NULL,NULL,'2025-06-08 16:23:13','2025-06-08 16:23:13'),(638,1,47,17,27,1,5,'02:31:34','02:59:17',NULL,'2025-06-08 16:23:13','2025-06-08 16:23:15'),(639,1,47,17,28,1,6,'03:52:13','04:02:25',NULL,'2025-06-08 16:23:13','2025-06-08 16:23:15'),(640,1,47,17,29,2,NULL,NULL,NULL,1,'2025-06-08 16:23:13','2025-06-08 16:23:13'),(641,1,47,17,30,2,NULL,NULL,NULL,1,'2025-06-08 16:23:13','2025-06-08 16:23:13'),(642,1,47,17,31,2,NULL,NULL,NULL,1,'2025-06-08 16:23:13','2025-06-08 16:23:13'),(643,1,47,17,32,2,NULL,NULL,NULL,1,'2025-06-08 16:23:13','2025-06-08 16:23:13'),(644,1,47,17,33,2,NULL,NULL,NULL,1,'2025-06-08 16:23:13','2025-06-08 16:23:13'),(645,1,47,17,34,2,NULL,NULL,NULL,1,'2025-06-08 16:23:13','2025-06-08 16:23:13'),(646,1,47,17,35,2,NULL,NULL,NULL,1,'2025-06-08 16:23:13','2025-06-08 16:23:13'),(647,1,47,17,36,2,NULL,NULL,NULL,1,'2025-06-08 16:23:13','2025-06-08 16:23:13'),(648,1,47,17,37,2,NULL,NULL,NULL,1,'2025-06-08 16:23:13','2025-06-08 16:23:13'),(649,1,47,17,38,2,NULL,NULL,NULL,1,'2025-06-08 16:23:13','2025-06-08 16:23:13'),(650,1,47,17,39,3,7,NULL,'06:38:51',NULL,'2025-06-08 16:23:13','2025-06-08 16:23:15'),(665,1,49,19,54,0,17,'00:00:00',NULL,NULL,'2025-06-08 16:23:13','2025-06-08 16:23:13'),(666,1,49,19,55,1,18,'03:12:53','03:42:38',NULL,'2025-06-08 16:23:13','2025-06-08 16:23:15'),(667,1,49,19,56,1,19,'04:34:41','04:44:31',NULL,'2025-06-08 16:23:13','2025-06-08 16:23:15'),(668,1,49,19,57,2,NULL,NULL,NULL,1,'2025-06-08 16:23:13','2025-06-08 16:23:13'),(669,1,49,19,58,2,NULL,NULL,NULL,1,'2025-06-08 16:23:13','2025-06-08 16:23:13'),(670,1,49,19,59,2,NULL,NULL,NULL,1,'2025-06-08 16:23:13','2025-06-08 16:23:13'),(671,1,49,19,60,2,NULL,NULL,NULL,1,'2025-06-08 16:23:13','2025-06-08 16:23:13'),(672,1,49,19,61,2,NULL,NULL,NULL,1,'2025-06-08 16:23:13','2025-06-08 16:23:13'),(673,1,49,19,62,2,NULL,NULL,NULL,1,'2025-06-08 16:23:13','2025-06-08 16:23:13'),(674,1,49,19,63,2,NULL,NULL,NULL,1,'2025-06-08 16:23:13','2025-06-08 16:23:13'),(675,1,49,19,64,2,NULL,NULL,NULL,1,'2025-06-08 16:23:13','2025-06-08 16:23:13'),(676,1,49,19,65,2,NULL,NULL,NULL,1,'2025-06-08 16:23:13','2025-06-08 16:23:13'),(677,1,49,19,66,2,NULL,NULL,NULL,1,'2025-06-08 16:23:13','2025-06-08 16:23:13'),(678,1,49,19,67,3,20,NULL,'06:39:00',NULL,'2025-06-08 16:23:13','2025-06-08 16:23:15'),(679,1,50,20,1,0,1,'00:00:00',NULL,NULL,'2025-06-08 16:23:13','2025-06-08 16:23:13'),(680,1,50,20,2,1,2,'02:21:18','02:47:11',NULL,'2025-06-08 16:23:13','2025-06-08 16:23:15'),(681,1,50,20,3,2,NULL,NULL,NULL,1,'2025-06-08 16:23:13','2025-06-08 16:23:13'),(682,1,50,20,4,2,NULL,NULL,NULL,1,'2025-06-08 16:23:13','2025-06-08 16:23:13'),(683,1,50,20,5,2,NULL,NULL,NULL,1,'2025-06-08 16:23:13','2025-06-08 16:23:13'),(684,1,50,20,6,2,NULL,NULL,NULL,1,'2025-06-08 16:23:13','2025-06-08 16:23:13'),(685,1,50,20,7,2,NULL,NULL,NULL,1,'2025-06-08 16:23:13','2025-06-08 16:23:13'),(686,1,50,20,8,2,NULL,NULL,NULL,1,'2025-06-08 16:23:13','2025-06-08 16:23:13'),(687,1,50,20,9,2,NULL,NULL,NULL,1,'2025-06-08 16:23:13','2025-06-08 16:23:13'),(688,1,50,20,10,3,3,NULL,'05:54:31',NULL,'2025-06-08 16:23:13','2025-06-08 16:23:15'),(689,1,51,21,1,0,1,'00:00:00',NULL,NULL,'2025-06-08 16:23:13','2025-06-08 16:23:13'),(690,1,51,21,2,1,2,'02:57:43','03:27:19',NULL,'2025-06-08 16:23:13','2025-06-08 16:23:15'),(691,1,51,21,3,2,NULL,NULL,NULL,1,'2025-06-08 16:23:13','2025-06-08 16:23:13'),(692,1,51,21,4,2,NULL,NULL,NULL,1,'2025-06-08 16:23:13','2025-06-08 16:23:13'),(693,1,51,21,5,2,NULL,NULL,NULL,1,'2025-06-08 16:23:13','2025-06-08 16:23:13'),(694,1,51,21,6,2,NULL,NULL,NULL,1,'2025-06-08 16:23:13','2025-06-08 16:23:13'),(695,1,51,21,7,2,NULL,NULL,NULL,1,'2025-06-08 16:23:13','2025-06-08 16:23:13'),(696,1,51,21,8,2,NULL,NULL,NULL,1,'2025-06-08 16:23:13','2025-06-08 16:23:13'),(697,1,51,21,9,2,NULL,NULL,NULL,1,'2025-06-08 16:23:13','2025-06-08 16:23:13'),(698,1,51,21,10,3,3,NULL,'07:16:01',NULL,'2025-06-08 16:23:13','2025-06-08 16:23:15'),(699,1,52,22,1,0,1,'00:00:00',NULL,NULL,'2025-06-08 16:23:13','2025-06-08 16:23:13'),(700,1,52,22,2,1,2,'03:01:57','03:29:21',NULL,'2025-06-08 16:23:13','2025-06-08 16:23:15'),(701,1,52,22,3,2,NULL,NULL,NULL,1,'2025-06-08 16:23:13','2025-06-08 16:23:13'),(702,1,52,22,4,2,NULL,NULL,NULL,1,'2025-06-08 16:23:13','2025-06-08 16:23:13'),(703,1,52,22,5,2,NULL,NULL,NULL,1,'2025-06-08 16:23:13','2025-06-08 16:23:13'),(704,1,52,22,6,2,NULL,NULL,NULL,1,'2025-06-08 16:23:13','2025-06-08 16:23:13'),(705,1,52,22,7,2,NULL,NULL,NULL,1,'2025-06-08 16:23:13','2025-06-08 16:23:13'),(706,1,52,22,8,2,NULL,NULL,NULL,1,'2025-06-08 16:23:13','2025-06-08 16:23:13'),(707,1,52,22,9,2,NULL,NULL,NULL,1,'2025-06-08 16:23:13','2025-06-08 16:23:13'),(708,1,52,22,10,3,3,NULL,'07:21:55',NULL,'2025-06-08 16:23:13','2025-06-08 16:23:15'),(709,1,53,23,1,0,1,'00:00:00',NULL,NULL,'2025-06-08 16:23:13','2025-06-08 16:23:13'),(710,1,53,23,2,1,2,'03:36:51','04:07:42',NULL,'2025-06-08 16:23:13','2025-06-08 16:23:15'),(711,1,53,23,3,2,NULL,NULL,NULL,1,'2025-06-08 16:23:13','2025-06-08 16:23:13'),(712,1,53,23,4,2,NULL,NULL,NULL,1,'2025-06-08 16:23:13','2025-06-08 16:23:13'),(713,1,53,23,5,2,NULL,NULL,NULL,1,'2025-06-08 16:23:13','2025-06-08 16:23:13'),(714,1,53,23,6,2,NULL,NULL,NULL,1,'2025-06-08 16:23:13','2025-06-08 16:23:13'),(715,1,53,23,7,2,NULL,NULL,NULL,1,'2025-06-08 16:23:13','2025-06-08 16:23:13'),(716,1,53,23,8,2,NULL,NULL,NULL,1,'2025-06-08 16:23:13','2025-06-08 16:23:13'),(717,1,53,23,9,2,NULL,NULL,NULL,1,'2025-06-08 16:23:13','2025-06-08 16:23:13'),(718,1,53,23,10,3,3,NULL,'08:06:42',NULL,'2025-06-08 16:23:13','2025-06-08 16:23:15'),(719,1,54,24,1,0,1,'00:00:00',NULL,NULL,'2025-06-08 16:23:13','2025-06-08 16:23:13'),(720,1,54,24,2,1,2,'00:00:00','00:00:00',NULL,'2025-06-08 16:23:13','2025-06-08 16:23:13'),(721,1,54,24,3,2,NULL,NULL,NULL,1,'2025-06-08 16:23:13','2025-06-08 16:23:13'),(722,1,54,24,4,2,NULL,NULL,NULL,1,'2025-06-08 16:23:13','2025-06-08 16:23:13'),(723,1,54,24,5,2,NULL,NULL,NULL,1,'2025-06-08 16:23:13','2025-06-08 16:23:13'),(724,1,54,24,6,2,NULL,NULL,NULL,1,'2025-06-08 16:23:13','2025-06-08 16:23:13'),(725,1,54,24,7,2,NULL,NULL,NULL,1,'2025-06-08 16:23:13','2025-06-08 16:23:13'),(726,1,54,24,8,2,NULL,NULL,NULL,1,'2025-06-08 16:23:13','2025-06-08 16:23:13'),(727,1,54,24,9,2,NULL,NULL,NULL,1,'2025-06-08 16:23:13','2025-06-08 16:23:13'),(728,1,54,24,10,3,3,NULL,'00:00:00',NULL,'2025-06-08 16:23:13','2025-06-08 16:23:13'),(729,1,55,25,1,0,1,'00:00:00',NULL,NULL,'2025-06-08 16:23:13','2025-06-08 16:23:13'),(730,1,55,25,2,1,2,'03:54:40','04:18:41',NULL,'2025-06-08 16:23:13','2025-06-08 16:23:15'),(731,1,55,25,3,2,NULL,NULL,NULL,1,'2025-06-08 16:23:13','2025-06-08 16:23:13'),(732,1,55,25,4,2,NULL,NULL,NULL,1,'2025-06-08 16:23:13','2025-06-08 16:23:13'),(733,1,55,25,5,2,NULL,NULL,NULL,1,'2025-06-08 16:23:13','2025-06-08 16:23:13'),(734,1,55,25,6,2,NULL,NULL,NULL,1,'2025-06-08 16:23:13','2025-06-08 16:23:13'),(735,1,55,25,7,2,NULL,NULL,NULL,1,'2025-06-08 16:23:13','2025-06-08 16:23:13'),(736,1,55,25,8,2,NULL,NULL,NULL,1,'2025-06-08 16:23:13','2025-06-08 16:23:13'),(737,1,55,25,9,2,NULL,NULL,NULL,1,'2025-06-08 16:23:13','2025-06-08 16:23:13'),(738,1,55,25,10,3,3,NULL,'08:56:35',NULL,'2025-06-08 16:23:13','2025-06-08 16:23:15'),(739,1,56,26,1,0,1,'00:00:00',NULL,NULL,'2025-06-08 16:23:13','2025-06-08 16:23:13'),(740,1,56,26,2,1,2,'03:59:10','04:23:08',NULL,'2025-06-08 16:23:13','2025-06-08 16:23:16'),(741,1,56,26,3,2,NULL,NULL,NULL,1,'2025-06-08 16:23:13','2025-06-08 16:23:13'),(742,1,56,26,4,2,NULL,NULL,NULL,1,'2025-06-08 16:23:13','2025-06-08 16:23:13'),(743,1,56,26,5,2,NULL,NULL,NULL,1,'2025-06-08 16:23:13','2025-06-08 16:23:13'),(744,1,56,26,6,2,NULL,NULL,NULL,1,'2025-06-08 16:23:13','2025-06-08 16:23:13'),(745,1,56,26,7,2,NULL,NULL,NULL,1,'2025-06-08 16:23:13','2025-06-08 16:23:13'),(746,1,56,26,8,2,NULL,NULL,NULL,1,'2025-06-08 16:23:13','2025-06-08 16:23:13'),(747,1,56,26,9,2,NULL,NULL,NULL,1,'2025-06-08 16:23:13','2025-06-08 16:23:13'),(748,1,56,26,10,3,3,NULL,'08:56:32',NULL,'2025-06-08 16:23:13','2025-06-08 16:23:16'),(749,1,57,27,40,0,13,'00:00:00',NULL,NULL,'2025-06-08 16:23:13','2025-06-08 16:23:13'),(750,1,57,27,41,1,14,'00:00:00','00:00:00',NULL,'2025-06-08 16:23:13','2025-06-08 16:23:13'),(751,1,57,27,42,1,15,'00:00:00','00:00:00',NULL,'2025-06-08 16:23:13','2025-06-08 16:23:13'),(752,1,57,27,43,2,NULL,NULL,NULL,1,'2025-06-08 16:23:13','2025-06-08 16:23:13'),(753,1,57,27,44,2,NULL,NULL,NULL,1,'2025-06-08 16:23:13','2025-06-08 16:23:13'),(754,1,57,27,45,2,NULL,NULL,NULL,1,'2025-06-08 16:23:13','2025-06-08 16:23:13'),(755,1,57,27,46,2,NULL,NULL,NULL,1,'2025-06-08 16:23:13','2025-06-08 16:23:13'),(756,1,57,27,47,2,NULL,NULL,NULL,1,'2025-06-08 16:23:13','2025-06-08 16:23:13'),(757,1,57,27,48,2,NULL,NULL,NULL,1,'2025-06-08 16:23:13','2025-06-08 16:23:13'),(758,1,57,27,49,2,NULL,NULL,NULL,1,'2025-06-08 16:23:13','2025-06-08 16:23:13'),(759,1,57,27,50,2,NULL,NULL,NULL,1,'2025-06-08 16:23:13','2025-06-08 16:23:13'),(760,1,57,27,51,2,NULL,NULL,NULL,1,'2025-06-08 16:23:13','2025-06-08 16:23:13'),(761,1,57,27,52,2,NULL,NULL,NULL,1,'2025-06-08 16:23:13','2025-06-08 16:23:13'),(762,1,57,27,53,3,16,NULL,'00:00:00',NULL,'2025-06-08 16:23:13','2025-06-08 16:23:13'),(778,1,59,29,40,0,13,'00:00:00',NULL,NULL,'2025-06-08 16:23:13','2025-06-08 16:23:13'),(779,1,59,29,41,1,14,'03:11:26','03:41:17',NULL,'2025-06-08 16:23:13','2025-06-08 16:23:15'),(780,1,59,29,42,1,15,'04:41:49','04:51:06',NULL,'2025-06-08 16:23:13','2025-06-08 16:23:15'),(781,1,59,29,43,2,NULL,NULL,NULL,1,'2025-06-08 16:23:13','2025-06-08 16:23:13'),(782,1,59,29,44,2,NULL,NULL,NULL,1,'2025-06-08 16:23:13','2025-06-08 16:23:13'),(783,1,59,29,45,2,NULL,NULL,NULL,1,'2025-06-08 16:23:13','2025-06-08 16:23:13'),(784,1,59,29,46,2,NULL,NULL,NULL,1,'2025-06-08 16:23:13','2025-06-08 16:23:13'),(785,1,59,29,47,2,NULL,NULL,NULL,1,'2025-06-08 16:23:13','2025-06-08 16:23:13'),(786,1,59,29,48,2,NULL,NULL,NULL,1,'2025-06-08 16:23:13','2025-06-08 16:23:13'),(787,1,59,29,49,2,NULL,NULL,NULL,1,'2025-06-08 16:23:13','2025-06-08 16:23:13'),(788,1,59,29,50,2,NULL,NULL,NULL,1,'2025-06-08 16:23:13','2025-06-08 16:23:13'),(789,1,59,29,51,2,NULL,NULL,NULL,1,'2025-06-08 16:23:13','2025-06-08 16:23:13'),(790,1,59,29,52,2,NULL,NULL,NULL,1,'2025-06-08 16:23:13','2025-06-08 16:23:13'),(791,1,59,29,53,3,16,NULL,'07:27:48',NULL,'2025-06-08 16:23:13','2025-06-08 16:23:15'),(792,1,60,30,97,0,30,'00:00:00',NULL,NULL,'2025-06-08 16:23:13','2025-06-08 16:23:13'),(793,1,60,30,98,1,31,'02:16:53','02:27:33',NULL,'2025-06-08 16:23:13','2025-06-08 16:23:15'),(794,1,60,30,99,1,32,'05:40:32','05:52:08',NULL,'2025-06-08 16:23:13','2025-06-08 16:23:15'),(795,1,60,30,100,1,33,'00:00:00','00:00:00',NULL,'2025-06-08 16:23:13','2025-06-08 16:23:13'),(796,1,60,30,101,2,NULL,NULL,NULL,1,'2025-06-08 16:23:13','2025-06-08 16:23:13'),(797,1,60,30,102,2,NULL,NULL,NULL,1,'2025-06-08 16:23:13','2025-06-08 16:23:13'),(798,1,60,30,103,2,NULL,NULL,NULL,1,'2025-06-08 16:23:13','2025-06-08 16:23:13'),(799,1,60,30,104,2,NULL,NULL,NULL,1,'2025-06-08 16:23:13','2025-06-08 16:23:13'),(800,1,60,30,105,2,NULL,NULL,NULL,1,'2025-06-08 16:23:13','2025-06-08 16:23:13'),(801,1,60,30,106,2,NULL,NULL,NULL,1,'2025-06-08 16:23:13','2025-06-08 16:23:13'),(802,1,60,30,107,2,NULL,NULL,NULL,1,'2025-06-08 16:23:13','2025-06-08 16:23:13'),(803,1,60,30,108,2,NULL,NULL,NULL,1,'2025-06-08 16:23:13','2025-06-08 16:23:13'),(804,1,60,30,109,2,NULL,NULL,NULL,1,'2025-06-08 16:23:13','2025-06-08 16:23:13'),(805,1,60,30,110,2,NULL,NULL,NULL,1,'2025-06-08 16:23:13','2025-06-08 16:23:13'),(806,1,60,30,111,3,34,NULL,'11:17:10',NULL,'2025-06-08 16:23:13','2025-06-08 16:23:15'),(822,1,62,31,97,0,NULL,'00:00:00',NULL,NULL,'2025-06-08 16:24:34','2025-06-08 16:24:34'),(823,1,62,31,98,1,NULL,'00:00:00','00:00:00',NULL,'2025-06-08 16:24:34','2025-06-08 16:24:34'),(824,1,62,31,99,1,NULL,'00:00:00','00:00:00',NULL,'2025-06-08 16:24:34','2025-06-08 16:24:34'),(825,1,62,31,100,1,NULL,'00:00:00','00:00:00',NULL,'2025-06-08 16:24:34','2025-06-08 16:24:34'),(826,1,62,31,101,2,NULL,NULL,NULL,1,'2025-06-08 16:24:34','2025-06-08 16:24:34'),(827,1,62,31,102,2,NULL,NULL,NULL,1,'2025-06-08 16:24:34','2025-06-08 16:24:34'),(828,1,62,31,103,2,NULL,NULL,NULL,1,'2025-06-08 16:24:34','2025-06-08 16:24:34'),(829,1,62,31,104,2,NULL,NULL,NULL,1,'2025-06-08 16:24:34','2025-06-08 16:24:34'),(830,1,62,31,105,2,NULL,NULL,NULL,1,'2025-06-08 16:24:34','2025-06-08 16:24:34'),(831,1,62,31,106,2,NULL,NULL,NULL,1,'2025-06-08 16:24:34','2025-06-08 16:24:34'),(832,1,62,31,107,2,NULL,NULL,NULL,1,'2025-06-08 16:24:34','2025-06-08 16:24:34'),(833,1,62,31,108,2,NULL,NULL,NULL,1,'2025-06-08 16:24:34','2025-06-08 16:24:34'),(834,1,62,31,109,2,NULL,NULL,NULL,1,'2025-06-08 16:24:34','2025-06-08 16:24:34'),(835,1,62,31,110,2,NULL,NULL,NULL,1,'2025-06-08 16:24:34','2025-06-08 16:24:34'),(836,1,62,31,111,3,NULL,NULL,'00:00:00',NULL,'2025-06-08 16:24:34','2025-06-08 16:24:34'),(837,1,63,18,26,0,NULL,'00:00:00',NULL,NULL,'2025-06-08 17:20:44','2025-06-08 17:20:44'),(838,1,63,18,27,1,NULL,'05:10:51','05:35:47',NULL,'2025-06-08 17:20:44','2025-06-08 17:20:44'),(839,1,63,18,28,1,NULL,'06:09:35','06:19:35',NULL,'2025-06-08 17:20:44','2025-06-08 17:20:44'),(840,1,63,18,29,2,NULL,NULL,NULL,1,'2025-06-08 17:20:44','2025-06-08 17:20:44'),(841,1,63,18,30,2,NULL,NULL,NULL,1,'2025-06-08 17:20:44','2025-06-08 17:20:44'),(842,1,63,18,31,2,NULL,NULL,NULL,1,'2025-06-08 17:20:44','2025-06-08 17:20:44'),(843,1,63,18,32,2,NULL,NULL,NULL,1,'2025-06-08 17:20:44','2025-06-08 17:20:44'),(844,1,63,18,33,2,NULL,NULL,NULL,1,'2025-06-08 17:20:44','2025-06-08 17:20:44'),(845,1,63,18,34,2,NULL,NULL,NULL,0,'2025-06-08 17:20:44','2025-06-08 17:20:44'),(846,1,63,18,35,2,NULL,NULL,NULL,1,'2025-06-08 17:20:44','2025-06-08 17:20:44'),(847,1,63,18,36,2,NULL,NULL,NULL,0,'2025-06-08 17:20:44','2025-06-08 17:20:44'),(848,1,63,18,37,2,NULL,NULL,NULL,1,'2025-06-08 17:20:44','2025-06-08 17:20:44'),(849,1,63,18,38,2,NULL,NULL,NULL,1,'2025-06-08 17:20:44','2025-06-08 17:20:44'),(850,1,63,18,39,3,NULL,NULL,'10:09:38',NULL,'2025-06-08 17:20:44','2025-06-08 17:20:44'),(851,1,64,4,11,0,NULL,'00:00:00',NULL,NULL,'2025-06-08 17:21:34','2025-06-08 17:21:34'),(852,1,64,4,12,1,NULL,'01:57:54','02:08:03',NULL,'2025-06-08 17:21:34','2025-06-08 17:21:34'),(853,1,64,4,13,1,NULL,'03:36:45','04:04:14',NULL,'2025-06-08 17:21:34','2025-06-08 17:21:34'),(854,1,64,4,14,1,NULL,'06:25:40','06:35:47',NULL,'2025-06-08 17:21:34','2025-06-08 17:21:34'),(855,1,64,4,15,2,NULL,NULL,NULL,1,'2025-06-08 17:21:34','2025-06-08 17:21:34'),(856,1,64,4,16,2,NULL,NULL,NULL,1,'2025-06-08 17:21:34','2025-06-08 17:21:34'),(857,1,64,4,17,2,NULL,NULL,NULL,1,'2025-06-08 17:21:34','2025-06-08 17:21:34'),(858,1,64,4,18,2,NULL,NULL,NULL,1,'2025-06-08 17:21:34','2025-06-08 17:21:34'),(859,1,64,4,19,2,NULL,NULL,NULL,1,'2025-06-08 17:21:34','2025-06-08 17:21:34'),(860,1,64,4,20,2,NULL,NULL,NULL,0,'2025-06-08 17:21:34','2025-06-08 17:21:34'),(861,1,64,4,21,2,NULL,NULL,NULL,1,'2025-06-08 17:21:34','2025-06-08 17:21:34'),(862,1,64,4,22,2,NULL,NULL,NULL,1,'2025-06-08 17:21:34','2025-06-08 17:21:34'),(863,1,64,4,23,2,NULL,NULL,NULL,1,'2025-06-08 17:21:34','2025-06-08 17:21:34'),(864,1,64,4,24,2,NULL,NULL,NULL,1,'2025-06-08 17:21:34','2025-06-08 17:21:34'),(865,1,64,4,25,3,NULL,NULL,'09:09:16',NULL,'2025-06-08 17:21:34','2025-06-08 17:21:34'),(866,1,65,28,97,0,NULL,'00:00:00',NULL,NULL,'2025-06-08 17:24:10','2025-06-08 17:24:10'),(867,1,65,28,98,1,NULL,'02:14:04','02:23:58',NULL,'2025-06-08 17:24:10','2025-06-08 17:24:10'),(868,1,65,28,99,1,NULL,'04:02:31','04:27:54',NULL,'2025-06-08 17:24:10','2025-06-08 17:24:10'),(869,1,65,28,100,1,NULL,'07:06:23','07:16:56',NULL,'2025-06-08 17:24:10','2025-06-08 17:24:10'),(870,1,65,28,101,2,NULL,NULL,NULL,1,'2025-06-08 17:24:10','2025-06-08 17:24:10'),(871,1,65,28,102,2,NULL,NULL,NULL,1,'2025-06-08 17:24:10','2025-06-08 17:24:10'),(872,1,65,28,103,2,NULL,NULL,NULL,1,'2025-06-08 17:24:10','2025-06-08 17:24:10'),(873,1,65,28,104,2,NULL,NULL,NULL,1,'2025-06-08 17:24:10','2025-06-08 17:24:10'),(874,1,65,28,105,2,NULL,NULL,NULL,1,'2025-06-08 17:24:10','2025-06-08 17:24:10'),(875,1,65,28,106,2,NULL,NULL,NULL,0,'2025-06-08 17:24:10','2025-06-08 17:24:10'),(876,1,65,28,107,2,NULL,NULL,NULL,1,'2025-06-08 17:24:10','2025-06-08 17:24:10'),(877,1,65,28,108,2,NULL,NULL,NULL,1,'2025-06-08 17:24:10','2025-06-08 17:24:10'),(878,1,65,28,109,2,NULL,NULL,NULL,1,'2025-06-08 17:24:10','2025-06-08 17:24:10'),(879,1,65,28,110,2,NULL,NULL,NULL,1,'2025-06-08 17:24:10','2025-06-08 17:24:10'),(880,1,65,28,111,3,NULL,NULL,'09:29:14',NULL,'2025-06-08 17:24:10','2025-06-08 17:24:10');
/*!40000 ALTER TABLE `raidmontan_participations_entries` ENABLE KEYS */;
UNLOCK TABLES;
DROP TABLE IF EXISTS `raidmontan_stations`;
/*!40101 SET @saved_cs_client     = @@character_set_client */;
/*!50503 SET character_set_client = utf8mb4 */;
CREATE TABLE `raidmontan_stations` (
  `id` int NOT NULL AUTO_INCREMENT,
  `stage_id` int NOT NULL,
  `category_id` int NOT NULL,
  `station_type` tinyint NOT NULL COMMENT '0 = START, 1 = PA, 2 = PFA, 3 = FINISH',
  `maximum_time` mediumint DEFAULT NULL,
  `points` mediumint DEFAULT NULL,
  `created_at` timestamp NULL DEFAULT NULL,
  `updated_at` timestamp NULL DEFAULT NULL,
  PRIMARY KEY (`id`)
) ENGINE=InnoDB AUTO_INCREMENT=112 DEFAULT CHARSET=utf8mb4 COLLATE=utf8mb4_unicode_ci;
/*!40101 SET character_set_client = @saved_cs_client */;

LOCK TABLES `raidmontan_stations` WRITE;
/*!40000 ALTER TABLE `raidmontan_stations` DISABLE KEYS */;
INSERT INTO `raidmontan_stations` VALUES (1,1,1,0,NULL,NULL,'2025-06-08 04:57:37','2025-06-08 04:57:37'),(2,1,1,1,170,NULL,'2025-06-08 04:57:37','2025-06-08 04:57:37'),(3,1,1,2,NULL,500,'2025-06-08 04:57:37','2025-06-08 04:57:37'),(4,1,1,2,NULL,500,'2025-06-08 04:57:37','2025-06-08 04:57:37'),(5,1,1,2,NULL,500,'2025-06-08 04:57:37','2025-06-08 04:57:37'),(6,1,1,2,NULL,500,'2025-06-08 04:57:37','2025-06-08 04:57:37'),(7,1,1,2,NULL,500,'2025-06-08 04:57:37','2025-06-08 04:57:37'),(8,1,1,2,NULL,500,'2025-06-08 04:57:37','2025-06-08 04:57:37'),(9,1,1,2,NULL,500,'2025-06-08 04:57:37','2025-06-08 04:57:37'),(10,1,1,3,130,NULL,'2025-06-08 04:57:37','2025-06-08 04:57:37'),(11,1,3,0,NULL,NULL,'2025-06-08 04:58:37','2025-06-08 04:58:37'),(12,1,3,1,100,NULL,'2025-06-08 04:58:37','2025-06-08 04:58:37'),(13,1,3,1,50,NULL,'2025-06-08 04:58:37','2025-06-08 04:58:37'),(14,1,3,1,140,NULL,'2025-06-08 04:58:37','2025-06-08 04:58:37'),(15,1,3,2,NULL,500,'2025-06-08 04:58:37','2025-06-08 04:58:37'),(16,1,3,2,NULL,500,'2025-06-08 04:58:37','2025-06-08 04:58:37'),(17,1,3,2,NULL,500,'2025-06-08 04:58:37','2025-06-08 04:58:37'),(18,1,3,2,NULL,500,'2025-06-08 04:58:37','2025-06-08 04:58:37'),(19,1,3,2,NULL,500,'2025-06-08 04:58:37','2025-06-08 04:58:37'),(20,1,3,2,NULL,500,'2025-06-08 04:58:37','2025-06-08 04:58:37'),(21,1,3,2,NULL,500,'2025-06-08 04:58:37','2025-06-08 04:58:37'),(22,1,3,2,NULL,500,'2025-06-08 04:58:37','2025-06-08 04:58:37'),(23,1,3,2,NULL,500,'2025-06-08 04:58:37','2025-06-08 04:58:37'),(24,1,3,2,NULL,500,'2025-06-08 04:58:37','2025-06-08 04:58:37'),(25,1,3,3,100,NULL,'2025-06-08 04:58:37','2025-06-08 04:58:37'),(26,1,2,0,NULL,NULL,'2025-06-08 05:00:42','2025-06-08 05:00:42'),(27,1,2,1,200,NULL,'2025-06-08 05:00:42','2025-06-08 05:00:42'),(28,1,2,1,50,NULL,'2025-06-08 05:00:42','2025-06-08 05:00:42'),(29,1,2,2,NULL,500,'2025-06-08 05:00:42','2025-06-08 05:00:42'),(30,1,2,2,NULL,500,'2025-06-08 05:00:42','2025-06-08 05:00:42'),(31,1,2,2,NULL,500,'2025-06-08 05:00:42','2025-06-08 05:00:42'),(32,1,2,2,NULL,500,'2025-06-08 05:00:42','2025-06-08 05:00:42'),(33,1,2,2,NULL,500,'2025-06-08 05:00:42','2025-06-08 05:00:42'),(34,1,2,2,NULL,500,'2025-06-08 05:00:42','2025-06-08 05:00:42'),(35,1,2,2,NULL,500,'2025-06-08 05:00:42','2025-06-08 05:00:42'),(36,1,2,2,NULL,500,'2025-06-08 05:00:42','2025-06-08 05:00:42'),(37,1,2,2,NULL,500,'2025-06-08 05:00:42','2025-06-08 05:00:42'),(38,1,2,2,NULL,500,'2025-06-08 05:00:42','2025-06-08 05:00:42'),(39,1,2,3,140,NULL,'2025-06-08 05:00:42','2025-06-08 05:00:42'),(40,1,4,0,NULL,NULL,'2025-06-08 05:01:25','2025-06-08 05:01:25'),(41,1,4,1,200,NULL,'2025-06-08 05:01:25','2025-06-08 05:01:25'),(42,1,4,1,50,NULL,'2025-06-08 05:01:25','2025-06-08 05:01:25'),(43,1,4,2,NULL,500,'2025-06-08 05:01:25','2025-06-08 05:01:25'),(44,1,4,2,NULL,500,'2025-06-08 05:01:25','2025-06-08 05:01:25'),(45,1,4,2,NULL,500,'2025-06-08 05:01:25','2025-06-08 05:01:25'),(46,1,4,2,NULL,500,'2025-06-08 05:01:25','2025-06-08 05:01:25'),(47,1,4,2,NULL,500,'2025-06-08 05:01:25','2025-06-08 05:01:25'),(48,1,4,2,NULL,500,'2025-06-08 05:01:25','2025-06-08 05:01:25'),(49,1,4,2,NULL,500,'2025-06-08 05:01:25','2025-06-08 05:01:25'),(50,1,4,2,NULL,500,'2025-06-08 05:01:25','2025-06-08 05:01:25'),(51,1,4,2,NULL,500,'2025-06-08 05:01:25','2025-06-08 05:01:25'),(52,1,4,2,NULL,500,'2025-06-08 05:01:25','2025-06-08 05:01:25'),(53,1,4,3,140,NULL,'2025-06-08 05:01:25','2025-06-08 05:01:25'),(54,1,5,0,NULL,NULL,'2025-06-08 05:02:42','2025-06-08 05:02:42'),(55,1,5,1,200,NULL,'2025-06-08 05:02:42','2025-06-08 05:02:42'),(56,1,5,1,50,NULL,'2025-06-08 05:02:42','2025-06-08 05:02:42'),(57,1,5,2,NULL,500,'2025-06-08 05:02:42','2025-06-08 05:02:42'),(58,1,5,2,NULL,500,'2025-06-08 05:02:42','2025-06-08 05:02:42'),(59,1,5,2,NULL,500,'2025-06-08 05:02:42','2025-06-08 05:02:42'),(60,1,5,2,NULL,500,'2025-06-08 05:02:42','2025-06-08 05:02:42'),(61,1,5,2,NULL,500,'2025-06-08 05:02:42','2025-06-08 05:02:42'),(62,1,5,2,NULL,500,'2025-06-08 05:02:42','2025-06-08 05:02:42'),(63,1,5,2,NULL,500,'2025-06-08 05:02:42','2025-06-08 05:02:42'),(64,1,5,2,NULL,500,'2025-06-08 05:02:42','2025-06-08 05:02:42'),(65,1,5,2,NULL,500,'2025-06-08 05:02:42','2025-06-08 05:02:42'),(66,1,5,2,NULL,500,'2025-06-08 05:02:42','2025-06-08 05:02:42'),(67,1,5,3,140,NULL,'2025-06-08 05:02:42','2025-06-08 05:02:42'),(68,1,6,0,NULL,NULL,'2025-06-08 05:03:19','2025-06-08 05:03:19'),(69,1,6,1,120,NULL,'2025-06-08 05:03:19','2025-06-08 05:03:19'),(70,1,6,1,70,NULL,'2025-06-08 05:03:19','2025-06-08 05:03:19'),(71,1,6,1,160,NULL,'2025-06-08 05:03:19','2025-06-08 05:03:19'),(72,1,6,2,NULL,500,'2025-06-08 05:03:19','2025-06-08 05:03:19'),(73,1,6,2,NULL,500,'2025-06-08 05:03:19','2025-06-08 05:03:19'),(74,1,6,2,NULL,500,'2025-06-08 05:03:19','2025-06-08 05:03:19'),(75,1,6,2,NULL,500,'2025-06-08 05:03:19','2025-06-08 05:03:19'),(76,1,6,2,NULL,500,'2025-06-08 05:03:19','2025-06-08 05:03:19'),(77,1,6,2,NULL,500,'2025-06-08 05:03:19','2025-06-08 05:03:19'),(78,1,6,2,NULL,500,'2025-06-08 05:03:19','2025-06-08 05:03:19'),(79,1,6,2,NULL,500,'2025-06-08 05:03:19','2025-06-08 05:03:19'),(80,1,6,2,NULL,500,'2025-06-08 05:03:19','2025-06-08 05:03:19'),(81,1,6,2,NULL,500,'2025-06-08 05:03:19','2025-06-08 05:03:19'),(82,1,6,3,120,NULL,'2025-06-08 05:03:19','2025-06-08 05:03:19'),(97,1,7,0,NULL,NULL,'2025-06-08 05:19:42','2025-06-08 05:19:42'),(98,1,7,1,120,NULL,'2025-06-08 05:19:42','2025-06-08 05:19:42'),(99,1,7,1,70,NULL,'2025-06-08 05:19:42','2025-06-08 05:19:42'),(100,1,7,1,160,NULL,'2025-06-08 05:19:42','2025-06-08 05:19:42'),(101,1,7,2,NULL,500,'2025-06-08 05:19:42','2025-06-08 05:19:42'),(102,1,7,2,NULL,500,'2025-06-08 05:19:42','2025-06-08 05:19:42'),(103,1,7,2,NULL,500,'2025-06-08 05:19:42','2025-06-08 05:19:42'),(104,1,7,2,NULL,500,'2025-06-08 05:19:42','2025-06-08 05:19:42'),(105,1,7,2,NULL,500,'2025-06-08 05:19:42','2025-06-08 05:19:42'),(106,1,7,2,NULL,500,'2025-06-08 05:19:42','2025-06-08 05:19:42'),(107,1,7,2,NULL,500,'2025-06-08 05:19:42','2025-06-08 05:19:42'),(108,1,7,2,NULL,500,'2025-06-08 05:19:42','2025-06-08 05:19:42'),(109,1,7,2,NULL,500,'2025-06-08 05:19:42','2025-06-08 05:19:42'),(110,1,7,2,NULL,500,'2025-06-08 05:19:42','2025-06-08 05:19:42'),(111,1,7,3,120,NULL,'2025-06-08 05:19:42','2025-06-08 05:19:42');
/*!40000 ALTER TABLE `raidmontan_stations` ENABLE KEYS */;
UNLOCK TABLES;
DROP TABLE IF EXISTS `raidmontan_stations_stages`;
/*!40101 SET @saved_cs_client     = @@character_set_client */;
/*!50503 SET character_set_client = utf8mb4 */;
CREATE TABLE `raidmontan_stations_stages` (
  `id` int NOT NULL AUTO_INCREMENT,
  `stage_id` int NOT NULL,
  `category_id` int NOT NULL,
  `post` varchar(28) COLLATE utf8mb4_unicode_ci NOT NULL,
  `cod_start` varchar(28) CHARACTER SET utf8mb4 COLLATE utf8mb4_unicode_ci DEFAULT NULL,
  `cod_finish` varchar(28) COLLATE utf8mb4_unicode_ci DEFAULT NULL,
  `time` int DEFAULT NULL,
  `created_at` timestamp NULL DEFAULT NULL,
  `updated_at` timestamp NULL DEFAULT NULL,
  PRIMARY KEY (`id`)
) ENGINE=InnoDB AUTO_INCREMENT=35 DEFAULT CHARSET=utf8mb4 COLLATE=utf8mb4_unicode_ci;
/*!40101 SET character_set_client = @saved_cs_client */;

LOCK TABLES `raidmontan_stations_stages` WRITE;
/*!40000 ALTER TABLE `raidmontan_stations_stages` DISABLE KEYS */;
INSERT INTO `raidmontan_stations_stages` VALUES (1,1,1,'251','Start punch',NULL,NULL,'2025-06-08 05:11:58','2025-06-08 05:11:58'),(2,1,1,'1','Punch1','Punch2',30,'2025-06-08 05:11:58','2025-06-08 05:11:58'),(3,1,1,'252','Finish punch',NULL,NULL,'2025-06-08 05:11:58','2025-06-08 05:11:58'),(4,1,2,'251','Start punch',NULL,NULL,'2025-06-08 05:15:48','2025-06-08 05:15:48'),(5,1,2,'1','Punch1','Punch2',30,'2025-06-08 05:15:48','2025-06-08 05:15:48'),(6,1,2,'2','Punch3','Punch4',10,'2025-06-08 05:15:48','2025-06-08 05:15:48'),(7,1,2,'252','Finish punch',NULL,NULL,'2025-06-08 05:15:48','2025-06-08 05:15:48'),(8,1,3,'251','Start punch',NULL,NULL,'2025-06-08 05:16:36','2025-06-08 05:16:36'),(9,1,3,'1','Punch1','Punch2',10,'2025-06-08 05:16:36','2025-06-08 05:16:36'),(10,1,3,'2','Punch3','Punch4',30,'2025-06-08 05:16:36','2025-06-08 05:16:36'),(11,1,3,'3','Punch5','Punch6',10,'2025-06-08 05:16:36','2025-06-08 05:16:36'),(12,1,3,'252','Finish punch',NULL,NULL,'2025-06-08 05:16:36','2025-06-08 05:16:36'),(13,1,4,'251','Start punch',NULL,NULL,'2025-06-08 05:17:07','2025-06-08 05:17:07'),(14,1,4,'1','Punch1','Punch2',30,'2025-06-08 05:17:07','2025-06-08 05:17:07'),(15,1,4,'2','Punch3','Punch4',10,'2025-06-08 05:17:07','2025-06-08 05:17:07'),(16,1,4,'252','Finish punch',NULL,NULL,'2025-06-08 05:17:07','2025-06-08 05:17:07'),(17,1,5,'251','Start punch',NULL,NULL,'2025-06-08 05:17:30','2025-06-08 05:17:30'),(18,1,5,'1','Punch1','Punch2',30,'2025-06-08 05:17:30','2025-06-08 05:17:30'),(19,1,5,'2','Punch3','Punch4',10,'2025-06-08 05:17:30','2025-06-08 05:17:30'),(20,1,5,'252','Finish punch',NULL,NULL,'2025-06-08 05:17:30','2025-06-08 05:17:30'),(21,1,6,'251','Start punch',NULL,NULL,'2025-06-08 05:18:18','2025-06-08 05:18:18'),(22,1,6,'1','Punch1','Punch2',10,'2025-06-08 05:18:18','2025-06-08 05:18:18'),(23,1,6,'2','Punch3','Punch4',30,'2025-06-08 05:18:18','2025-06-08 05:18:18'),(24,1,6,'3','Punch5','Punch6',10,'2025-06-08 05:18:18','2025-06-08 05:18:18'),(25,1,6,'252','Finish punch',NULL,NULL,'2025-06-08 05:18:18','2025-06-08 05:18:18'),(30,1,7,'251','Start punch',NULL,NULL,'2025-06-08 05:20:11','2025-06-08 05:20:11'),(31,1,7,'1','Punch1','Punch2',10,'2025-06-08 05:20:11','2025-06-08 05:20:11'),(32,1,7,'2','Punch3','Punch4',30,'2025-06-08 05:20:11','2025-06-08 05:20:11'),(33,1,7,'3','Punch5','Punch6',10,'2025-06-08 05:20:11','2025-06-08 05:20:11'),(34,1,7,'252','Finish punch',NULL,NULL,'2025-06-08 05:20:11','2025-06-08 05:20:11');
/*!40000 ALTER TABLE `raidmontan_stations_stages` ENABLE KEYS */;
UNLOCK TABLES;
DROP TABLE IF EXISTS `stages`;
/*!40101 SET @saved_cs_client     = @@character_set_client */;
/*!50503 SET character_set_client = utf8mb4 */;
CREATE TABLE `stages` (
  `id` int NOT NULL AUTO_INCREMENT,
  `name` varchar(255) NOT NULL,
  `ong` varchar(255) NOT NULL,
  `created_at` timestamp NULL DEFAULT CURRENT_TIMESTAMP,
  `updated_at` timestamp NULL DEFAULT CURRENT_TIMESTAMP,
  PRIMARY KEY (`id`)
) ENGINE=InnoDB AUTO_INCREMENT=8 DEFAULT CHARSET=latin1;
/*!40101 SET character_set_client = @saved_cs_client */;

LOCK TABLES `stages` WRITE;
/*!40000 ALTER TABLE `stages` DISABLE KEYS */;
INSERT INTO `stages` VALUES (1,' Grand Prix Romania','Asociatia de Turism si Ecologie Carpatia',NULL,NULL),(2,' Trofeul Via-Retezat','Asociatia de turism montan \"VIA-RETEZAT\"',NULL,NULL),(3,'Trofeul Cocosul de Munte','Clubul de Turism Si Protectia Naturii \"Cocosul de munte\" Brasov',NULL,NULL),(4,' Trofeul Muntilor','Asociatia de Turism Gaska Bucuresti',NULL,NULL),(5,' Trofeul Temerarilor',' Asociatia Clubul Alpin Temerarii',NULL,NULL),(6,' Trofeul Jnepenilor','Asociatia pentru Tineret, Sport, Turism si Ecologie Jnepenii',NULL,NULL),(7,'Trofeul Pro-Parang','Asociatia de Schi Turism Montan Pro-Parang & ATE Carpatia',NULL,NULL);
/*!40000 ALTER TABLE `stages` ENABLE KEYS */;
UNLOCK TABLES;
DROP TABLE IF EXISTS `team_order_start`;
/*!40101 SET @saved_cs_client     = @@character_set_client */;
/*!50503 SET character_set_client = utf8mb4 */;
CREATE TABLE `team_order_start` (
  `id` int NOT NULL AUTO_INCREMENT,
  `stage_id` int NOT NULL,
  `order_date_start` varchar(255) DEFAULT NULL,
  `order_start_minutes` int NOT NULL DEFAULT '1',
  `created_at` timestamp NULL DEFAULT '0000-00-00 00:00:00',
  `updated_at` timestamp NULL DEFAULT '0000-00-00 00:00:00',
  PRIMARY KEY (`id`)
) ENGINE=InnoDB AUTO_INCREMENT=7 DEFAULT CHARSET=latin1;
/*!40101 SET character_set_client = @saved_cs_client */;

LOCK TABLES `team_order_start` WRITE;
/*!40000 ALTER TABLE `team_order_start` DISABLE KEYS */;
INSERT INTO `team_order_start` VALUES (1,1,'07:30:00',1,'2022-12-26 19:54:46','2024-06-28 17:47:17'),(2,2,'10:00:00',1,'2022-12-26 19:54:46','2022-12-27 18:53:23'),(3,3,'06:00:00',1,'2022-12-26 19:54:46','2024-07-19 17:07:20'),(4,4,'07:00:00',1,'2022-12-26 19:54:46','2024-08-02 15:07:31'),(5,5,'10:00:00',1,'2022-12-26 19:54:46','2022-12-27 18:53:23'),(6,6,'10:00:00',1,'2022-12-26 19:54:46','2022-12-27 18:53:23');
/*!40000 ALTER TABLE `team_order_start` ENABLE KEYS */;
UNLOCK TABLES;
DROP TABLE IF EXISTS `teams`;
/*!40101 SET @saved_cs_client     = @@character_set_client */;
/*!50503 SET character_set_client = utf8mb4 */;
CREATE TABLE `teams` (
  `id` int NOT NULL AUTO_INCREMENT,
  `stage_id` int NOT NULL,
  `number` int DEFAULT NULL,
  `name` varchar(255) CHARACTER SET utf8mb4 COLLATE utf8mb4_unicode_ci NOT NULL,
  `club_id` int NOT NULL,
  `category_id` int NOT NULL,
  `chipno` int DEFAULT NULL,
  `created_at` timestamp NULL DEFAULT NULL,
  `updated_at` timestamp NULL DEFAULT NULL,
  PRIMARY KEY (`id`)
) ENGINE=InnoDB AUTO_INCREMENT=32 DEFAULT CHARSET=utf8mb4 COLLATE=utf8mb4_unicode_ci;
/*!40101 SET character_set_client = @saved_cs_client */;

LOCK TABLES `teams` WRITE;
/*!40000 ALTER TABLE `teams` DISABLE KEYS */;
INSERT INTO `teams` VALUES (1,1,NULL,'Gaska Mafiota',4,3,2005441,'2025-06-07 14:30:37','2025-06-08 16:19:25'),(2,1,NULL,'Soimii Dragonei',19,3,2005187,'2025-06-07 14:30:54','2025-06-08 16:19:25'),(3,1,NULL,'Power Rangers',3,3,2005401,'2025-06-07 14:31:27','2025-06-08 16:19:25'),(4,1,NULL,'Zimbrii Hop-asa',13,3,2005439,'2025-06-07 14:31:45','2025-06-08 16:19:25'),(5,1,NULL,'Muscarienii',10,3,895329,'2025-06-07 14:32:21','2025-06-08 16:19:25'),(6,1,NULL,'Zimbrii fara nume',13,3,NULL,'2025-06-07 14:34:51','2025-06-08 16:19:24'),(7,1,NULL,'Trei Tacamuri',3,7,2005433,'2025-06-07 14:35:25','2025-06-08 16:19:25'),(9,1,NULL,'Vulturul',3,4,2005414,'2025-06-07 14:36:24','2025-06-08 16:19:25'),(10,1,NULL,'Lupii CM',3,4,2005456,'2025-06-07 14:36:37','2025-06-08 16:19:25'),(11,1,NULL,'Colac peste Pupaza',3,4,2005435,'2025-06-07 14:36:53','2025-06-08 16:19:25'),(12,1,NULL,'Wonder Gaska',4,4,2005189,'2025-06-07 14:37:45','2025-06-08 16:19:25'),(13,1,NULL,'JNEPENII OLOGI',10,4,2005184,'2025-06-07 14:38:03','2025-06-08 16:19:25'),(14,1,NULL,'Baby Gin',15,4,1300017,'2025-06-07 14:38:24','2025-06-08 16:19:25'),(15,1,NULL,'Pasari Lati Lungila',10,4,895326,'2025-06-07 14:38:41','2025-06-08 16:19:25'),(16,1,NULL,'Puicutele',3,6,2005190,'2025-06-07 14:39:06','2025-06-08 16:19:25'),(17,1,NULL,'CEI 3',12,2,2005482,'2025-06-07 14:39:32','2025-06-08 16:19:25'),(18,1,NULL,'Cavalerii',16,2,895336,'2025-06-07 14:39:58','2025-06-08 16:19:25'),(19,1,NULL,'Gaska Veterana',4,5,2005478,'2025-06-07 14:40:13','2025-06-08 16:19:25'),(20,1,NULL,'Popovicii',12,1,895339,'2025-06-07 14:40:32','2025-06-08 16:19:25'),(21,1,NULL,'Murgii',14,1,2005186,'2025-06-07 14:41:20','2025-06-08 16:19:25'),(22,1,NULL,'3 Frati patati',16,1,2005461,'2025-06-07 14:41:49','2025-06-08 16:19:25'),(23,1,NULL,'Gaska Bomba&Fitil',4,1,2005454,'2025-06-07 14:42:22','2025-06-08 16:19:25'),(24,1,NULL,'Mecanturist N. Generatie',17,1,1300018,'2025-06-07 14:42:52','2025-06-08 16:19:25'),(25,1,NULL,'Smart Femily',18,1,895341,'2025-06-07 14:43:12','2025-06-08 16:19:25'),(26,1,NULL,'Fenix',17,1,895328,'2025-06-07 14:43:27','2025-06-08 16:19:25'),(27,1,NULL,'Amatorii',12,4,NULL,'2025-06-07 15:03:00','2025-06-08 16:19:24'),(28,1,NULL,'Fetele cu dor de Duca',14,7,2005498,'2025-06-07 15:06:20','2025-06-08 16:19:25'),(29,1,NULL,'Vulturii',12,4,2005450,'2025-06-08 05:23:37','2025-06-08 16:19:25'),(30,1,NULL,'O zi cu soare',16,7,501491,'2025-06-08 07:35:16','2025-06-08 16:19:25'),(31,1,NULL,'Jnepenii Hipocrate',10,7,2005410,'2025-06-08 16:18:55','2025-06-08 16:19:25');
/*!40000 ALTER TABLE `teams` ENABLE KEYS */;
UNLOCK TABLES;
/*!40103 SET TIME_ZONE=@OLD_TIME_ZONE */;

/*!40101 SET SQL_MODE=@OLD_SQL_MODE */;
/*!40014 SET FOREIGN_KEY_CHECKS=@OLD_FOREIGN_KEY_CHECKS */;
/*!40014 SET UNIQUE_CHECKS=@OLD_UNIQUE_CHECKS */;
/*!40101 SET CHARACTER_SET_CLIENT=@OLD_CHARACTER_SET_CLIENT */;
/*!40101 SET CHARACTER_SET_RESULTS=@OLD_CHARACTER_SET_RESULTS */;
/*!40101 SET COLLATION_CONNECTION=@OLD_COLLATION_CONNECTION */;
/*!40111 SET SQL_NOTES=@OLD_SQL_NOTES */;

