-- phpMyAdmin SQL Dump
-- version 4.5.4.1
-- http://www.phpmyadmin.net
--
-- Host: localhost
-- Generation Time: Jan 14, 2023 at 04:50 PM
-- Server version: 5.7.11
-- PHP Version: 5.6.18

SET SQL_MODE = "NO_AUTO_VALUE_ON_ZERO";
SET time_zone = "+00:00";


/*!40101 SET @OLD_CHARACTER_SET_CLIENT=@@CHARACTER_SET_CLIENT */;
/*!40101 SET @OLD_CHARACTER_SET_RESULTS=@@CHARACTER_SET_RESULTS */;
/*!40101 SET @OLD_COLLATION_CONNECTION=@@COLLATION_CONNECTION */;
/*!40101 SET NAMES utf8mb4 */;

--
-- Database: `stafeta`
--

-- --------------------------------------------------------

--
-- Table structure for table `categories`
--

CREATE TABLE `categories` (
  `category_id` mediumint(8) UNSIGNED NOT NULL,
  `category_name` varchar(255) DEFAULT NULL,
  `position` smallint(2) UNSIGNED DEFAULT '0',
  `order_start` int(11) NOT NULL DEFAULT '1',
  `updated_at` timestamp NULL DEFAULT NULL
) ENGINE=InnoDB DEFAULT CHARSET=latin1;

--
-- Dumping data for table `categories`
--

INSERT INTO `categories` (`category_id`, `category_name`, `position`, `order_start`, `updated_at`) VALUES
(1, 'Family', 60, 7, '2018-05-25 11:05:09'),
(2, 'Juniori', 30, 1, '2018-05-25 11:05:09'),
(3, 'Elite', 10, 6, '2018-05-25 11:05:09'),
(4, 'Open', 20, 2, '2018-05-25 11:05:09'),
(5, 'Veterani', 50, 3, '2018-05-25 11:05:09'),
(6, 'Feminin', 40, 5, '2018-05-25 11:05:09'),
(7, 'Seniori', 70, 4, '2018-05-25 11:05:09');

-- --------------------------------------------------------

--
-- Table structure for table `categories_trail`
--

CREATE TABLE `categories_trail` (
  `category_id` mediumint(8) UNSIGNED NOT NULL,
  `category_name` varchar(255) COLLATE utf8_bin DEFAULT NULL,
  `position` smallint(2) UNSIGNED DEFAULT '0'
) ENGINE=InnoDB DEFAULT CHARSET=utf8 COLLATE=utf8_bin;

--
-- Dumping data for table `categories_trail`
--

INSERT INTO `categories_trail` (`category_id`, `category_name`, `position`) VALUES
(1, 'Juniori', 10),
(2, 'Junioare', 20),
(3, 'Seniori', 30),
(4, 'Senioare', 40);

-- --------------------------------------------------------

--
-- Table structure for table `category_challenges`
--

CREATE TABLE `category_challenges` (
  `category_challenge_id` mediumint(8) UNSIGNED NOT NULL,
  `category_id` mediumint(8) UNSIGNED NOT NULL,
  `challenge_id` mediumint(8) UNSIGNED NOT NULL
) ENGINE=InnoDB DEFAULT CHARSET=latin1;

--
-- Dumping data for table `category_challenges`
--

INSERT INTO `category_challenges` (`category_challenge_id`, `category_id`, `challenge_id`) VALUES
(1, 1, 1),
(2, 2, 1),
(3, 3, 1),
(4, 4, 1),
(5, 5, 1),
(6, 6, 1),
(7, 7, 1);

-- --------------------------------------------------------

--
-- Table structure for table `challenges`
--

CREATE TABLE `challenges` (
  `challenge_id` mediumint(8) UNSIGNED NOT NULL,
  `challenge_name` varchar(255) DEFAULT NULL
) ENGINE=InnoDB DEFAULT CHARSET=latin1;

--
-- Dumping data for table `challenges`
--

INSERT INTO `challenges` (`challenge_id`, `challenge_name`) VALUES
(1, 'Raid montan'),
(2, 'Orientare'),
(3, 'Cunostinte turistice'),
(4, 'Cultural');

-- --------------------------------------------------------

--
-- Table structure for table `challenge_stations`
--

CREATE TABLE `challenge_stations` (
  `station_id` mediumint(8) UNSIGNED NOT NULL,
  `category_challenge_id` mediumint(8) UNSIGNED DEFAULT NULL,
  `station_type` tinyint(2) UNSIGNED DEFAULT NULL COMMENT '0 = START, 1 = PA, 2 = PFA, 3 = FINISH',
  `maximum_time` mediumint(8) DEFAULT NULL,
  `score` mediumint(8) DEFAULT NULL
) ENGINE=InnoDB DEFAULT CHARSET=latin1;

--
-- Dumping data for table `challenge_stations`
--

INSERT INTO `challenge_stations` (`station_id`, `category_challenge_id`, `station_type`, `maximum_time`, `score`) VALUES
(1, 1, 0, NULL, NULL),
(2, 1, 1, 130, NULL),
(3, 1, 3, 100, NULL),
(4, 2, 0, NULL, NULL),
(5, 2, 1, 115, NULL),
(6, 2, 1, 75, NULL),
(7, 2, 2, NULL, 500),
(8, 2, 2, NULL, 500),
(9, 2, 2, NULL, 500),
(10, 2, 2, NULL, 500),
(11, 2, 3, 70, NULL),
(12, 3, 0, NULL, NULL),
(13, 3, 1, 85, NULL),
(14, 3, 1, 55, NULL),
(15, 3, 2, NULL, 500),
(16, 3, 2, NULL, 500),
(17, 3, 2, NULL, 500),
(18, 3, 2, NULL, 500),
(19, 3, 3, 45, NULL),
(20, 4, 0, NULL, NULL),
(21, 4, 1, 140, NULL),
(22, 4, 1, 100, NULL),
(23, 4, 2, NULL, 500),
(24, 4, 2, NULL, 500),
(25, 4, 2, NULL, 500),
(26, 4, 2, NULL, 500),
(27, 4, 3, 100, NULL),
(28, 5, 0, NULL, NULL),
(29, 5, 1, 140, NULL),
(30, 5, 1, 100, NULL),
(31, 5, 2, NULL, 500),
(32, 5, 2, NULL, 500),
(33, 5, 2, NULL, 500),
(34, 5, 2, NULL, 500),
(35, 5, 3, 100, NULL),
(36, 6, 0, NULL, NULL),
(37, 6, 1, 115, NULL),
(38, 6, 1, 75, NULL),
(39, 6, 2, NULL, 500),
(40, 6, 2, NULL, 500),
(41, 6, 2, NULL, 500),
(42, 6, 2, NULL, 500),
(43, 6, 3, 70, NULL),
(44, 7, 0, NULL, NULL),
(45, 7, 1, 100, NULL),
(46, 7, 1, 65, NULL),
(47, 7, 2, NULL, 500),
(48, 7, 2, NULL, 500),
(49, 7, 2, NULL, 500),
(50, 7, 2, NULL, 500),
(51, 7, 3, 60, NULL);

-- --------------------------------------------------------

--
-- Table structure for table `climbing`
--

CREATE TABLE `climbing` (
  `climbing_id` int(8) NOT NULL,
  `team_id` mediumint(8) NOT NULL,
  `name_participant` varchar(255) NOT NULL,
  `missed_nods` mediumint(8) DEFAULT NULL,
  `top` varchar(8) DEFAULT NULL,
  `timp` varchar(255) NOT NULL,
  `abandon` mediumint(8) DEFAULT NULL
) ENGINE=InnoDB DEFAULT CHARSET=utf8;

-- --------------------------------------------------------

--
-- Table structure for table `clubs`
--

CREATE TABLE `clubs` (
  `club_id` mediumint(8) UNSIGNED NOT NULL,
  `club_name` varchar(255) NOT NULL,
  `scor_cultural` mediumint(8) NOT NULL
) ENGINE=InnoDB DEFAULT CHARSET=latin1;

--
-- Dumping data for table `clubs`
--

INSERT INTO `clubs` (`club_id`, `club_name`, `scor_cultural`) VALUES
(2, 'CERCETASII', 0),
(3, 'ASOCIATIA ECOTURISTICA SOIMII DUNARENI', 0),
(4, 'Asociatia Drumetii Montane', 0),
(5, 'PRO-PARANG PETROSANI', 0),
(6, 'COCOSUL DE MUNTE', 0),
(7, 'CLUBUL ALPIN TEMERARII', 0),
(8, 'IA SI URCA', 0),
(9, 'TREI ALUNE', 0),
(10, 'CTE BUILA VANTURARITA', 0),
(11, 'PIKEMONII', 0),
(12, 'VECINII LUI ZERO', 0),
(13, 'ALPIN CLUB PRO-MONT BUCURESTI', 0),
(14, 'TURISM EXTREM', 0),
(15, 'MARMOTELE MAHMURE', 0),
(16, 'JNEPENII', 0),
(17, 'HAI PE MUNTE IASI', 0),
(18, 'ZIMBRUL CARPATIN', 0),
(19, 'ARCUL CARPATIN', 0),
(20, 'CERCETASII ROMANIEI BADEN POWELL', 0),
(21, 'PARADOX', 0),
(22, 'MECANTURIST GALATI', 0),
(23, 'VIA RETEZAT', 0);

-- --------------------------------------------------------

--
-- Table structure for table `cross_trail`
--

CREATE TABLE `cross_trail` (
  `id` int(8) NOT NULL,
  `category_id` mediumint(8) NOT NULL,
  `uuid_card` mediumint(8) NOT NULL,
  `name` varchar(255) COLLATE utf8_bin NOT NULL,
  `start` time NOT NULL,
  `finish` time NOT NULL,
  `time` time NOT NULL,
  `abandonament` varchar(255) COLLATE utf8_bin NOT NULL DEFAULT '0'
) ENGINE=InnoDB DEFAULT CHARSET=utf8 COLLATE=utf8_bin;

-- --------------------------------------------------------

--
-- Table structure for table `cultural`
--

CREATE TABLE `cultural` (
  `cultural_id` int(8) NOT NULL,
  `club_id` mediumint(8) NOT NULL,
  `score` mediumint(8) NOT NULL
) ENGINE=InnoDB DEFAULT CHARSET=utf8;

-- --------------------------------------------------------

--
-- Table structure for table `knowledge`
--

CREATE TABLE `knowledge` (
  `knowledge_id` int(8) NOT NULL,
  `team_id` mediumint(8) NOT NULL,
  `answers` mediumint(8) NOT NULL,
  `time` varchar(255) NOT NULL,
  `scor` mediumint(8) NOT NULL,
  `abandon` mediumint(8) NOT NULL,
  `wrongquestions` mediumtext
) ENGINE=InnoDB DEFAULT CHARSET=utf8;

--
-- Dumping data for table `knowledge`
--

INSERT INTO `knowledge` (`knowledge_id`, `team_id`, `answers`, `time`, `scor`, `abandon`, `wrongquestions`) VALUES
(1, 5, 0, '00:01:20', 300, 0, ''),
(2, 8, 0, '00:01:26', 300, 0, ''),
(3, 3, 1, '00:01:35', 280, 0, '13'),
(4, 16, 1, '00:02:09', 280, 0, '11'),
(5, 2, 1, '00:02:25', 280, 0, '9'),
(6, 4, 1, '00:02:38', 280, 0, '8'),
(7, 11, 2, '00:01:39', 260, 0, '8,12'),
(8, 15, 2, '00:02:01', 260, 0, '3,5'),
(9, 14, 3, '00:01:05', 240, 0, '2,4,7'),
(10, 9, 3, '00:01:33', 240, 0, '2,5,8'),
(11, 13, 3, '00:02:01', 240, 0, '8,9,11'),
(12, 7, 3, '00:02:40', 240, 0, '5,7,10'),
(13, 12, 4, '00:02:49', 220, 0, '6,8,10,15'),
(14, 19, 5, '00:03:30', 200, 0, '4,5,8,10,15'),
(15, 17, 6, '00:03:17', 180, 0, '1,8,10,11,14,15'),
(16, 18, 12, '00:03:10', 60, 0, '2,4,6,7,8,9,10,11,12,13,14,15'),
(17, 10, 12, '00:04:06', 60, 0, '2,3,4,6,8,9,10,11,12,13,14,15'),
(18, 69, 0, '00:01:15', 300, 0, ''),
(19, 64, 0, '00:01:26', 300, 0, ''),
(20, 66, 1, '00:01:21', 280, 0, '4'),
(21, 65, 1, '00:01:32', 280, 0, '15'),
(22, 67, 2, '00:01:25', 260, 0, '1,2'),
(23, 72, 3, '00:01:14', 240, 0, '2,4,5'),
(24, 71, 3, '00:01:16', 240, 0, '11,13,15'),
(25, 70, 4, '00:01:43', 220, 0, '4,9,11,15'),
(26, 68, 5, '00:01:24', 200, 0, '11,12,13,14,15'),
(27, 36, 0, '00:01:00', 300, 0, ''),
(28, 39, 0, '00:01:02', 300, 0, ''),
(29, 31, 0, '00:01:34', 300, 0, ''),
(30, 35, 0, '00:01:39', 300, 0, ''),
(31, 37, 0, '00:01:55', 300, 0, ''),
(32, 38, 1, '00:00:55', 280, 0, '2'),
(33, 32, 1, '00:01:22', 280, 0, '6'),
(34, 40, 1, '00:01:44', 280, 0, '2'),
(35, 33, 1, '00:01:48', 280, 0, '6'),
(36, 34, 0, '00:01:02', 300, 0, ''),
(37, 90, 0, '00:01:47', 300, 0, ''),
(38, 91, 2, '00:01:49', 260, 0, '8,15'),
(39, 92, 3, '00:02:15', 240, 0, '6,7,8'),
(40, 27, 0, '00:01:14', 300, 0, ''),
(41, 25, 0, '00:01:15', 300, 0, ''),
(42, 30, 0, '00:01:15', 300, 0, ''),
(43, 21, 0, '00:01:49', 300, 0, ''),
(44, 29, 1, '00:01:05', 280, 0, '11'),
(45, 23, 1, '00:01:54', 280, 0, '1'),
(46, 24, 1, '00:02:01', 280, 0, '10'),
(47, 26, 2, '00:01:05', 260, 0, '6,11'),
(48, 22, 2, '00:01:29', 260, 0, '9,10'),
(49, 20, 2, '00:01:35', 260, 0, '2,11'),
(50, 28, 2, '00:02:08', 260, 0, '4,11'),
(51, 84, 0, '00:01:15', 300, 0, ''),
(52, 85, 0, '00:01:24', 300, 0, ''),
(53, 87, 0, '00:01:34', 300, 0, ''),
(54, 89, 0, '00:02:16', 300, 0, ''),
(55, 80, 1, '00:01:00', 280, 0, '15'),
(56, 81, 1, '00:01:14', 280, 0, '14'),
(57, 86, 1, '00:01:15', 280, 0, '9'),
(58, 78, 1, '00:01:20', 280, 0, '2'),
(59, 76, 1, '00:01:30', 280, 0, '4'),
(60, 82, 1, '00:01:35', 280, 0, '11'),
(61, 75, 2, '00:01:00', 260, 0, '9,10'),
(62, 88, 2, '00:01:13', 260, 0, '9,11'),
(63, 77, 2, '00:01:13', 260, 0, '2,5'),
(64, 83, 2, '00:01:46', 260, 0, '2,11'),
(65, 73, 2, '00:01:50', 260, 0, '5,6'),
(66, 79, 2, '00:02:08', 260, 0, '3,11'),
(67, 74, 4, '00:01:41', 220, 0, '6,8,9,10'),
(69, 57, 0, '00:01:22', 300, 0, ''),
(70, 44, 0, '00:01:24', 300, 0, ''),
(72, 62, 0, '00:01:30', 300, 0, ''),
(73, 42, 0, '00:01:33', 300, 0, ''),
(74, 60, 0, '00:01:42', 300, 0, ''),
(75, 59, 0, '00:01:45', 300, 0, ''),
(76, 53, 0, '00:01:50', 300, 0, ''),
(77, 61, 0, '00:01:56', 300, 0, ''),
(78, 54, 1, '00:01:28', 280, 0, '11'),
(79, 56, 1, '00:01:32', 280, 0, '5'),
(83, 55, 2, '00:01:40', 260, 0, '14,15'),
(85, 48, 5, '00:01:42', 200, 0, '1,2,10,11,15'),
(87, 43, 5, '00:04:20', 200, 0, '2,3,4,7,11'),
(88, 49, 7, '00:02:20', 160, 0, '1,2,3,4,6,7,9'),
(92, 94, 0, '00:03:35', 300, 0, ''),
(93, 95, 10, '00:02:05', 100, 0, '3,4,6,7,8,9,10,11,12,15'),
(94, 97, 2, '00:02:42', 260, 0, '6,8'),
(95, 102, 10, '00:01:07', 100, 0, '2,4,5,8,9,10,11,12,15'),
(96, 6, 0, '00:00:00', 0, 1, ''),
(97, 101, 0, '00:00:00', 0, 1, ''),
(98, 103, 0, '00:00:00', 0, 1, ''),
(99, 96, 0, '00:00:00', 0, 1, ''),
(100, 99, 0, '00:00:00', 0, 1, ''),
(101, 100, 0, '00:00:00', 0, 1, ''),
(102, 98, 0, '00:00:00', 0, 1, ''),
(103, 104, 0, '00:00:00', 0, 1, '');

-- --------------------------------------------------------

--
-- Table structure for table `order_start`
--

CREATE TABLE `order_start` (
  `id` int(11) NOT NULL,
  `date_start` timestamp NULL DEFAULT NULL,
  `minutes` int(11) NOT NULL DEFAULT '1',
  `updated_at` timestamp NULL DEFAULT NULL
) ENGINE=InnoDB DEFAULT CHARSET=utf8 COLLATE=utf8_bin;

--
-- Dumping data for table `order_start`
--

INSERT INTO `order_start` (`id`, `date_start`, `minutes`, `updated_at`) VALUES
(1, '2018-02-17 05:00:00', 2, '2018-05-25 11:05:09');

-- --------------------------------------------------------

--
-- Table structure for table `organizer`
--

CREATE TABLE `organizer` (
  `id_organizer` int(1) NOT NULL,
  `name_trophy` varchar(255) NOT NULL,
  `name_organizer` varchar(255) NOT NULL,
  `phase_trophy` varchar(255) NOT NULL
) ENGINE=InnoDB DEFAULT CHARSET=utf8;

--
-- Dumping data for table `organizer`
--

INSERT INTO `organizer` (`id_organizer`, `name_trophy`, `name_organizer`, `phase_trophy`) VALUES
(1, 'Trofeul Muntilor', 'Asociatia Gaska Bucuresti', 'Master');

-- --------------------------------------------------------

--
-- Table structure for table `orienteering`
--

CREATE TABLE `orienteering` (
  `orienteering_id` int(8) NOT NULL,
  `team_id` mediumint(8) NOT NULL,
  `uuid_card` int(8) NOT NULL,
  `name_participant` varchar(255) DEFAULT NULL,
  `start` varchar(255) NOT NULL,
  `finish` varchar(255) NOT NULL,
  `total` varchar(8) NOT NULL,
  `abandon` mediumint(8) NOT NULL,
  `missed_posts` varchar(255) NOT NULL,
  `order_posts` text
) ENGINE=InnoDB DEFAULT CHARSET=utf8;

--
-- Dumping data for table `orienteering`
--

INSERT INTO `orienteering` (`orienteering_id`, `team_id`, `uuid_card`, `name_participant`, `start`, `finish`, `total`, `abandon`, `missed_posts`, `order_posts`) VALUES
(1, 2, 110, NULL, '00:00:00', '09:51:54', '09:51:54', 0, '251,10,20,30,40,50,60,70,80,90,100,252', '[{"post":"10","time":"1527328298"},{"post":"20","time":"1527328298"},{"post":"30","time":"1527328300"},{"post":"40","time":"1527328303"},{"post":"50","time":"1527328305"},{"post":"60","time":"1527328306"},{"post":"70","time":"1527328308"},{"post":"80","time":"1527328309"},{"post":"90","time":"1527328310"},{"post":"100","time":"1527328311"},{"post":"252","time":"1527328314"}]'),
(2, 3, 119, '-', '09:51:59', '09:52:15', '00:00:16', 0, '', '[{"post":"251","time":"1527328319"},{"post":"10","time":"1527328321"},{"post":"20","time":"1527328322"},{"post":"30","time":"1527328324"},{"post":"40","time":"1527328325"},{"post":"50","time":"1527328326"},{"post":"60","time":"1527328328"},{"post":"70","time":"1527328329"},{"post":"80","time":"1527328330"},{"post":"90","time":"1527328332"},{"post":"100","time":"1527328333"},{"post":"252","time":"1527328335"}]'),
(3, 4, 102, '-', '09:50:54', '09:51:09', '00:00:15', 0, '', '[{"post":"251","time":"1527328254"},{"post":"10","time":"1527328256"},{"post":"20","time":"1527328256"},{"post":"30","time":"1527328257"},{"post":"40","time":"1527328258"},{"post":"50","time":"1527328260"},{"post":"60","time":"1527328262"},{"post":"70","time":"1527328264"},{"post":"80","time":"1527328264"},{"post":"90","time":"1527328266"},{"post":"100","time":"1527328267"},{"post":"252","time":"1527328269"}]'),
(4, 5, 94, '-', '10:04:55', '10:05:11', '00:00:16', 0, '', '[{"post":"251","time":"1527329095"},{"post":"10","time":"1527329097"},{"post":"20","time":"1527329097"},{"post":"30","time":"1527329098"},{"post":"40","time":"1527329100"},{"post":"50","time":"1527329102"},{"post":"60","time":"1527329104"},{"post":"70","time":"1527329105"},{"post":"80","time":"1527329106"},{"post":"90","time":"1527329108"},{"post":"100","time":"1527329109"},{"post":"252","time":"1527329111"}]'),
(5, 6, 104, '-', '10:28:10', '10:28:25', '00:00:15', 0, '', '[{"post":"251","time":"1527330490"},{"post":"10","time":"1527330492"},{"post":"20","time":"1527330492"},{"post":"30","time":"1527330494"},{"post":"40","time":"1527330495"},{"post":"50","time":"1527330497"},{"post":"60","time":"1527330498"},{"post":"70","time":"1527330500"},{"post":"80","time":"1527330500"},{"post":"90","time":"1527330502"},{"post":"100","time":"1527330503"},{"post":"252","time":"1527330505"}]'),
(6, 7, 95, '-', '10:03:40', '10:03:55', '00:00:15', 0, '', '[{"post":"251","time":"1527329020"},{"post":"10","time":"1527329022"},{"post":"20","time":"1527329022"},{"post":"30","time":"1527329024"},{"post":"40","time":"1527329025"},{"post":"50","time":"1527329026"},{"post":"60","time":"1527329028"},{"post":"70","time":"1527329030"},{"post":"80","time":"1527329031"},{"post":"90","time":"1527329032"},{"post":"100","time":"1527329034"},{"post":"252","time":"1527329035"}]'),
(7, 8, 57, '-', '09:48:10', '09:48:28', '00:00:18', 0, '', '[{"post":"251","time":"1527328090"},{"post":"10","time":"1527328092"},{"post":"20","time":"1527328093"},{"post":"30","time":"1527328096"},{"post":"40","time":"1527328098"},{"post":"50","time":"1527328100"},{"post":"60","time":"1527328101"},{"post":"70","time":"1527328103"},{"post":"80","time":"1527328103"},{"post":"90","time":"1527328105"},{"post":"100","time":"1527328106"},{"post":"252","time":"1527328108"}]'),
(8, 9, 139, '-', '09:22:03', '09:22:19', '00:00:16', 0, '', '[{"post":"251","time":"1527326523"},{"post":"10","time":"1527326525"},{"post":"20","time":"1527326530"},{"post":"30","time":"1527326532"},{"post":"40","time":"1527326532"},{"post":"50","time":"1527326533"},{"post":"60","time":"1527326535"},{"post":"70","time":"1527326535"},{"post":"80","time":"1527326536"},{"post":"90","time":"1527326537"},{"post":"100","time":"1527326538"},{"post":"252","time":"1527326539"}]'),
(9, 10, 141, '-', '09:50:08', '09:50:23', '00:00:15', 0, '', '[{"post":"251","time":"1527328208"},{"post":"10","time":"1527328210"},{"post":"20","time":"1527328210"},{"post":"30","time":"1527328212"},{"post":"40","time":"1527328213"},{"post":"50","time":"1527328214"},{"post":"60","time":"1527328216"},{"post":"70","time":"1527328217"},{"post":"80","time":"1527328218"},{"post":"90","time":"1527328220"},{"post":"100","time":"1527328221"},{"post":"252","time":"1527328223"}]'),
(10, 11, 142, '-', '09:22:22', '09:22:34', '00:00:12', 0, '', '[{"post":"251","time":"1527326542"},{"post":"10","time":"1527326543"},{"post":"20","time":"1527326544"},{"post":"30","time":"1527326545"},{"post":"40","time":"1527326546"},{"post":"50","time":"1527326547"},{"post":"60","time":"1527326549"},{"post":"70","time":"1527326550"},{"post":"80","time":"1527326550"},{"post":"90","time":"1527326552"},{"post":"100","time":"1527326553"},{"post":"252","time":"1527326554"}]'),
(11, 12, 137, '-', '09:45:22', '09:48:06', '00:02:44', 0, '', '[{"post":"251","time":"1527327922"},{"post":"10","time":"1527328078"},{"post":"20","time":"1527328078"},{"post":"30","time":"1527328078"},{"post":"40","time":"1527328079"},{"post":"50","time":"1527328080"},{"post":"60","time":"1527328081"},{"post":"70","time":"1527328082"},{"post":"80","time":"1527328082"},{"post":"90","time":"1527328084"},{"post":"100","time":"1527328085"},{"post":"252","time":"1527328086"}]'),
(12, 13, 69, NULL, '10:28:50', '10:29:14', '00:00:24', 0, '90,100,252', '[{"post":"251","time":"1527330530"},{"post":"10","time":"1527330532"},{"post":"20","time":"1527330534"},{"post":"30","time":"1527330536"},{"post":"40","time":"1527330540"},{"post":"50","time":"1527330542"},{"post":"60","time":"1527330543"},{"post":"70","time":"1527330545"},{"post":"80","time":"1527330546"},{"post":"0","time":"0"},{"post":"0","time":"0"},{"post":"252","time":"1527330554"}]'),
(13, 14, 72, '-', '10:04:01', '10:04:17', '00:00:16', 0, '', '[{"post":"251","time":"1527329041"},{"post":"10","time":"1527329044"},{"post":"20","time":"1527329044"},{"post":"30","time":"1527329047"},{"post":"40","time":"1527329048"},{"post":"50","time":"1527329050"},{"post":"60","time":"1527329051"},{"post":"70","time":"1527329052"},{"post":"80","time":"1527329053"},{"post":"90","time":"1527329055"},{"post":"100","time":"1527329056"},{"post":"252","time":"1527329057"}]'),
(14, 15, 108, '-', '10:05:40', '10:05:54', '00:00:14', 0, '', '[{"post":"251","time":"1527329140"},{"post":"10","time":"1527329142"},{"post":"20","time":"1527329142"},{"post":"30","time":"1527329144"},{"post":"40","time":"1527329144"},{"post":"50","time":"1527329146"},{"post":"60","time":"1527329148"},{"post":"70","time":"1527329149"},{"post":"80","time":"1527329150"},{"post":"90","time":"1527329151"},{"post":"100","time":"1527329152"},{"post":"252","time":"1527329154"}]'),
(15, 16, 90, '-', '10:03:40', '10:03:56', '00:00:16', 0, '', '[{"post":"251","time":"1527329020"},{"post":"10","time":"1527329022"},{"post":"20","time":"1527329023"},{"post":"30","time":"1527329024"},{"post":"40","time":"1527329025"},{"post":"50","time":"1527329027"},{"post":"60","time":"1527329029"},{"post":"70","time":"1527329030"},{"post":"80","time":"1527329031"},{"post":"90","time":"1527329033"},{"post":"100","time":"1527329034"},{"post":"252","time":"1527329036"}]'),
(16, 17, 96, '-', '10:05:39', '10:05:55', '00:00:16', 0, '', '[{"post":"251","time":"1527329139"},{"post":"10","time":"1527329141"},{"post":"20","time":"1527329141"},{"post":"30","time":"1527329144"},{"post":"40","time":"1527329145"},{"post":"50","time":"1527329147"},{"post":"60","time":"1527329148"},{"post":"70","time":"1527329149"},{"post":"80","time":"1527329150"},{"post":"90","time":"1527329152"},{"post":"100","time":"1527329153"},{"post":"252","time":"1527329155"}]'),
(17, 18, 41, '-', '10:04:54', '10:05:10', '00:00:16', 0, '', '[{"post":"251","time":"1527329094"},{"post":"10","time":"1527329096"},{"post":"20","time":"1527329096"},{"post":"30","time":"1527329098"},{"post":"40","time":"1527329099"},{"post":"50","time":"1527329101"},{"post":"60","time":"1527329103"},{"post":"70","time":"1527329105"},{"post":"80","time":"1527329106"},{"post":"90","time":"1527329107"},{"post":"100","time":"1527329108"},{"post":"252","time":"1527329110"}]'),
(18, 19, 65, '-', '10:05:18', '10:05:32', '00:00:14', 0, '', '[{"post":"251","time":"1527329118"},{"post":"10","time":"1527329120"},{"post":"20","time":"1527329120"},{"post":"30","time":"1527329121"},{"post":"40","time":"1527329122"},{"post":"50","time":"1527329124"},{"post":"60","time":"1527329126"},{"post":"70","time":"1527329127"},{"post":"80","time":"1527329128"},{"post":"90","time":"1527329129"},{"post":"100","time":"1527329130"},{"post":"252","time":"1527329132"}]'),
(19, 20, 121, '-', '09:32:16', '09:32:27', '00:00:11', 0, '', '[{"post":"251","time":"1527327136"},{"post":"10","time":"1527327136"},{"post":"20","time":"1527327138"},{"post":"30","time":"1527327139"},{"post":"40","time":"1527327139"},{"post":"50","time":"1527327141"},{"post":"60","time":"1527327142"},{"post":"70","time":"1527327143"},{"post":"80","time":"1527327143"},{"post":"90","time":"1527327145"},{"post":"100","time":"1527327145"},{"post":"252","time":"1527327147"}]'),
(20, 21, 66, '-', '09:17:45', '09:18:00', '00:00:15', 0, '50,60,70,80,90,100,252', '[{"post":"251","time":"1527326265"},{"post":"10","time":"1527326267"},{"post":"20","time":"1527326268"},{"post":"30","time":"1527326269"},{"post":"40","time":"1527326270"},{"post":"30","time":"1527326272"},{"post":"60","time":"1527326274"},{"post":"80","time":"1527326276"},{"post":"90","time":"1527326278"},{"post":"100","time":"1527326279"},{"post":"252","time":"1527326280"}]'),
(21, 22, 40, '-', '09:52:00', '09:52:15', '00:00:15', 0, '', '[{"post":"251","time":"1527328320"},{"post":"10","time":"1527328322"},{"post":"20","time":"1527328323"},{"post":"30","time":"1527328324"},{"post":"40","time":"1527328325"},{"post":"50","time":"1527328327"},{"post":"60","time":"1527328328"},{"post":"70","time":"1527328330"},{"post":"80","time":"1527328331"},{"post":"90","time":"1527328332"},{"post":"100","time":"1527328333"},{"post":"252","time":"1527328335"}]'),
(22, 23, 59, '-', '09:52:24', '09:52:42', '00:00:18', 0, '', '[{"post":"251","time":"1527328344"},{"post":"10","time":"1527328347"},{"post":"20","time":"1527328347"},{"post":"30","time":"1527328348"},{"post":"40","time":"1527328349"},{"post":"50","time":"1527328351"},{"post":"60","time":"1527328354"},{"post":"70","time":"1527328356"},{"post":"80","time":"1527328357"},{"post":"90","time":"1527328359"},{"post":"100","time":"1527328360"},{"post":"252","time":"1527328362"}]'),
(23, 24, 70, '-', '09:33:42', '09:34:41', '00:00:59', 0, '', '[{"post":"251","time":"1527327222"},{"post":"10","time":"1527327251"},{"post":"20","time":"1527327266"},{"post":"30","time":"1527327268"},{"post":"40","time":"1527327269"},{"post":"50","time":"1527327271"},{"post":"60","time":"1527327273"},{"post":"70","time":"1527327274"},{"post":"80","time":"1527327275"},{"post":"90","time":"1527327277"},{"post":"100","time":"1527327279"},{"post":"252","time":"1527327281"}]'),
(24, 25, 146, '-', '00:00:00', '00:00:00', '00:00:00', 1, '0', NULL),
(25, 26, 63, '-', '09:48:11', '09:48:29', '00:00:18', 0, '', '[{"post":"251","time":"1527328091"},{"post":"10","time":"1527328093"},{"post":"20","time":"1527328094"},{"post":"30","time":"1527328096"},{"post":"40","time":"1527328097"},{"post":"50","time":"1527328099"},{"post":"60","time":"1527328102"},{"post":"70","time":"1527328103"},{"post":"80","time":"1527328104"},{"post":"90","time":"1527328106"},{"post":"100","time":"1527328107"},{"post":"252","time":"1527328109"}]'),
(26, 27, 118, '-', '10:04:26', '10:04:42', '00:00:16', 0, '', '[{"post":"251","time":"1527329066"},{"post":"10","time":"1527329068"},{"post":"20","time":"1527329068"},{"post":"30","time":"1527329069"},{"post":"40","time":"1527329071"},{"post":"50","time":"1527329073"},{"post":"60","time":"1527329075"},{"post":"70","time":"1527329076"},{"post":"80","time":"1527329077"},{"post":"90","time":"1527329078"},{"post":"100","time":"1527329080"},{"post":"252","time":"1527329082"}]'),
(27, 28, 140, '-', '10:02:58', '10:03:12', '00:00:14', 0, '', '[{"post":"251","time":"1527328978"},{"post":"10","time":"1527328980"},{"post":"20","time":"1527328980"},{"post":"30","time":"1527328982"},{"post":"40","time":"1527328982"},{"post":"50","time":"1527328984"},{"post":"60","time":"1527328985"},{"post":"70","time":"1527328987"},{"post":"80","time":"1527328987"},{"post":"90","time":"1527328989"},{"post":"100","time":"1527328990"},{"post":"252","time":"1527328992"}]'),
(28, 29, 64, '-', '09:36:26', '09:36:58', '00:00:32', 0, '', '[{"post":"251","time":"1527327386"},{"post":"10","time":"1527327401"},{"post":"20","time":"1527327403"},{"post":"30","time":"1527327405"},{"post":"40","time":"1527327408"},{"post":"50","time":"1527327409"},{"post":"60","time":"1527327411"},{"post":"70","time":"1527327413"},{"post":"80","time":"1527327414"},{"post":"90","time":"1527327415"},{"post":"100","time":"1527327417"},{"post":"252","time":"1527327418"}]'),
(29, 30, 60, '-', '09:22:52', '09:23:03', '00:00:11', 0, '', '[{"post":"251","time":"1527326572"},{"post":"10","time":"1527326574"},{"post":"20","time":"1527326575"},{"post":"30","time":"1527326576"},{"post":"40","time":"1527326576"},{"post":"50","time":"1527326578"},{"post":"60","time":"1527326579"},{"post":"70","time":"1527326580"},{"post":"80","time":"1527326580"},{"post":"90","time":"1527326581"},{"post":"100","time":"1527326582"},{"post":"252","time":"1527326583"}]'),
(30, 31, 83, '-', '10:27:49', '10:28:04', '00:00:15', 0, '', '[{"post":"251","time":"1527330469"},{"post":"10","time":"1527330472"},{"post":"20","time":"1527330472"},{"post":"30","time":"1527330473"},{"post":"40","time":"1527330474"},{"post":"50","time":"1527330476"},{"post":"60","time":"1527330478"},{"post":"70","time":"1527330479"},{"post":"80","time":"1527330479"},{"post":"90","time":"1527330481"},{"post":"100","time":"1527330482"},{"post":"252","time":"1527330484"}]'),
(31, 32, 91, '-', '09:48:36', '09:48:54', '00:00:18', 0, '', '[{"post":"251","time":"1527328116"},{"post":"10","time":"1527328119"},{"post":"20","time":"1527328119"},{"post":"30","time":"1527328120"},{"post":"40","time":"1527328121"},{"post":"50","time":"1527328123"},{"post":"60","time":"1527328128"},{"post":"70","time":"1527328129"},{"post":"80","time":"1527328130"},{"post":"90","time":"1527328131"},{"post":"100","time":"1527328132"},{"post":"252","time":"1527328134"}]'),
(32, 33, 138, '-', '09:17:01', '09:17:42', '00:00:41', 0, '', '[{"post":"251","time":"1527326221"},{"post":"10","time":"1527326225"},{"post":"251","time":"1527326233"},{"post":"20","time":"1527326235"},{"post":"10","time":"1527326247"},{"post":"20","time":"1527326251"},{"post":"30","time":"1527326252"},{"post":"40","time":"1527326252"},{"post":"30","time":"1527326254"},{"post":"40","time":"1527326255"},{"post":"50","time":"1527326256"},{"post":"60","time":"1527326257"},{"post":"70","time":"1527326258"},{"post":"80","time":"1527326259"},{"post":"90","time":"1527326260"},{"post":"100","time":"1527326261"},{"post":"252","time":"1527326262"}]'),
(33, 34, 84, '-', '10:02:37', '10:02:51', '00:00:14', 0, '', '[{"post":"251","time":"1527328957"},{"post":"10","time":"1527328959"},{"post":"20","time":"1527328959"},{"post":"30","time":"1527328960"},{"post":"40","time":"1527328961"},{"post":"50","time":"1527328963"},{"post":"60","time":"1527328965"},{"post":"70","time":"1527328966"},{"post":"80","time":"1527328967"},{"post":"90","time":"1527328968"},{"post":"100","time":"1527328969"},{"post":"252","time":"1527328971"}]'),
(34, 35, 86, '-', '09:37:05', '09:37:30', '00:00:25', 0, '10,20,30,40,50,60,70,80,90,100,252', '[{"post":"251","time":"1527327425"},{"post":"20","time":"1527327433"},{"post":"30","time":"1527327436"},{"post":"40","time":"1527327437"},{"post":"50","time":"1527327440"},{"post":"60","time":"1527327442"},{"post":"70","time":"1527327443"},{"post":"80","time":"1527327445"},{"post":"90","time":"1527327446"},{"post":"100","time":"1527327448"},{"post":"252","time":"1527327450"}]'),
(35, 36, 116, '-', '10:28:30', '10:28:44', '00:00:14', 0, '', '[{"post":"251","time":"1527330510"},{"post":"10","time":"1527330512"},{"post":"20","time":"1527330512"},{"post":"30","time":"1527330513"},{"post":"40","time":"1527330514"},{"post":"50","time":"1527330516"},{"post":"60","time":"1527330518"},{"post":"70","time":"1527330519"},{"post":"80","time":"1527330519"},{"post":"90","time":"1527330521"},{"post":"100","time":"1527330522"},{"post":"252","time":"1527330524"}]'),
(36, 37, 87, '-', '09:49:08', '09:49:22', '00:00:14', 0, '', '[{"post":"251","time":"1527328148"},{"post":"10","time":"1527328150"},{"post":"20","time":"1527328150"},{"post":"30","time":"1527328151"},{"post":"40","time":"1527328152"},{"post":"50","time":"1527328154"},{"post":"60","time":"1527328155"},{"post":"70","time":"1527328156"},{"post":"80","time":"1527328157"},{"post":"90","time":"1527328159"},{"post":"100","time":"1527328160"},{"post":"252","time":"1527328162"}]'),
(37, 38, 92, '-', '09:23:24', '09:23:36', '00:00:12', 0, '', '[{"post":"251","time":"1527326604"},{"post":"10","time":"1527326605"},{"post":"20","time":"1527326606"},{"post":"30","time":"1527326607"},{"post":"40","time":"1527326608"},{"post":"50","time":"1527326609"},{"post":"60","time":"1527326610"},{"post":"70","time":"1527326611"},{"post":"80","time":"1527326612"},{"post":"90","time":"1527326613"},{"post":"100","time":"1527326614"},{"post":"252","time":"1527326616"}]'),
(38, 39, 85, '-', '09:49:05', '09:49:21', '00:00:16', 0, '', '[{"post":"251","time":"1527328145"},{"post":"10","time":"1527328149"},{"post":"20","time":"1527328150"},{"post":"30","time":"1527328151"},{"post":"40","time":"1527328152"},{"post":"50","time":"1527328153"},{"post":"60","time":"1527328155"},{"post":"70","time":"1527328156"},{"post":"80","time":"1527328157"},{"post":"90","time":"1527328158"},{"post":"100","time":"1527328159"},{"post":"252","time":"1527328161"}]'),
(39, 40, 98, '-', '10:06:01', '10:06:16', '00:00:15', 0, '', '[{"post":"251","time":"1527329161"},{"post":"10","time":"1527329163"},{"post":"20","time":"1527329163"},{"post":"30","time":"1527329164"},{"post":"40","time":"1527329165"},{"post":"50","time":"1527329167"},{"post":"60","time":"1527329168"},{"post":"70","time":"1527329170"},{"post":"80","time":"1527329171"},{"post":"90","time":"1527329173"},{"post":"100","time":"1527329174"},{"post":"252","time":"1527329176"}]'),
(40, 42, 134, '-', '09:21:22', '09:22:00', '00:00:38', 0, '', '[{"post":"251","time":"1527326482"},{"post":"10","time":"1527326507"},{"post":"20","time":"1527326512"},{"post":"30","time":"1527326513"},{"post":"40","time":"1527326513"},{"post":"50","time":"1527326515"},{"post":"60","time":"1527326516"},{"post":"70","time":"1527326517"},{"post":"80","time":"1527326517"},{"post":"90","time":"1527326518"},{"post":"100","time":"1527326519"},{"post":"252","time":"1527326520"}]'),
(41, 43, 82, '-', '09:20:49', '09:21:19', '00:00:30', 0, '', '[{"post":"251","time":"1527326449"},{"post":"10","time":"1527326463"},{"post":"20","time":"1527326468"},{"post":"30","time":"1527326469"},{"post":"40","time":"1527326470"},{"post":"50","time":"1527326471"},{"post":"60","time":"1527326472"},{"post":"70","time":"1527326473"},{"post":"80","time":"1527326474"},{"post":"90","time":"1527326477"},{"post":"100","time":"1527326478"},{"post":"252","time":"1527326479"}]'),
(42, 44, 68, '-', '09:37:59', '09:38:09', '00:00:10', 0, '', '[{"post":"251","time":"1527327479"},{"post":"10","time":"1527327479"},{"post":"20","time":"1527327481"},{"post":"30","time":"1527327481"},{"post":"40","time":"1527327482"},{"post":"50","time":"1527327483"},{"post":"60","time":"1527327485"},{"post":"70","time":"1527327486"},{"post":"80","time":"1527327486"},{"post":"90","time":"1527327487"},{"post":"100","time":"1527327488"},{"post":"252","time":"1527327489"}]'),
(43, 48, 123, '-', '09:16:28', '09:16:44', '00:00:16', 0, '', '[{"post":"251","time":"1527326188"},{"post":"10","time":"1527326190"},{"post":"20","time":"1527326192"},{"post":"30","time":"1527326193"},{"post":"40","time":"1527326194"},{"post":"50","time":"1527326196"},{"post":"60","time":"1527326197"},{"post":"70","time":"1527326199"},{"post":"80","time":"1527326200"},{"post":"90","time":"1527326201"},{"post":"100","time":"1527326202"},{"post":"252","time":"1527326204"}]'),
(44, 49, 117, '-', '09:23:06', '09:23:22', '00:00:16', 0, '', '[{"post":"251","time":"1527326586"},{"post":"10","time":"1527326587"},{"post":"20","time":"1527326593"},{"post":"30","time":"1527326594"},{"post":"40","time":"1527326595"},{"post":"50","time":"1527326596"},{"post":"60","time":"1527326597"},{"post":"70","time":"1527326598"},{"post":"80","time":"1527326598"},{"post":"90","time":"1527326600"},{"post":"100","time":"1527326600"},{"post":"252","time":"1527326602"}]'),
(45, 53, 133, '-', '09:37:37', '09:37:54', '00:00:17', 0, '', '[{"post":"251","time":"1527327457"},{"post":"10","time":"1527327458"},{"post":"20","time":"1527327460"},{"post":"30","time":"1527327462"},{"post":"40","time":"1527327464"},{"post":"50","time":"1527327465"},{"post":"60","time":"1527327467"},{"post":"70","time":"1527327469"},{"post":"80","time":"1527327470"},{"post":"90","time":"1527327471"},{"post":"100","time":"1527327473"},{"post":"252","time":"1527327474"}]'),
(46, 54, 115, '-', '09:50:09', '09:50:23', '00:00:14', 0, '', '[{"post":"251","time":"1527328209"},{"post":"10","time":"1527328211"},{"post":"20","time":"1527328211"},{"post":"30","time":"1527328212"},{"post":"40","time":"1527328213"},{"post":"50","time":"1527328215"},{"post":"60","time":"1527328217"},{"post":"70","time":"1527328218"},{"post":"80","time":"1527328219"},{"post":"90","time":"1527328220"},{"post":"100","time":"1527328221"},{"post":"252","time":"1527328223"}]'),
(47, 55, 131, '-', '09:35:48', '09:36:17', '00:00:29', 0, '', '[{"post":"251","time":"1527327348"},{"post":"10","time":"1527327357"},{"post":"20","time":"1527327364"},{"post":"30","time":"1527327365"},{"post":"40","time":"1527327365"},{"post":"50","time":"1527327367"},{"post":"60","time":"1527327370"},{"post":"70","time":"1527327371"},{"post":"80","time":"1527327372"},{"post":"90","time":"1527327374"},{"post":"100","time":"1527327375"},{"post":"252","time":"1527327377"}]'),
(48, 56, 125, '-', '09:49:28', '09:49:45', '00:00:17', 0, '', '[{"post":"251","time":"1527328168"},{"post":"10","time":"1527328171"},{"post":"20","time":"1527328172"},{"post":"30","time":"1527328173"},{"post":"40","time":"1527328174"},{"post":"50","time":"1527328176"},{"post":"60","time":"1527328177"},{"post":"70","time":"1527328180"},{"post":"80","time":"1527328181"},{"post":"90","time":"1527328182"},{"post":"100","time":"1527328183"},{"post":"252","time":"1527328185"}]'),
(49, 57, 105, '-', '09:35:47', '09:36:18', '00:00:31', 0, '', '[{"post":"251","time":"1527327347"},{"post":"10","time":"1527327355"},{"post":"20","time":"1527327363"},{"post":"30","time":"1527327364"},{"post":"40","time":"1527327366"},{"post":"50","time":"1527327369"},{"post":"60","time":"1527327371"},{"post":"70","time":"1527327372"},{"post":"80","time":"1527327373"},{"post":"90","time":"1527327375"},{"post":"100","time":"1527327376"},{"post":"252","time":"1527327378"}]'),
(50, 59, 107, '-', '09:34:49', '09:35:39', '00:00:50', 0, '', '[{"post":"251","time":"1527327289"},{"post":"10","time":"1527327316"},{"post":"20","time":"1527327324"},{"post":"30","time":"1527327326"},{"post":"40","time":"1527327327"},{"post":"50","time":"1527327329"},{"post":"60","time":"1527327331"},{"post":"70","time":"1527327333"},{"post":"80","time":"1527327334"},{"post":"90","time":"1527327336"},{"post":"100","time":"1527327337"},{"post":"252","time":"1527327339"}]'),
(51, 60, 71, '-', '09:34:48', '09:35:38', '00:00:50', 0, '', '[{"post":"251","time":"1527327288"},{"post":"10","time":"1527327299"},{"post":"20","time":"1527327321"},{"post":"30","time":"1527327325"},{"post":"40","time":"1527327326"},{"post":"50","time":"1527327328"},{"post":"60","time":"1527327330"},{"post":"70","time":"1527327332"},{"post":"80","time":"1527327334"},{"post":"90","time":"1527327335"},{"post":"100","time":"1527327336"},{"post":"252","time":"1527327338"}]'),
(52, 61, 50, '-', '09:32:49', '09:33:09', '00:00:20', 0, '', '[{"post":"251","time":"1527327169"},{"post":"10","time":"1527327178"},{"post":"20","time":"1527327180"},{"post":"30","time":"1527327181"},{"post":"40","time":"1527327182"},{"post":"50","time":"1527327183"},{"post":"60","time":"1527327184"},{"post":"70","time":"1527327185"},{"post":"80","time":"1527327186"},{"post":"90","time":"1527327187"},{"post":"100","time":"1527327188"},{"post":"252","time":"1527327189"}]'),
(53, 62, 74, '-', '09:32:32', '09:32:45', '00:00:13', 0, '', '[{"post":"251","time":"1527327152"},{"post":"10","time":"1527327155"},{"post":"20","time":"1527327156"},{"post":"30","time":"1527327157"},{"post":"40","time":"1527327158"},{"post":"50","time":"1527327159"},{"post":"60","time":"1527327161"},{"post":"70","time":"1527327161"},{"post":"80","time":"1527327162"},{"post":"90","time":"1527327163"},{"post":"100","time":"1527327163"},{"post":"252","time":"1527327165"}]'),
(54, 64, 130, '-', '09:31:44', '09:31:59', '00:00:15', 0, '', '[{"post":"251","time":"1527327104"},{"post":"10","time":"1527327109"},{"post":"20","time":"1527327110"},{"post":"30","time":"1527327111"},{"post":"40","time":"1527327111"},{"post":"50","time":"1527327113"},{"post":"60","time":"1527327114"},{"post":"70","time":"1527327115"},{"post":"80","time":"1527327116"},{"post":"90","time":"1527327117"},{"post":"100","time":"1527327118"},{"post":"252","time":"1527327119"}]'),
(55, 65, 89, '-', '10:26:23', '10:26:34', '00:00:11', 0, '', '[{"post":"251","time":"1527330383"},{"post":"10","time":"1527330384"},{"post":"20","time":"1527330384"},{"post":"30","time":"1527330385"},{"post":"40","time":"1527330386"},{"post":"50","time":"1527330387"},{"post":"60","time":"1527330389"},{"post":"70","time":"1527330390"},{"post":"80","time":"1527330390"},{"post":"90","time":"1527330392"},{"post":"100","time":"1527330393"},{"post":"252","time":"1527330394"}]'),
(56, 66, 78, NULL, '09:18:52', '09:19:05', '00:00:13', 0, '30,40,50,60,70,80,90,100,252', '[{"post":"251","time":"1527326332"},{"post":"10","time":"1527326333"},{"post":"30","time":"1527326335"},{"post":"40","time":"1527326336"},{"post":"20","time":"1527326337"},{"post":"50","time":"1527326339"},{"post":"60","time":"1527326340"},{"post":"70","time":"1527326341"},{"post":"80","time":"1527326341"},{"post":"90","time":"1527326342"},{"post":"100","time":"1527326343"},{"post":"252","time":"1527326345"}]'),
(57, 67, 144, '-', '09:20:33', '09:20:46', '00:00:13', 0, '', '[{"post":"251","time":"1527326433"},{"post":"10","time":"1527326433"},{"post":"20","time":"1527326434"},{"post":"30","time":"1527326435"},{"post":"40","time":"1527326436"},{"post":"50","time":"1527326438"},{"post":"60","time":"1527326439"},{"post":"70","time":"1527326441"},{"post":"80","time":"1527326441"},{"post":"90","time":"1527326443"},{"post":"100","time":"1527326444"},{"post":"252","time":"1527326446"}]'),
(58, 68, 124, '-', '10:28:09', '10:28:25', '00:00:16', 0, '', '[{"post":"251","time":"1527330489"},{"post":"10","time":"1527330492"},{"post":"20","time":"1527330493"},{"post":"30","time":"1527330495"},{"post":"40","time":"1527330495"},{"post":"50","time":"1527330497"},{"post":"60","time":"1527330499"},{"post":"70","time":"1527330500"},{"post":"80","time":"1527330501"},{"post":"90","time":"1527330502"},{"post":"100","time":"1527330504"},{"post":"252","time":"1527330505"}]'),
(59, 69, 54, '-', '09:48:37', '09:48:55', '00:00:18', 0, '', '[{"post":"251","time":"1527328117"},{"post":"10","time":"1527328119"},{"post":"20","time":"1527328120"},{"post":"30","time":"1527328121"},{"post":"40","time":"1527328122"},{"post":"50","time":"1527328123"},{"post":"60","time":"1527328128"},{"post":"70","time":"1527328129"},{"post":"80","time":"1527328130"},{"post":"90","time":"1527328132"},{"post":"100","time":"1527328133"},{"post":"252","time":"1527328135"}]'),
(60, 70, 111, '-', '10:27:28', '10:27:41', '00:00:13', 0, '', '[{"post":"251","time":"1527330448"},{"post":"10","time":"1527330449"},{"post":"20","time":"1527330450"},{"post":"30","time":"1527330451"},{"post":"40","time":"1527330452"},{"post":"50","time":"1527330453"},{"post":"60","time":"1527330455"},{"post":"70","time":"1527330456"},{"post":"80","time":"1527330457"},{"post":"90","time":"1527330459"},{"post":"100","time":"1527330460"},{"post":"252","time":"1527330461"}]'),
(61, 71, 53, '-', '09:19:29', '09:19:44', '00:00:15', 0, '', '[{"post":"251","time":"1527326369"},{"post":"10","time":"1527326373"},{"post":"20","time":"1527326375"},{"post":"30","time":"1527326376"},{"post":"40","time":"1527326376"},{"post":"50","time":"1527326378"},{"post":"60","time":"1527326379"},{"post":"70","time":"1527326380"},{"post":"80","time":"1527326381"},{"post":"90","time":"1527326382"},{"post":"100","time":"1527326383"},{"post":"252","time":"1527326384"}]'),
(62, 72, 132, '-', '10:27:50', '10:28:03', '00:00:13', 0, '', '[{"post":"251","time":"1527330470"},{"post":"10","time":"1527330472"},{"post":"20","time":"1527330472"},{"post":"30","time":"1527330473"},{"post":"40","time":"1527330474"},{"post":"50","time":"1527330475"},{"post":"60","time":"1527330477"},{"post":"70","time":"1527330478"},{"post":"80","time":"1527330479"},{"post":"90","time":"1527330480"},{"post":"100","time":"1527330481"},{"post":"252","time":"1527330483"}]'),
(63, 73, 77, '-', '09:33:42', '09:34:40', '00:00:58', 0, '', '[{"post":"251","time":"1527327222"},{"post":"10","time":"1527327262"},{"post":"20","time":"1527327264"},{"post":"30","time":"1527327267"},{"post":"40","time":"1527327268"},{"post":"50","time":"1527327270"},{"post":"60","time":"1527327272"},{"post":"70","time":"1527327274"},{"post":"80","time":"1527327275"},{"post":"90","time":"1527327277"},{"post":"100","time":"1527327278"},{"post":"252","time":"1527327280"}]'),
(64, 74, 18, '-', '09:52:25', '09:52:43', '00:00:18', 0, '', '[{"post":"251","time":"1527328345"},{"post":"10","time":"1527328346"},{"post":"20","time":"1527328347"},{"post":"30","time":"1527328348"},{"post":"40","time":"1527328349"},{"post":"50","time":"1527328353"},{"post":"60","time":"1527328356"},{"post":"70","time":"1527328357"},{"post":"80","time":"1527328358"},{"post":"90","time":"1527328359"},{"post":"100","time":"1527328361"},{"post":"252","time":"1527328363"}]'),
(65, 75, 120, '-', '09:50:31', '09:50:47', '00:00:16', 0, '', '[{"post":"251","time":"1527328231"},{"post":"10","time":"1527328233"},{"post":"20","time":"1527328233"},{"post":"30","time":"1527328235"},{"post":"40","time":"1527328235"},{"post":"50","time":"1527328239"},{"post":"60","time":"1527328240"},{"post":"70","time":"1527328242"},{"post":"80","time":"1527328242"},{"post":"90","time":"1527328244"},{"post":"100","time":"1527328245"},{"post":"252","time":"1527328247"}]'),
(66, 76, 76, '-', '09:50:55', '09:51:09', '00:00:14', 0, '', '[{"post":"251","time":"1527328255"},{"post":"10","time":"1527328256"},{"post":"20","time":"1527328257"},{"post":"30","time":"1527328258"},{"post":"40","time":"1527328259"},{"post":"50","time":"1527328261"},{"post":"60","time":"1527328263"},{"post":"70","time":"1527328264"},{"post":"80","time":"1527328265"},{"post":"90","time":"1527328266"},{"post":"100","time":"1527328267"},{"post":"252","time":"1527328269"}]'),
(67, 77, 19, '-', '09:22:38', '09:22:48', '00:00:10', 0, '', '[{"post":"251","time":"1527326558"},{"post":"10","time":"1527326559"},{"post":"20","time":"1527326560"},{"post":"30","time":"1527326561"},{"post":"40","time":"1527326562"},{"post":"50","time":"1527326563"},{"post":"60","time":"1527326564"},{"post":"70","time":"1527326565"},{"post":"80","time":"1527326565"},{"post":"90","time":"1527326566"},{"post":"100","time":"1527326567"},{"post":"252","time":"1527326568"}]'),
(68, 78, 93, '-', '10:04:02', '10:04:18', '00:00:16', 0, '', '[{"post":"251","time":"1527329042"},{"post":"10","time":"1527329044"},{"post":"20","time":"1527329045"},{"post":"30","time":"1527329047"},{"post":"40","time":"1527329049"},{"post":"50","time":"1527329050"},{"post":"60","time":"1527329052"},{"post":"70","time":"1527329053"},{"post":"80","time":"1527329054"},{"post":"90","time":"1527329055"},{"post":"100","time":"1527329056"},{"post":"252","time":"1527329058"}]'),
(69, 79, 62, '-', '10:06:00', '10:06:16', '00:00:16', 0, '', '[{"post":"251","time":"1527329160"},{"post":"10","time":"1527329162"},{"post":"20","time":"1527329162"},{"post":"30","time":"1527329164"},{"post":"40","time":"1527329165"},{"post":"50","time":"1527329166"},{"post":"60","time":"1527329169"},{"post":"70","time":"1527329171"},{"post":"80","time":"1527329172"},{"post":"90","time":"1527329173"},{"post":"100","time":"1527329174"},{"post":"252","time":"1527329176"}]'),
(70, 80, 14, '-', '10:27:03', '10:27:20', '00:00:17', 0, '', '[{"post":"251","time":"1527330423"},{"post":"10","time":"1527330425"},{"post":"20","time":"1527330426"},{"post":"30","time":"1527330427"},{"post":"40","time":"1527330428"},{"post":"50","time":"1527330431"},{"post":"60","time":"1527330434"},{"post":"70","time":"1527330435"},{"post":"80","time":"1527330436"},{"post":"90","time":"1527330437"},{"post":"100","time":"1527330438"},{"post":"252","time":"1527330440"}]'),
(71, 81, 101, '-', '09:50:30', '09:50:47', '00:00:17', 0, '', '[{"post":"251","time":"1527328230"},{"post":"10","time":"1527328232"},{"post":"20","time":"1527328232"},{"post":"30","time":"1527328234"},{"post":"40","time":"1527328235"},{"post":"50","time":"1527328237"},{"post":"60","time":"1527328240"},{"post":"70","time":"1527328241"},{"post":"80","time":"1527328242"},{"post":"90","time":"1527328244"},{"post":"100","time":"1527328245"},{"post":"252","time":"1527328247"}]'),
(72, 82, 51, '-', '09:19:48', '09:20:30', '00:00:42', 0, '', '[{"post":"251","time":"1527326388"},{"post":"10","time":"1527326411"},{"post":"20","time":"1527326421"},{"post":"30","time":"1527326422"},{"post":"40","time":"1527326422"},{"post":"50","time":"1527326423"},{"post":"60","time":"1527326425"},{"post":"70","time":"1527326426"},{"post":"80","time":"1527326426"},{"post":"90","time":"1527326427"},{"post":"100","time":"1527326428"},{"post":"252","time":"1527326430"}]'),
(73, 83, 99, '-', '10:02:57', '10:03:11', '00:00:14', 0, '', '[{"post":"251","time":"1527328977"},{"post":"10","time":"1527328979"},{"post":"20","time":"1527328979"},{"post":"30","time":"1527328980"},{"post":"40","time":"1527328982"},{"post":"50","time":"1527328983"},{"post":"60","time":"1527328985"},{"post":"70","time":"1527328986"},{"post":"80","time":"1527328987"},{"post":"90","time":"1527328988"},{"post":"100","time":"1527328989"},{"post":"252","time":"1527328991"}]'),
(74, 84, 58, '-', '09:51:17', '09:51:31', '00:00:14', 0, '', '[{"post":"251","time":"1527328277"},{"post":"10","time":"1527328279"},{"post":"20","time":"1527328279"},{"post":"30","time":"1527328280"},{"post":"40","time":"1527328281"},{"post":"50","time":"1527328283"},{"post":"60","time":"1527328285"},{"post":"70","time":"1527328286"},{"post":"80","time":"1527328286"},{"post":"90","time":"1527328288"},{"post":"100","time":"1527328289"},{"post":"252","time":"1527328291"}]'),
(75, 85, 80, '-', '09:49:30', '09:49:46', '00:00:16', 0, '', '[{"post":"251","time":"1527328170"},{"post":"10","time":"1527328172"},{"post":"20","time":"1527328173"},{"post":"30","time":"1527328174"},{"post":"40","time":"1527328175"},{"post":"50","time":"1527328176"},{"post":"60","time":"1527328178"},{"post":"70","time":"1527328180"},{"post":"80","time":"1527328181"},{"post":"90","time":"1527328183"},{"post":"100","time":"1527328184"},{"post":"252","time":"1527328186"}]'),
(76, 86, 75, '-', '10:05:17', '10:05:32', '00:00:15', 0, '', '[{"post":"251","time":"1527329117"},{"post":"10","time":"1527329119"},{"post":"20","time":"1527329119"},{"post":"30","time":"1527329121"},{"post":"40","time":"1527329122"},{"post":"50","time":"1527329123"},{"post":"60","time":"1527329125"},{"post":"70","time":"1527329126"},{"post":"80","time":"1527329127"},{"post":"90","time":"1527329129"},{"post":"100","time":"1527329130"},{"post":"252","time":"1527329132"}]'),
(77, 87, 81, '-', '10:02:37', '10:02:52', '00:00:15', 0, '', '[{"post":"251","time":"1527328957"},{"post":"10","time":"1527328959"},{"post":"20","time":"1527328960"},{"post":"30","time":"1527328961"},{"post":"40","time":"1527328962"},{"post":"50","time":"1527328964"},{"post":"60","time":"1527328965"},{"post":"70","time":"1527328967"},{"post":"80","time":"1527328967"},{"post":"90","time":"1527328969"},{"post":"100","time":"1527328970"},{"post":"252","time":"1527328972"}]'),
(78, 88, 114, '-', '10:28:29', '10:28:45', '00:00:16', 0, '', '[{"post":"251","time":"1527330509"},{"post":"10","time":"1527330511"},{"post":"20","time":"1527330512"},{"post":"30","time":"1527330513"},{"post":"40","time":"1527330514"},{"post":"50","time":"1527330515"},{"post":"60","time":"1527330517"},{"post":"70","time":"1527330518"},{"post":"80","time":"1527330519"},{"post":"90","time":"1527330520"},{"post":"100","time":"1527330522"},{"post":"252","time":"1527330525"}]'),
(79, 89, 109, '-', '09:32:02', '09:32:13', '00:00:11', 0, '', '[{"post":"251","time":"1527327122"},{"post":"10","time":"1527327123"},{"post":"20","time":"1527327124"},{"post":"30","time":"1527327125"},{"post":"40","time":"1527327125"},{"post":"50","time":"1527327126"},{"post":"60","time":"1527327128"},{"post":"70","time":"1527327129"},{"post":"80","time":"1527327130"},{"post":"90","time":"1527327131"},{"post":"100","time":"1527327131"},{"post":"252","time":"1527327133"}]'),
(80, 90, 56, '-', '09:37:36', '09:37:55', '00:00:19', 0, '', '[{"post":"251","time":"1527327456"},{"post":"10","time":"1527327459"},{"post":"20","time":"1527327461"},{"post":"30","time":"1527327463"},{"post":"40","time":"1527327464"},{"post":"50","time":"1527327466"},{"post":"60","time":"1527327468"},{"post":"70","time":"1527327469"},{"post":"80","time":"1527327470"},{"post":"90","time":"1527327472"},{"post":"100","time":"1527327473"},{"post":"252","time":"1527327475"}]'),
(81, 91, 79, '-', '09:51:16', '09:51:32', '00:00:16', 0, '', '[{"post":"251","time":"1527328276"},{"post":"10","time":"1527328278"},{"post":"20","time":"1527328279"},{"post":"30","time":"1527328280"},{"post":"40","time":"1527328281"},{"post":"50","time":"1527328284"},{"post":"60","time":"1527328285"},{"post":"70","time":"1527328286"},{"post":"80","time":"1527328287"},{"post":"90","time":"1527328288"},{"post":"100","time":"1527328290"},{"post":"252","time":"1527328292"}]'),
(82, 92, 61, '-', '10:03:17', '10:03:33', '00:00:16', 0, '', '[{"post":"251","time":"1527328997"},{"post":"10","time":"1527329000"},{"post":"20","time":"1527329000"},{"post":"30","time":"1527329003"},{"post":"40","time":"1527329004"},{"post":"50","time":"1527329005"},{"post":"60","time":"1527329007"},{"post":"70","time":"1527329008"},{"post":"80","time":"1527329009"},{"post":"90","time":"1527329010"},{"post":"100","time":"1527329011"},{"post":"252","time":"1527329013"}]'),
(83, 94, 126, '-', '09:33:13', '09:33:35', '00:00:22', 0, '', '[{"post":"251","time":"1527327193"},{"post":"10","time":"1527327197"},{"post":"20","time":"1527327200"},{"post":"30","time":"1527327201"},{"post":"40","time":"1527327202"},{"post":"50","time":"1527327204"},{"post":"60","time":"1527327206"},{"post":"70","time":"1527327208"},{"post":"80","time":"1527327209"},{"post":"90","time":"1527327211"},{"post":"100","time":"1527327213"},{"post":"252","time":"1527327215"}]'),
(84, 95, 147, '-', '00:00:00', '00:00:00', '00:00:00', 1, '0', NULL),
(85, 96, 122, '-', '09:51:37', '09:51:53', '00:00:16', 0, '', '[{"post":"251","time":"1527328297"},{"post":"10","time":"1527328299"},{"post":"20","time":"1527328300"},{"post":"30","time":"1527328301"},{"post":"40","time":"1527328302"},{"post":"50","time":"1527328304"},{"post":"60","time":"1527328306"},{"post":"70","time":"1527328307"},{"post":"80","time":"1527328308"},{"post":"90","time":"1527328310"},{"post":"100","time":"1527328311"},{"post":"252","time":"1527328313"}]'),
(86, 97, 143, '-', '09:36:25', '09:36:59', '00:00:34', 0, '', '[{"post":"251","time":"1527327385"},{"post":"10","time":"1527327402"},{"post":"20","time":"1527327405"},{"post":"30","time":"1527327407"},{"post":"40","time":"1527327408"},{"post":"50","time":"1527327410"},{"post":"60","time":"1527327412"},{"post":"70","time":"1527327414"},{"post":"80","time":"1527327414"},{"post":"90","time":"1527327416"},{"post":"100","time":"1527327417"},{"post":"252","time":"1527327419"}]'),
(87, 98, 1, '-', '09:19:09', '09:19:25', '00:00:16', 0, '20,30,40,50,60,70,80,90,100,252', '[{"post":"251","time":"1527326349"},{"post":"20","time":"1527326350"},{"post":"40","time":"1527326351"},{"post":"30","time":"1527326352"},{"post":"10","time":"1527326356"},{"post":"50","time":"1527326358"},{"post":"60","time":"1527326359"},{"post":"40","time":"1527326360"},{"post":"70","time":"1527326362"},{"post":"80","time":"1527326362"},{"post":"90","time":"1527326363"},{"post":"100","time":"1527326364"},{"post":"252","time":"1527326365"}]'),
(88, 99, 2, '-', '09:23:39', '09:23:49', '00:00:10', 0, '', '[{"post":"251","time":"1527326619"},{"post":"10","time":"1527326619"},{"post":"20","time":"1527326621"},{"post":"30","time":"1527326622"},{"post":"40","time":"1527326622"},{"post":"50","time":"1527326623"},{"post":"60","time":"1527326625"},{"post":"70","time":"1527326626"},{"post":"80","time":"1527326626"},{"post":"90","time":"1527326627"},{"post":"100","time":"1527326628"},{"post":"252","time":"1527326629"}]'),
(89, 100, 3, '-', '09:33:14', '09:33:36', '00:00:22', 0, '', '[{"post":"251","time":"1527327194"},{"post":"10","time":"1527327199"},{"post":"20","time":"1527327200"},{"post":"30","time":"1527327202"},{"post":"40","time":"1527327203"},{"post":"50","time":"1527327205"},{"post":"60","time":"1527327207"},{"post":"70","time":"1527327208"},{"post":"80","time":"1527327210"},{"post":"90","time":"1527327212"},{"post":"100","time":"1527327213"},{"post":"252","time":"1527327216"}]'),
(90, 101, 4, '-', '10:26:22', '10:26:35', '00:00:13', 0, '', '[{"post":"251","time":"1527330382"},{"post":"10","time":"1527330385"},{"post":"20","time":"1527330385"},{"post":"30","time":"1527330386"},{"post":"40","time":"1527330386"},{"post":"50","time":"1527330388"},{"post":"60","time":"1527330389"},{"post":"70","time":"1527330390"},{"post":"80","time":"1527330391"},{"post":"90","time":"1527330392"},{"post":"100","time":"1527330393"},{"post":"252","time":"1527330395"}]'),
(91, 102, 5, '-', '10:04:27', '10:04:42', '00:00:15', 0, '', '[{"post":"251","time":"1527329067"},{"post":"10","time":"1527329068"},{"post":"20","time":"1527329069"},{"post":"30","time":"1527329070"},{"post":"40","time":"1527329072"},{"post":"50","time":"1527329074"},{"post":"60","time":"1527329075"},{"post":"70","time":"1527329077"},{"post":"80","time":"1527329077"},{"post":"90","time":"1527329079"},{"post":"100","time":"1527329080"},{"post":"252","time":"1527329082"}]'),
(92, 103, 6, '-', '10:03:18', '10:03:33', '00:00:15', 0, '', '[{"post":"251","time":"1527328998"},{"post":"10","time":"1527329000"},{"post":"20","time":"1527329000"},{"post":"30","time":"1527329002"},{"post":"40","time":"1527329003"},{"post":"50","time":"1527329005"},{"post":"60","time":"1527329006"},{"post":"70","time":"1527329007"},{"post":"80","time":"1527329008"},{"post":"90","time":"1527329010"},{"post":"100","time":"1527329011"},{"post":"252","time":"1527329013"}]'),
(93, 104, 7, '-', '09:52:48', '09:52:56', '00:00:08', 0, '20,30,40,50,60,70,80,90,100,252', '[{"post":"251","time":"1527328368"},{"post":"10","time":"1527328370"},{"post":"20","time":"1527328369"},{"post":"30","time":"1527328370"},{"post":"40","time":"1527328370"},{"post":"50","time":"1527328371"},{"post":"60","time":"1527328372"},{"post":"70","time":"1527328373"},{"post":"80","time":"1527328374"},{"post":"90","time":"1527328375"},{"post":"100","time":"1527328375"},{"post":"252","time":"1527328376"}]');

-- --------------------------------------------------------

--
-- Table structure for table `orienteering_stages`
--

CREATE TABLE `orienteering_stages` (
  `id` int(11) NOT NULL,
  `categories_id` int(11) NOT NULL,
  `post` int(11) NOT NULL
) ENGINE=InnoDB DEFAULT CHARSET=utf8 COLLATE=utf8_bin;

--
-- Dumping data for table `orienteering_stages`
--

INSERT INTO `orienteering_stages` (`id`, `categories_id`, `post`) VALUES
(122, 4, 251),
(123, 4, 10),
(124, 4, 20),
(125, 4, 30),
(126, 4, 40),
(127, 4, 50),
(128, 4, 60),
(129, 4, 70),
(130, 4, 80),
(131, 4, 90),
(132, 4, 100),
(133, 4, 252),
(134, 2, 251),
(135, 2, 10),
(136, 2, 20),
(137, 2, 30),
(138, 2, 40),
(139, 2, 50),
(140, 2, 60),
(141, 2, 70),
(142, 2, 80),
(143, 2, 90),
(144, 2, 100),
(145, 2, 252),
(146, 1, 251),
(147, 1, 10),
(148, 1, 20),
(149, 1, 30),
(150, 1, 40),
(151, 1, 50),
(152, 1, 60),
(153, 1, 70),
(154, 1, 80),
(155, 1, 90),
(156, 1, 100),
(157, 1, 252),
(158, 3, 251),
(159, 3, 10),
(160, 3, 20),
(161, 3, 30),
(162, 3, 40),
(163, 3, 50),
(164, 3, 60),
(165, 3, 70),
(166, 3, 80),
(167, 3, 90),
(168, 3, 100),
(169, 3, 252),
(170, 5, 251),
(171, 5, 10),
(172, 5, 20),
(173, 5, 30),
(174, 5, 40),
(175, 5, 50),
(176, 5, 60),
(177, 5, 70),
(178, 5, 80),
(179, 5, 90),
(180, 5, 100),
(181, 5, 252),
(182, 6, 251),
(183, 6, 10),
(184, 6, 20),
(185, 6, 30),
(186, 6, 40),
(187, 6, 50),
(188, 6, 60),
(189, 6, 70),
(190, 6, 80),
(191, 6, 90),
(192, 6, 100),
(193, 6, 252),
(194, 7, 251),
(195, 7, 10),
(196, 7, 20),
(197, 7, 30),
(198, 7, 40),
(199, 7, 50),
(200, 7, 60),
(201, 7, 70),
(202, 7, 80),
(203, 7, 90),
(204, 7, 100),
(205, 7, 252);

-- --------------------------------------------------------

--
-- Table structure for table `participations`
--

CREATE TABLE `participations` (
  `participation_id` mediumint(8) UNSIGNED NOT NULL,
  `team_id` mediumint(8) UNSIGNED NOT NULL,
  `category_challenge_id` mediumint(8) UNSIGNED NOT NULL,
  `score` int(12) DEFAULT NULL,
  `notes` text,
  `missing_equipment_items` tinyint(2) UNSIGNED DEFAULT '0',
  `missing_footwear` tinyint(1) UNSIGNED DEFAULT '0',
  `abandonment` tinyint(1) UNSIGNED DEFAULT '0',
  `minimum_distance_penalty` tinyint(1) UNSIGNED DEFAULT '0'
) ENGINE=InnoDB DEFAULT CHARSET=latin1;

--
-- Dumping data for table `participations`
--

INSERT INTO `participations` (`participation_id`, `team_id`, `category_challenge_id`, `score`, `notes`, `missing_equipment_items`, `missing_footwear`, `abandonment`, `minimum_distance_penalty`) VALUES
(1, 82, 3, NULL, NULL, 0, 0, 0, 0),
(2, 79, 3, NULL, NULL, 0, 0, 0, 0),
(3, 80, 3, NULL, NULL, 0, 0, 0, 0),
(4, 76, 3, NULL, NULL, 0, 0, 1, 0),
(5, 83, 3, NULL, NULL, 0, 0, 0, 0),
(6, 87, 3, NULL, NULL, 0, 0, 0, 0),
(7, 78, 3, NULL, NULL, 0, 0, 0, 0),
(8, 74, 3, NULL, NULL, 0, 0, 0, 0),
(9, 86, 3, NULL, NULL, 0, 0, 0, 0),
(10, 75, 3, NULL, NULL, 0, 0, 0, 0),
(11, 81, 3, NULL, NULL, 0, 0, 0, 0),
(12, 85, 3, NULL, NULL, 0, 0, 0, 0),
(13, 73, 3, NULL, NULL, 0, 0, 0, 0),
(14, 77, 3, NULL, NULL, 0, 0, 0, 0),
(15, 84, 3, NULL, NULL, 0, 0, 0, 0),
(16, 89, 3, NULL, NULL, 0, 0, 1, 0),
(17, 88, 3, NULL, NULL, 0, 0, 1, 0),
(18, 49, 1, NULL, NULL, 0, 0, 0, 0),
(20, 57, 1, NULL, NULL, 0, 0, 0, 0),
(21, 56, 1, NULL, NULL, 0, 0, 0, 0),
(22, 42, 1, NULL, NULL, 0, 0, 0, 0),
(24, 55, 1, NULL, NULL, 0, 0, 0, 0),
(26, 44, 1, NULL, NULL, 0, 0, 0, 0),
(27, 62, 1, NULL, NULL, 0, 0, 0, 0),
(28, 54, 1, NULL, NULL, 0, 0, 0, 0),
(29, 60, 1, NULL, NULL, 0, 0, 0, 0),
(30, 59, 1, NULL, NULL, 0, 0, 0, 0),
(31, 48, 1, NULL, NULL, 0, 0, 0, 0),
(32, 53, 1, NULL, NULL, 0, 0, 0, 0),
(33, 61, 1, NULL, NULL, 0, 0, 0, 0),
(35, 94, 1, NULL, NULL, 0, 0, 0, 0),
(36, 43, 1, NULL, NULL, 0, 0, 1, 0),
(42, 7, 4, NULL, NULL, 0, 0, 0, 0),
(43, 15, 4, NULL, NULL, 0, 0, 0, 0),
(44, 5, 4, NULL, NULL, 0, 0, 0, 0),
(45, 10, 4, NULL, NULL, 0, 0, 1, 0),
(46, 11, 4, NULL, NULL, 0, 0, 0, 0),
(47, 13, 4, NULL, NULL, 0, 0, 0, 0),
(48, 8, 4, NULL, NULL, 0, 0, 0, 0),
(49, 4, 4, NULL, NULL, 0, 0, 0, 0),
(50, 16, 4, NULL, NULL, 0, 0, 0, 0),
(51, 9, 4, NULL, NULL, 0, 0, 0, 0),
(52, 2, 4, NULL, NULL, 0, 0, 0, 0),
(53, 19, 4, NULL, NULL, 0, 0, 0, 0),
(54, 18, 4, NULL, NULL, 0, 0, 1, 0),
(55, 3, 4, NULL, NULL, 0, 0, 0, 0),
(56, 17, 4, NULL, NULL, 0, 0, 0, 0),
(57, 14, 4, NULL, NULL, 0, 0, 0, 0),
(58, 97, 4, NULL, NULL, 0, 0, 1, 0),
(59, 6, 4, NULL, NULL, 0, 0, 1, 0),
(60, 12, 4, NULL, NULL, 0, 0, 1, 0),
(61, 28, 7, NULL, NULL, 0, 0, 1, 0),
(62, 20, 7, NULL, NULL, 0, 0, 0, 0),
(63, 22, 7, NULL, NULL, 0, 0, 0, 0),
(64, 26, 7, NULL, NULL, 0, 0, 0, 0),
(65, 24, 7, NULL, NULL, 0, 0, 0, 0),
(66, 25, 7, NULL, NULL, 0, 0, 0, 0),
(67, 21, 7, NULL, NULL, 0, 0, 0, 0),
(68, 27, 7, NULL, NULL, 0, 0, 0, 0),
(69, 23, 7, NULL, NULL, 0, 0, 0, 0),
(70, 29, 7, NULL, NULL, 0, 0, 0, 0),
(71, 30, 7, NULL, NULL, 0, 0, 0, 0),
(72, 91, 5, NULL, NULL, 0, 0, 0, 0),
(73, 90, 5, NULL, NULL, 0, 0, 0, 0),
(74, 92, 5, NULL, NULL, 0, 0, 0, 0),
(75, 36, 6, NULL, NULL, 0, 0, 0, 0),
(76, 40, 6, NULL, NULL, 0, 0, 0, 0),
(77, 95, 6, NULL, NULL, 0, 0, 0, 0),
(78, 38, 6, NULL, NULL, 0, 0, 0, 0),
(79, 39, 6, NULL, NULL, 0, 0, 0, 0),
(80, 32, 6, NULL, NULL, 0, 0, 0, 0),
(81, 34, 6, NULL, NULL, 0, 0, 0, 0),
(82, 33, 6, NULL, NULL, 0, 0, 0, 0),
(83, 35, 6, NULL, NULL, 0, 0, 0, 0),
(84, 37, 6, NULL, NULL, 0, 0, 0, 0),
(85, 31, 6, NULL, NULL, 0, 0, 0, 0),
(86, 64, 2, NULL, NULL, 0, 0, 0, 0),
(87, 72, 2, NULL, NULL, 0, 0, 0, 0),
(88, 69, 2, NULL, NULL, 0, 0, 0, 0),
(89, 67, 2, NULL, NULL, 0, 0, 1, 0),
(90, 65, 2, NULL, NULL, 0, 0, 0, 0),
(91, 66, 2, NULL, NULL, 0, 0, 0, 0),
(92, 71, 2, NULL, NULL, 0, 0, 0, 0),
(93, 96, 2, NULL, NULL, 0, 0, 0, 0),
(94, 70, 2, NULL, NULL, 0, 0, 0, 0),
(95, 68, 2, NULL, NULL, 0, 0, 0, 0),
(96, 98, 6, NULL, NULL, 0, 0, 1, 0),
(97, 99, 1, NULL, NULL, 0, 0, 1, 0),
(98, 100, 1, NULL, NULL, 0, 0, 1, 0),
(99, 101, 4, NULL, NULL, 0, 0, 1, 0),
(100, 102, 4, NULL, NULL, 0, 0, 1, 0),
(101, 103, 4, NULL, NULL, 0, 0, 1, 0),
(102, 104, 7, NULL, NULL, 0, 0, 1, 0);

-- --------------------------------------------------------

--
-- Table structure for table `participation_entries`
--

CREATE TABLE `participation_entries` (
  `entry_id` mediumint(8) UNSIGNED NOT NULL,
  `participation_id` mediumint(8) UNSIGNED NOT NULL,
  `station_id` mediumint(8) UNSIGNED DEFAULT NULL,
  `participant_name` varchar(255) DEFAULT NULL,
  `time` varchar(32) DEFAULT NULL,
  `time_start` varchar(32) DEFAULT NULL,
  `time_finish` varchar(32) DEFAULT NULL,
  `hits` tinyint(3) DEFAULT NULL
) ENGINE=InnoDB DEFAULT CHARSET=latin1;

--
-- Dumping data for table `participation_entries`
--

INSERT INTO `participation_entries` (`entry_id`, `participation_id`, `station_id`, `participant_name`, `time`, `time_start`, `time_finish`, `hits`) VALUES
(1, 1, 12, NULL, NULL, '11:25:00', '', NULL),
(2, 1, 13, NULL, NULL, '15:00:00', '14:31:00', NULL),
(3, 1, 14, NULL, NULL, '17:38:00', '17:13:00', NULL),
(4, 1, 15, NULL, NULL, NULL, NULL, 1),
(5, 1, 16, NULL, NULL, NULL, NULL, 1),
(6, 1, 17, NULL, NULL, NULL, NULL, 1),
(7, 1, 18, NULL, NULL, NULL, NULL, 1),
(8, 1, 19, NULL, NULL, '', '18:59:00', NULL),
(9, 2, 12, NULL, NULL, '11:44:00', '', NULL),
(10, 2, 13, NULL, NULL, '14:04:00', '13:34:00', NULL),
(11, 2, 14, NULL, NULL, '15:34:00', '15:19:00', NULL),
(12, 2, 15, NULL, NULL, NULL, NULL, 1),
(13, 2, 16, NULL, NULL, NULL, NULL, 1),
(14, 2, 17, NULL, NULL, NULL, NULL, 1),
(15, 2, 18, NULL, NULL, NULL, NULL, 1),
(16, 2, 19, NULL, NULL, '', '16:19:00', NULL),
(17, 3, 12, NULL, NULL, '11:00:00', '', NULL),
(18, 3, 13, NULL, NULL, '14:04:00', '13:34:00', NULL),
(19, 3, 14, NULL, NULL, '15:50:00', '15:35:00', NULL),
(20, 3, 15, NULL, NULL, NULL, NULL, 1),
(21, 3, 16, NULL, NULL, NULL, NULL, 1),
(22, 3, 17, NULL, NULL, NULL, NULL, 1),
(23, 3, 18, NULL, NULL, NULL, NULL, 1),
(24, 3, 19, NULL, NULL, '', '17:08:00', NULL),
(25, 4, 12, NULL, NULL, '', '', NULL),
(26, 4, 13, NULL, NULL, '', '', NULL),
(27, 4, 14, NULL, NULL, '', '', NULL),
(28, 4, 15, NULL, NULL, NULL, NULL, 1),
(29, 4, 16, NULL, NULL, NULL, NULL, 1),
(30, 4, 17, NULL, NULL, NULL, NULL, 1),
(31, 4, 18, NULL, NULL, NULL, NULL, 1),
(32, 4, 19, NULL, NULL, '', '', NULL),
(33, 5, 12, NULL, NULL, '11:06:00', '', NULL),
(34, 5, 13, NULL, NULL, '14:14:00', '13:44:00', NULL),
(35, 5, 14, NULL, NULL, '16:14:00', '16:10:00', NULL),
(36, 5, 15, NULL, NULL, NULL, NULL, 1),
(37, 5, 16, NULL, NULL, NULL, NULL, 1),
(38, 5, 17, NULL, NULL, NULL, NULL, 1),
(39, 5, 18, NULL, NULL, NULL, NULL, 1),
(40, 5, 19, NULL, NULL, '', '17:26:00', NULL),
(41, 6, 12, NULL, NULL, '11:36:00', '', NULL),
(42, 6, 13, NULL, NULL, '14:29:00', '13:59:00', NULL),
(43, 6, 14, NULL, NULL, '16:07:00', '15:52:00', NULL),
(44, 6, 15, NULL, NULL, NULL, NULL, 1),
(45, 6, 16, NULL, NULL, NULL, NULL, 1),
(46, 6, 17, NULL, NULL, NULL, NULL, 1),
(47, 6, 18, NULL, NULL, NULL, NULL, 1),
(48, 6, 19, NULL, NULL, '', '17:08:00', NULL),
(49, 7, 12, NULL, NULL, '11:10:00', '', NULL),
(50, 7, 13, NULL, NULL, '13:34:00', '13:04:00', NULL),
(51, 7, 14, NULL, NULL, '15:08:00', '14:53:00', NULL),
(52, 7, 15, NULL, NULL, NULL, NULL, 1),
(53, 7, 16, NULL, NULL, NULL, NULL, 1),
(54, 7, 17, NULL, NULL, NULL, NULL, 1),
(55, 7, 18, NULL, NULL, NULL, NULL, 1),
(56, 7, 19, NULL, NULL, '', '16:14:00', NULL),
(57, 8, 12, NULL, NULL, '10:53:00', '', NULL),
(58, 8, 13, NULL, NULL, '13:13:00', '12:56:00', NULL),
(59, 8, 14, NULL, NULL, '14:50:00', '14:40:00', NULL),
(60, 8, 15, NULL, NULL, NULL, NULL, 1),
(61, 8, 16, NULL, NULL, NULL, NULL, 1),
(62, 8, 17, NULL, NULL, NULL, NULL, 1),
(63, 8, 18, NULL, NULL, NULL, NULL, 1),
(64, 8, 19, NULL, NULL, '', '15:58:00', NULL),
(65, 9, 12, NULL, NULL, '11:16:00', '', NULL),
(66, 9, 13, NULL, NULL, '13:24:00', '12:54:00', NULL),
(67, 9, 14, NULL, NULL, '14:44:00', '14:29:00', NULL),
(68, 9, 15, NULL, NULL, NULL, NULL, 1),
(69, 9, 16, NULL, NULL, NULL, NULL, 1),
(70, 9, 17, NULL, NULL, NULL, NULL, 1),
(71, 9, 18, NULL, NULL, NULL, NULL, 1),
(72, 9, 19, NULL, NULL, '', '15:32:00', NULL),
(73, 10, 12, NULL, NULL, '10:59:00', '', NULL),
(74, 10, 13, NULL, NULL, '12:50:00', '12:33:00', NULL),
(75, 10, 14, NULL, NULL, '13:59:00', '13:44:00', NULL),
(76, 10, 15, NULL, NULL, NULL, NULL, 1),
(77, 10, 16, NULL, NULL, NULL, NULL, 1),
(78, 10, 17, NULL, NULL, NULL, NULL, 1),
(79, 10, 18, NULL, NULL, NULL, NULL, 1),
(80, 10, 19, NULL, NULL, '', '14:37:00', NULL),
(81, 11, 12, NULL, NULL, '10:59:00', '', NULL),
(82, 11, 13, NULL, NULL, '12:45:00', '12:25:00', NULL),
(83, 11, 14, NULL, NULL, '13:47:00', '13:32:00', NULL),
(84, 11, 15, NULL, NULL, NULL, NULL, 1),
(85, 11, 16, NULL, NULL, NULL, NULL, 1),
(86, 11, 17, NULL, NULL, NULL, NULL, 1),
(87, 11, 18, NULL, NULL, NULL, NULL, 1),
(88, 11, 19, NULL, NULL, '', '14:24:00', NULL),
(89, 12, 12, NULL, NULL, '11:05:00', '', NULL),
(90, 12, 13, NULL, NULL, '12:51:00', '12:21:00', NULL),
(91, 12, 14, NULL, NULL, '13:52:00', '13:37:00', NULL),
(92, 12, 15, NULL, NULL, NULL, NULL, 1),
(93, 12, 16, NULL, NULL, NULL, NULL, 1),
(94, 12, 17, NULL, NULL, NULL, NULL, 1),
(95, 12, 18, NULL, NULL, NULL, NULL, 1),
(96, 12, 19, NULL, NULL, '', '14:27:00', NULL),
(97, 13, 12, NULL, NULL, '11:40:00', '', NULL),
(98, 13, 13, NULL, NULL, '15:03:00', '14:41:00', NULL),
(99, 13, 14, NULL, NULL, '17:25:00', '17:20:00', NULL),
(100, 13, 15, NULL, NULL, NULL, NULL, 0),
(101, 13, 16, NULL, NULL, NULL, NULL, 1),
(102, 13, 17, NULL, NULL, NULL, NULL, 1),
(103, 13, 18, NULL, NULL, NULL, NULL, 1),
(104, 13, 19, NULL, NULL, '', '19:02:00', NULL),
(105, 14, 12, NULL, NULL, '11:06:00', '', NULL),
(106, 14, 13, NULL, NULL, '15:00:00', '14:30:00', NULL),
(107, 14, 14, NULL, NULL, '17:28:00', '17:13:00', NULL),
(108, 14, 15, NULL, NULL, NULL, NULL, 1),
(109, 14, 16, NULL, NULL, NULL, NULL, 1),
(110, 14, 17, NULL, NULL, NULL, NULL, 1),
(111, 14, 18, NULL, NULL, NULL, NULL, 1),
(112, 14, 19, NULL, NULL, '', '19:02:00', NULL),
(113, 15, 12, NULL, NULL, '11:25:00', '', NULL),
(114, 15, 13, NULL, NULL, '15:14:00', '15:01:00', NULL),
(115, 15, 14, NULL, NULL, '17:34:00', '17:26:00', NULL),
(116, 15, 15, NULL, NULL, NULL, NULL, 1),
(117, 15, 16, NULL, NULL, NULL, NULL, 1),
(118, 15, 17, NULL, NULL, NULL, NULL, 1),
(119, 15, 18, NULL, NULL, NULL, NULL, 1),
(120, 15, 19, NULL, NULL, '', '19:04:00', NULL),
(121, 16, 12, NULL, NULL, '', '', NULL),
(122, 16, 13, NULL, NULL, '', '', NULL),
(123, 16, 14, NULL, NULL, '', '', NULL),
(124, 16, 15, NULL, NULL, NULL, NULL, 1),
(125, 16, 16, NULL, NULL, NULL, NULL, 1),
(126, 16, 17, NULL, NULL, NULL, NULL, 1),
(127, 16, 18, NULL, NULL, NULL, NULL, 1),
(128, 16, 19, NULL, NULL, '', '', NULL),
(129, 17, 12, NULL, NULL, '', '', NULL),
(130, 17, 13, NULL, NULL, '', '', NULL),
(131, 17, 14, NULL, NULL, '', '', NULL),
(132, 17, 15, NULL, NULL, NULL, NULL, 1),
(133, 17, 16, NULL, NULL, NULL, NULL, 1),
(134, 17, 17, NULL, NULL, NULL, NULL, 1),
(135, 17, 18, NULL, NULL, NULL, NULL, 1),
(136, 17, 19, NULL, NULL, '', '', NULL),
(137, 18, 1, NULL, NULL, '10:54:00', '', NULL),
(138, 18, 2, NULL, NULL, '12:41:00', '12:11:00', NULL),
(139, 18, 3, NULL, NULL, '', '13:23:00', NULL),
(143, 20, 1, NULL, NULL, '11:01:00', '', NULL),
(144, 20, 2, NULL, NULL, '12:44:00', '12:14:00', NULL),
(145, 20, 3, NULL, NULL, '', '13:23:00', NULL),
(146, 21, 1, NULL, NULL, '11:07:00', '', NULL),
(147, 21, 2, NULL, NULL, '13:05:00', '12:35:00', NULL),
(148, 21, 3, NULL, NULL, '', '13:58:00', NULL),
(149, 22, 1, NULL, NULL, '10:40:00', '', NULL),
(150, 22, 2, NULL, NULL, '13:01:00', '12:31:00', NULL),
(151, 22, 3, NULL, NULL, '', '13:58:00', NULL),
(155, 24, 1, NULL, NULL, '10:44:00', '', NULL),
(156, 24, 2, NULL, NULL, '13:11:00', '12:41:00', NULL),
(157, 24, 3, NULL, NULL, '', '14:21:00', NULL),
(161, 26, 1, NULL, NULL, '11:23:00', '', NULL),
(162, 26, 2, NULL, NULL, '13:31:00', '13:01:00', NULL),
(163, 26, 3, NULL, NULL, '', '14:17:00', NULL),
(164, 27, 1, NULL, NULL, '11:05:00', '', NULL),
(165, 27, 2, NULL, NULL, '13:16:00', '12:46:00', NULL),
(166, 27, 3, NULL, NULL, '', '14:07:00', NULL),
(167, 28, 1, NULL, NULL, '10:58:00', '', NULL),
(168, 28, 2, NULL, NULL, '13:24:00', '12:54:00', NULL),
(169, 28, 3, NULL, NULL, '', '14:34:00', NULL),
(170, 29, 1, NULL, NULL, '11:21:00', '', NULL),
(171, 29, 2, NULL, NULL, '14:05:00', '13:35:00', NULL),
(172, 29, 3, NULL, NULL, '', '14:54:00', NULL),
(173, 30, 1, NULL, NULL, '11:25:00', '', NULL),
(174, 30, 2, NULL, NULL, '13:40:00', '13:10:00', NULL),
(175, 30, 3, NULL, NULL, '', '14:54:00', NULL),
(176, 31, 1, NULL, NULL, '10:10:00', '', NULL),
(177, 31, 2, NULL, NULL, '13:50:00', '13:20:00', NULL),
(178, 31, 3, NULL, NULL, '', '15:10:00', NULL),
(179, 32, 1, NULL, NULL, '11:29:00', '', NULL),
(180, 32, 2, NULL, NULL, '13:53:00', '13:23:00', NULL),
(181, 32, 3, NULL, NULL, '', '15:09:00', NULL),
(182, 33, 1, NULL, NULL, '11:26:00', '', NULL),
(183, 33, 2, NULL, NULL, '13:54:00', '13:24:00', NULL),
(184, 33, 3, NULL, NULL, '', '15:09:00', NULL),
(188, 35, 1, NULL, NULL, '11:01:00', '', NULL),
(189, 35, 2, NULL, NULL, '13:18:00', '12:48:00', NULL),
(190, 35, 3, NULL, NULL, '', '14:17:00', NULL),
(191, 36, 1, NULL, NULL, '', '', NULL),
(192, 36, 2, NULL, NULL, '', '', NULL),
(193, 36, 3, NULL, NULL, '', '', NULL),
(209, 42, 20, NULL, NULL, '10:49:00', '', NULL),
(210, 42, 21, NULL, NULL, '14:09:00', '13:39:00', NULL),
(211, 42, 22, NULL, NULL, '16:55:00', '16:40:00', NULL),
(212, 42, 23, NULL, NULL, NULL, NULL, 1),
(213, 42, 24, NULL, NULL, NULL, NULL, 1),
(214, 42, 25, NULL, NULL, NULL, NULL, 1),
(215, 42, 26, NULL, NULL, NULL, NULL, 1),
(216, 42, 27, NULL, NULL, '', '18:33:00', NULL),
(217, 43, 20, NULL, NULL, '09:37:00', '', NULL),
(218, 43, 21, NULL, NULL, '12:36:00', '12:07:00', NULL),
(219, 43, 22, NULL, NULL, '14:00:00', '13:57:00', NULL),
(220, 43, 23, NULL, NULL, NULL, NULL, 1),
(221, 43, 24, NULL, NULL, NULL, NULL, 1),
(222, 43, 25, NULL, NULL, NULL, NULL, 1),
(223, 43, 26, NULL, NULL, NULL, NULL, 1),
(224, 43, 27, NULL, NULL, '', '15:01:00', NULL),
(225, 44, 20, NULL, NULL, '08:59:00', '', NULL),
(226, 44, 21, NULL, NULL, '11:56:00', '11:26:00', NULL),
(227, 44, 22, NULL, NULL, '13:33:00', '13:30:00', NULL),
(228, 44, 23, NULL, NULL, NULL, NULL, 1),
(229, 44, 24, NULL, NULL, NULL, NULL, 1),
(230, 44, 25, NULL, NULL, NULL, NULL, 1),
(231, 44, 26, NULL, NULL, NULL, NULL, 1),
(232, 44, 27, NULL, NULL, '', '14:43:00', NULL),
(233, 45, 20, NULL, NULL, '08:38:00', '', NULL),
(234, 45, 21, NULL, NULL, '11:57:00', '11:27:00', NULL),
(235, 45, 22, NULL, NULL, '13:46:00', '13:31:00', NULL),
(236, 45, 23, NULL, NULL, NULL, NULL, 1),
(237, 45, 24, NULL, NULL, NULL, NULL, 1),
(238, 45, 25, NULL, NULL, NULL, NULL, 1),
(239, 45, 26, NULL, NULL, NULL, NULL, 1),
(240, 45, 27, NULL, NULL, '', '14:54:00', NULL),
(241, 46, 20, NULL, NULL, '09:03:00', '', NULL),
(242, 46, 21, NULL, NULL, '12:10:00', '11:40:00', NULL),
(243, 46, 22, NULL, NULL, '13:51:00', '13:36:00', NULL),
(244, 46, 23, NULL, NULL, NULL, NULL, 1),
(245, 46, 24, NULL, NULL, NULL, NULL, 1),
(246, 46, 25, NULL, NULL, NULL, NULL, 1),
(247, 46, 26, NULL, NULL, NULL, NULL, 1),
(248, 46, 27, NULL, NULL, '', '15:04:00', NULL),
(249, 47, 20, NULL, NULL, '09:17:00', '', NULL),
(250, 47, 21, NULL, NULL, '12:14:00', '11:44:00', NULL),
(251, 47, 22, NULL, NULL, '13:55:00', '13:40:00', NULL),
(252, 47, 23, NULL, NULL, NULL, NULL, 1),
(253, 47, 24, NULL, NULL, NULL, NULL, 1),
(254, 47, 25, NULL, NULL, NULL, NULL, 1),
(255, 47, 26, NULL, NULL, NULL, NULL, 1),
(256, 47, 27, NULL, NULL, '', '15:53:00', NULL),
(257, 48, 20, NULL, NULL, '09:03:00', '', NULL),
(258, 48, 21, NULL, NULL, '12:21:00', '11:51:00', NULL),
(259, 48, 22, NULL, NULL, '14:18:00', '14:08:00', NULL),
(260, 48, 23, NULL, NULL, NULL, NULL, 1),
(261, 48, 24, NULL, NULL, NULL, NULL, 1),
(262, 48, 25, NULL, NULL, NULL, NULL, 1),
(263, 48, 26, NULL, NULL, NULL, NULL, 1),
(264, 48, 27, NULL, NULL, '', '15:50:00', NULL),
(265, 49, 20, NULL, NULL, '08:38:00', '', NULL),
(266, 49, 21, NULL, NULL, '11:57:00', '11:27:00', NULL),
(267, 49, 22, NULL, NULL, '13:46:00', '13:31:00', NULL),
(268, 49, 23, NULL, NULL, NULL, NULL, 1),
(269, 49, 24, NULL, NULL, NULL, NULL, 1),
(270, 49, 25, NULL, NULL, NULL, NULL, 1),
(271, 49, 26, NULL, NULL, NULL, NULL, 1),
(272, 49, 27, NULL, NULL, '', '14:54:00', NULL),
(273, 50, 20, NULL, NULL, '09:27:00', '', NULL),
(274, 50, 21, NULL, NULL, '12:52:00', '12:22:00', NULL),
(275, 50, 22, NULL, NULL, '14:46:00', '14:41:00', NULL),
(276, 50, 23, NULL, NULL, NULL, NULL, 0),
(277, 50, 24, NULL, NULL, NULL, NULL, 1),
(278, 50, 25, NULL, NULL, NULL, NULL, 1),
(279, 50, 26, NULL, NULL, NULL, NULL, 1),
(280, 50, 27, NULL, NULL, '', '16:05:00', NULL),
(281, 51, 20, NULL, NULL, '09:10:00', '', NULL),
(282, 51, 21, NULL, NULL, '12:21:00', '11:51:00', NULL),
(283, 51, 22, NULL, NULL, '14:26:00', '14:11:00', NULL),
(284, 51, 23, NULL, NULL, NULL, NULL, 1),
(285, 51, 24, NULL, NULL, NULL, NULL, 1),
(286, 51, 25, NULL, NULL, NULL, NULL, 1),
(287, 51, 26, NULL, NULL, NULL, NULL, 1),
(288, 51, 27, NULL, NULL, '', '16:05:00', NULL),
(289, 52, 20, NULL, NULL, '09:21:00', '', NULL),
(290, 52, 21, NULL, NULL, '12:27:00', '11:57:00', NULL),
(291, 52, 22, NULL, NULL, '15:12:00', '14:57:00', NULL),
(292, 52, 23, NULL, NULL, NULL, NULL, 1),
(293, 52, 24, NULL, NULL, NULL, NULL, 1),
(294, 52, 25, NULL, NULL, NULL, NULL, 1),
(295, 52, 26, NULL, NULL, NULL, NULL, 1),
(296, 52, 27, NULL, NULL, '', '16:40:00', NULL),
(297, 53, 20, NULL, NULL, '10:47:00', '', NULL),
(298, 53, 21, NULL, NULL, '13:28:00', '13:06:00', NULL),
(299, 53, 22, NULL, NULL, '15:38:00', '15:28:00', NULL),
(300, 53, 23, NULL, NULL, NULL, NULL, 1),
(301, 53, 24, NULL, NULL, NULL, NULL, 1),
(302, 53, 25, NULL, NULL, NULL, NULL, 1),
(303, 53, 26, NULL, NULL, NULL, NULL, 1),
(304, 53, 27, NULL, NULL, '', '17:15:00', NULL),
(305, 54, 20, NULL, NULL, '', '', NULL),
(306, 54, 21, NULL, NULL, '', '', NULL),
(307, 54, 22, NULL, NULL, '', '', NULL),
(308, 54, 23, NULL, NULL, NULL, NULL, 1),
(309, 54, 24, NULL, NULL, NULL, NULL, 1),
(310, 54, 25, NULL, NULL, NULL, NULL, 1),
(311, 54, 26, NULL, NULL, NULL, NULL, 1),
(312, 54, 27, NULL, NULL, '', '', NULL),
(313, 55, 20, NULL, NULL, '09:05:00', '', NULL),
(314, 55, 21, NULL, NULL, '12:55:00', '12:25:00', NULL),
(315, 55, 22, NULL, NULL, '15:12:00', '14:57:00', NULL),
(316, 55, 23, NULL, NULL, NULL, NULL, 1),
(317, 55, 24, NULL, NULL, NULL, NULL, 1),
(318, 55, 25, NULL, NULL, NULL, NULL, 1),
(319, 55, 26, NULL, NULL, NULL, NULL, 1),
(320, 55, 27, NULL, NULL, '', '17:23:00', NULL),
(321, 56, 20, NULL, NULL, '09:28:00', '', NULL),
(322, 56, 21, NULL, NULL, '13:06:00', '12:56:00', NULL),
(323, 56, 22, NULL, NULL, '15:39:00', '15:38:00', NULL),
(324, 56, 23, NULL, NULL, NULL, NULL, 1),
(325, 56, 24, NULL, NULL, NULL, NULL, 1),
(326, 56, 25, NULL, NULL, NULL, NULL, 1),
(327, 56, 26, NULL, NULL, NULL, NULL, 1),
(328, 56, 27, NULL, NULL, '', '17:23:00', NULL),
(329, 57, 20, NULL, NULL, '09:42:00', '', NULL),
(330, 57, 21, NULL, NULL, '13:51:00', '13:21:00', NULL),
(331, 57, 22, NULL, NULL, '16:14:00', '15:59:00', NULL),
(332, 57, 23, NULL, NULL, NULL, NULL, 0),
(333, 57, 24, NULL, NULL, NULL, NULL, 0),
(334, 57, 25, NULL, NULL, NULL, NULL, 1),
(335, 57, 26, NULL, NULL, NULL, NULL, 1),
(336, 57, 27, NULL, NULL, '', '17:59:ss', NULL),
(337, 58, 20, NULL, NULL, '', '', NULL),
(338, 58, 21, NULL, NULL, '', '', NULL),
(339, 58, 22, NULL, NULL, '', '', NULL),
(340, 58, 23, NULL, NULL, NULL, NULL, 1),
(341, 58, 24, NULL, NULL, NULL, NULL, 1),
(342, 58, 25, NULL, NULL, NULL, NULL, 1),
(343, 58, 26, NULL, NULL, NULL, NULL, 1),
(344, 58, 27, NULL, NULL, '', '', NULL),
(345, 59, 20, NULL, NULL, '', '', NULL),
(346, 59, 21, NULL, NULL, '', '', NULL),
(347, 59, 22, NULL, NULL, '', '', NULL),
(348, 59, 23, NULL, NULL, NULL, NULL, 1),
(349, 59, 24, NULL, NULL, NULL, NULL, 1),
(350, 59, 25, NULL, NULL, NULL, NULL, 1),
(351, 59, 26, NULL, NULL, NULL, NULL, 1),
(352, 59, 27, NULL, NULL, '', '', NULL),
(353, 60, 20, NULL, NULL, '', '', NULL),
(354, 60, 21, NULL, NULL, '', '', NULL),
(355, 60, 22, NULL, NULL, '', '', NULL),
(356, 60, 23, NULL, NULL, NULL, NULL, 1),
(357, 60, 24, NULL, NULL, NULL, NULL, 1),
(358, 60, 25, NULL, NULL, NULL, NULL, 1),
(359, 60, 26, NULL, NULL, NULL, NULL, 1),
(360, 60, 27, NULL, NULL, '', '', NULL),
(361, 61, 44, NULL, NULL, '', '', NULL),
(362, 61, 45, NULL, NULL, '', '', NULL),
(363, 61, 46, NULL, NULL, '', '', NULL),
(364, 61, 47, NULL, NULL, NULL, NULL, 1),
(365, 61, 48, NULL, NULL, NULL, NULL, 1),
(366, 61, 49, NULL, NULL, NULL, NULL, 1),
(367, 61, 50, NULL, NULL, NULL, NULL, 1),
(368, 61, 51, NULL, NULL, '', '', NULL),
(369, 62, 44, NULL, NULL, '10:56:00', '', NULL),
(370, 62, 45, NULL, NULL, '13:13:00', '12:43:00', NULL),
(371, 62, 46, NULL, NULL, '14:32:00', '14:17:00', NULL),
(372, 62, 47, NULL, NULL, NULL, NULL, 1),
(373, 62, 48, NULL, NULL, NULL, NULL, 1),
(374, 62, 49, NULL, NULL, NULL, NULL, 1),
(375, 62, 50, NULL, NULL, NULL, NULL, 1),
(376, 62, 51, NULL, NULL, '', '15:30:00', NULL),
(377, 63, 44, NULL, NULL, '10:42:00', '', NULL),
(378, 63, 45, NULL, NULL, '13:11:00', '12:42:00', NULL),
(379, 63, 46, NULL, NULL, '14:42:00', '14:27:00', NULL),
(380, 63, 47, NULL, NULL, NULL, NULL, 1),
(381, 63, 48, NULL, NULL, NULL, NULL, 1),
(382, 63, 49, NULL, NULL, NULL, NULL, 1),
(383, 63, 50, NULL, NULL, NULL, NULL, 1),
(384, 63, 51, NULL, NULL, '', '15:45:00', NULL),
(385, 64, 44, NULL, NULL, '10:43:00', '', NULL),
(386, 64, 45, NULL, NULL, '13:27:00', '12:57:00', NULL),
(387, 64, 46, NULL, NULL, '14:52:00', '14:46:00', NULL),
(388, 64, 47, NULL, NULL, NULL, NULL, 1),
(389, 64, 48, NULL, NULL, NULL, NULL, 1),
(390, 64, 49, NULL, NULL, NULL, NULL, 1),
(391, 64, 50, NULL, NULL, NULL, NULL, 1),
(392, 64, 51, NULL, NULL, '', '15:54:00', NULL),
(393, 65, 44, NULL, NULL, '10:45:00', '', NULL),
(394, 65, 45, NULL, NULL, '14:35:00', '14:05:00', NULL),
(395, 65, 46, NULL, NULL, '17:24:00', '17:22:00', NULL),
(396, 65, 47, NULL, NULL, NULL, NULL, 1),
(397, 65, 48, NULL, NULL, NULL, NULL, 1),
(398, 65, 49, NULL, NULL, NULL, NULL, 1),
(399, 65, 50, NULL, NULL, NULL, NULL, 1),
(400, 65, 51, NULL, NULL, '', '19:07:00', NULL),
(401, 66, 44, NULL, NULL, '10:37:00', '', NULL),
(402, 66, 45, NULL, NULL, '13:22:00', '13:02:00', NULL),
(403, 66, 46, NULL, NULL, '14:56:00', '14:41:00', NULL),
(404, 66, 47, NULL, NULL, NULL, NULL, 1),
(405, 66, 48, NULL, NULL, NULL, NULL, 1),
(406, 66, 49, NULL, NULL, NULL, NULL, 1),
(407, 66, 50, NULL, NULL, NULL, NULL, 1),
(408, 66, 51, NULL, NULL, '', '15:54:00', NULL),
(409, 67, 44, NULL, NULL, '10:54:00', '', NULL),
(410, 67, 45, NULL, NULL, '13:31:00', '13:01:00', NULL),
(411, 67, 46, NULL, NULL, '15:00:00', '14:46:00', NULL),
(412, 67, 47, NULL, NULL, NULL, NULL, 1),
(413, 67, 48, NULL, NULL, NULL, NULL, 1),
(414, 67, 49, NULL, NULL, NULL, NULL, 1),
(415, 67, 50, NULL, NULL, NULL, NULL, 1),
(416, 67, 51, NULL, NULL, '', '16:05:00', NULL),
(417, 68, 44, NULL, NULL, '10:52:00', '', NULL),
(418, 68, 45, NULL, NULL, '13:23:00', '12:56:00', NULL),
(419, 68, 46, NULL, NULL, '15:08:00', '15:01:00', NULL),
(420, 68, 47, NULL, NULL, NULL, NULL, 1),
(421, 68, 48, NULL, NULL, NULL, NULL, 1),
(422, 68, 49, NULL, NULL, NULL, NULL, 1),
(423, 68, 50, NULL, NULL, NULL, NULL, 1),
(424, 68, 51, NULL, NULL, '', '16:25:00', NULL),
(425, 69, 44, NULL, NULL, '11:05:00', '', NULL),
(426, 69, 45, NULL, NULL, '13:50:00', '13:26:00', NULL),
(427, 69, 46, NULL, NULL, '15:20:00', '15:19:00', NULL),
(428, 69, 47, NULL, NULL, NULL, NULL, 1),
(429, 69, 48, NULL, NULL, NULL, NULL, 1),
(430, 69, 49, NULL, NULL, NULL, NULL, 1),
(431, 69, 50, NULL, NULL, NULL, NULL, 1),
(432, 69, 51, NULL, NULL, '', '16:34:00', NULL),
(433, 70, 44, NULL, NULL, '10:48:00', '', NULL),
(434, 70, 45, NULL, NULL, '14:48:00', '14:18:00', NULL),
(435, 70, 46, NULL, NULL, '17:32:00', '17:22:00', NULL),
(436, 70, 47, NULL, NULL, NULL, NULL, 1),
(437, 70, 48, NULL, NULL, NULL, NULL, 1),
(438, 70, 49, NULL, NULL, NULL, NULL, 1),
(439, 70, 50, NULL, NULL, NULL, NULL, 1),
(440, 70, 51, NULL, NULL, '', '19:09:00', NULL),
(441, 71, 44, NULL, NULL, '11:10:00', '', NULL),
(442, 71, 45, NULL, NULL, '13:52:00', '13:32:00', NULL),
(443, 71, 46, NULL, NULL, '15:37:00', '15:27:00', NULL),
(444, 71, 47, NULL, NULL, NULL, NULL, 1),
(445, 71, 48, NULL, NULL, NULL, NULL, 1),
(446, 71, 49, NULL, NULL, NULL, NULL, 1),
(447, 71, 50, NULL, NULL, NULL, NULL, 1),
(448, 71, 51, NULL, NULL, '', '16:52:00', NULL),
(449, 72, 28, NULL, NULL, '09:25:00', '', NULL),
(450, 72, 29, NULL, NULL, '12:34:00', '12:17:00', NULL),
(451, 72, 30, NULL, NULL, '14:00:00', '13:55:00', NULL),
(452, 72, 31, NULL, NULL, NULL, NULL, 1),
(453, 72, 32, NULL, NULL, NULL, NULL, 1),
(454, 72, 33, NULL, NULL, NULL, NULL, 1),
(455, 72, 34, NULL, NULL, NULL, NULL, 1),
(456, 72, 35, NULL, NULL, '', '15:02:00', NULL),
(457, 73, 28, NULL, NULL, '09:24:00', '', NULL),
(458, 73, 29, NULL, NULL, '12:27:00', '11:57:00', NULL),
(459, 73, 30, NULL, NULL, '14:16:00', '14:01:00', NULL),
(460, 73, 31, NULL, NULL, NULL, NULL, 1),
(461, 73, 32, NULL, NULL, NULL, NULL, 1),
(462, 73, 33, NULL, NULL, NULL, NULL, 1),
(463, 73, 34, NULL, NULL, NULL, NULL, 1),
(464, 73, 35, NULL, NULL, '', '15:32:00', NULL),
(465, 74, 28, NULL, NULL, '10:03:00', '', NULL),
(466, 74, 29, NULL, NULL, '13:26:00', '12:56:00', NULL),
(467, 74, 30, NULL, NULL, '15:45:00', '15:44:00', NULL),
(468, 74, 31, NULL, NULL, NULL, NULL, 1),
(469, 74, 32, NULL, NULL, NULL, NULL, 1),
(470, 74, 33, NULL, NULL, NULL, NULL, 1),
(471, 74, 34, NULL, NULL, NULL, NULL, 1),
(472, 74, 35, NULL, NULL, '', '17:48:00', NULL),
(473, 75, 36, NULL, NULL, '10:59:00', '', NULL),
(474, 75, 37, NULL, NULL, '15:00:00', '14:35:00', NULL),
(475, 75, 38, NULL, NULL, '17:27:00', '17:12:00', NULL),
(476, 75, 39, NULL, NULL, NULL, NULL, 1),
(477, 75, 40, NULL, NULL, NULL, NULL, 1),
(478, 75, 41, NULL, NULL, NULL, NULL, 1),
(479, 75, 42, NULL, NULL, NULL, NULL, 1),
(480, 75, 43, NULL, NULL, '', '19:03:00', NULL),
(481, 76, 36, NULL, NULL, '10:46:00', '', NULL),
(482, 76, 37, NULL, NULL, '13:27:00', '13:06:00', NULL),
(483, 76, 38, NULL, NULL, '15:36:00', '15:26:00', NULL),
(484, 76, 39, NULL, NULL, NULL, NULL, 1),
(485, 76, 40, NULL, NULL, NULL, NULL, 1),
(486, 76, 41, NULL, NULL, NULL, NULL, 1),
(487, 76, 42, NULL, NULL, NULL, NULL, 1),
(488, 76, 43, NULL, NULL, '', '16:38:00', NULL),
(489, 77, 36, NULL, NULL, '10:47:00', '', NULL),
(490, 77, 37, NULL, NULL, '13:58:00', '13:28:00', NULL),
(491, 77, 38, NULL, NULL, '16:07:00', '15:52:00', NULL),
(492, 77, 39, NULL, NULL, NULL, NULL, 0),
(493, 77, 40, NULL, NULL, NULL, NULL, 1),
(494, 77, 41, NULL, NULL, NULL, NULL, 1),
(495, 77, 42, NULL, NULL, NULL, NULL, 1),
(496, 77, 43, NULL, NULL, '', '17:41:00', NULL),
(497, 78, 36, NULL, NULL, '10:06:00', '', NULL),
(498, 78, 37, NULL, NULL, '13:31:00', '13:01:00', NULL),
(499, 78, 38, NULL, NULL, '15:41:00', '15:26:00', NULL),
(500, 78, 39, NULL, NULL, NULL, NULL, 1),
(501, 78, 40, NULL, NULL, NULL, NULL, 1),
(502, 78, 41, NULL, NULL, NULL, NULL, 1),
(503, 78, 42, NULL, NULL, NULL, NULL, 1),
(504, 78, 43, NULL, NULL, '', '17:15:00', NULL),
(505, 79, 36, NULL, NULL, '09:57:00', '', NULL),
(506, 79, 37, NULL, NULL, '13:32:00', '13:05:00', NULL),
(507, 79, 38, NULL, NULL, '15:29:00', '15:25:00', NULL),
(508, 79, 39, NULL, NULL, NULL, NULL, 1),
(509, 79, 40, NULL, NULL, NULL, NULL, 1),
(510, 79, 41, NULL, NULL, NULL, NULL, 1),
(511, 79, 42, NULL, NULL, NULL, NULL, 1),
(512, 79, 43, NULL, NULL, '', '16:58:00', NULL),
(513, 80, 36, NULL, NULL, '11:15:00', '', NULL),
(514, 80, 37, NULL, NULL, '14:45:00', '14:15:00', NULL),
(515, 80, 38, NULL, NULL, '17:11:00', '17:00:00', NULL),
(516, 80, 39, NULL, NULL, NULL, NULL, 1),
(517, 80, 40, NULL, NULL, NULL, NULL, 1),
(518, 80, 41, NULL, NULL, NULL, NULL, 1),
(519, 80, 42, NULL, NULL, NULL, NULL, 1),
(520, 80, 43, NULL, NULL, '', '18:52:00', NULL),
(521, 81, 36, NULL, NULL, '09:53:00', '', NULL),
(522, 81, 37, NULL, NULL, '12:55:00', '12:25:00', NULL),
(523, 81, 38, NULL, NULL, '15:05:00', '14:50:00', NULL),
(524, 81, 39, NULL, NULL, NULL, NULL, 1),
(525, 81, 40, NULL, NULL, NULL, NULL, 1),
(526, 81, 41, NULL, NULL, NULL, NULL, 1),
(527, 81, 42, NULL, NULL, NULL, NULL, 1),
(528, 81, 43, NULL, NULL, '', '16:25:00', NULL),
(529, 82, 36, NULL, NULL, '09:24:00', '', NULL),
(530, 82, 37, NULL, NULL, '13:10:00', '12:40:00', NULL),
(531, 82, 38, NULL, NULL, '15:02:00', '14:47:00', NULL),
(532, 82, 39, NULL, NULL, NULL, NULL, 1),
(533, 82, 40, NULL, NULL, NULL, NULL, 1),
(534, 82, 41, NULL, NULL, NULL, NULL, 1),
(535, 82, 42, NULL, NULL, NULL, NULL, 1),
(536, 82, 43, NULL, NULL, '', '16:25:00', NULL),
(537, 83, 36, NULL, NULL, '10:08:00', '', NULL),
(538, 83, 37, NULL, NULL, '13:23:00', '12:53:00', NULL),
(539, 83, 38, NULL, NULL, '15:02:00', '14:47:00', NULL),
(540, 83, 39, NULL, NULL, NULL, NULL, 1),
(541, 83, 40, NULL, NULL, NULL, NULL, 1),
(542, 83, 41, NULL, NULL, NULL, NULL, 1),
(543, 83, 42, NULL, NULL, NULL, NULL, 1),
(544, 83, 43, NULL, NULL, '', '16:05:00', NULL),
(545, 84, 36, NULL, NULL, '09:35:00', '', NULL),
(546, 84, 37, NULL, NULL, '11:50:00', '11:20:00', NULL),
(547, 84, 38, NULL, NULL, '13:14:00', '12:59:00', NULL),
(548, 84, 39, NULL, NULL, NULL, NULL, 1),
(549, 84, 40, NULL, NULL, NULL, NULL, 1),
(550, 84, 41, NULL, NULL, NULL, NULL, 1),
(551, 84, 42, NULL, NULL, NULL, NULL, 1),
(552, 84, 43, NULL, NULL, '', '14:11:00', NULL),
(553, 85, 36, NULL, NULL, '09:45:00', '', NULL),
(554, 85, 37, NULL, NULL, '11:45:00', '11:25:00', NULL),
(555, 85, 38, NULL, NULL, '13:02:00', '12:47:00', NULL),
(556, 85, 39, NULL, NULL, NULL, NULL, 1),
(557, 85, 40, NULL, NULL, NULL, NULL, 1),
(558, 85, 41, NULL, NULL, NULL, NULL, 1),
(559, 85, 42, NULL, NULL, NULL, NULL, 1),
(560, 85, 43, NULL, NULL, '', '13:50:00', NULL),
(561, 86, 4, NULL, NULL, '10:43:00', '', NULL),
(562, 86, 5, NULL, NULL, '12:57:00', '12:27:00', NULL),
(563, 86, 6, NULL, NULL, '14:37:00', '14:22:00', NULL),
(564, 86, 7, NULL, NULL, NULL, NULL, 1),
(565, 86, 8, NULL, NULL, NULL, NULL, 1),
(566, 86, 9, NULL, NULL, NULL, NULL, 1),
(567, 86, 10, NULL, NULL, NULL, NULL, 1),
(568, 86, 11, NULL, NULL, '', '15:45:00', NULL),
(569, 87, 4, NULL, NULL, '11:00:00', '', NULL),
(570, 87, 5, NULL, NULL, '13:22:00', '12:52:00', NULL),
(571, 87, 6, NULL, NULL, '14:49:00', '14:34:00', NULL),
(572, 87, 7, NULL, NULL, NULL, NULL, 1),
(573, 87, 8, NULL, NULL, NULL, NULL, 1),
(574, 87, 9, NULL, NULL, NULL, NULL, 1),
(575, 87, 10, NULL, NULL, NULL, NULL, 1),
(576, 87, 11, NULL, NULL, '', '15:47:00', NULL),
(577, 88, 4, NULL, NULL, '10:35:00', '', NULL),
(578, 88, 5, NULL, NULL, '13:09:00', '12:39:00', NULL),
(579, 88, 6, NULL, NULL, '15:01:00', '14:46:00', NULL),
(580, 88, 7, NULL, NULL, NULL, NULL, 1),
(581, 88, 8, NULL, NULL, NULL, NULL, 1),
(582, 88, 9, NULL, NULL, NULL, NULL, 1),
(583, 88, 10, NULL, NULL, NULL, NULL, 1),
(584, 88, 11, NULL, NULL, '', '16:17:00', NULL),
(585, 89, 4, NULL, NULL, '', '', NULL),
(586, 89, 5, NULL, NULL, '', '', NULL),
(587, 89, 6, NULL, NULL, '', '', NULL),
(588, 89, 7, NULL, NULL, NULL, NULL, 1),
(589, 89, 8, NULL, NULL, NULL, NULL, 1),
(590, 89, 9, NULL, NULL, NULL, NULL, 1),
(591, 89, 10, NULL, NULL, NULL, NULL, 1),
(592, 89, 11, NULL, NULL, '', '', NULL),
(593, 90, 4, NULL, NULL, '10:35:00', '', NULL),
(594, 90, 5, NULL, NULL, '13:32:00', '13:02:00', NULL),
(595, 90, 6, NULL, NULL, '15:43:00', '15:28:00', NULL),
(596, 90, 7, NULL, NULL, NULL, NULL, 1),
(597, 90, 8, NULL, NULL, NULL, NULL, 1),
(598, 90, 9, NULL, NULL, NULL, NULL, 1),
(599, 90, 10, NULL, NULL, NULL, NULL, 1),
(600, 90, 11, NULL, NULL, '', '17:11:00', NULL),
(601, 91, 4, NULL, NULL, '10:20:00', '', NULL),
(602, 91, 5, NULL, NULL, '13:55:00', '13:25:00', NULL),
(603, 91, 6, NULL, NULL, '15:48:00', '15:38:00', NULL),
(604, 91, 7, NULL, NULL, NULL, NULL, 1),
(605, 91, 8, NULL, NULL, NULL, NULL, 1),
(606, 91, 9, NULL, NULL, NULL, NULL, 1),
(607, 91, 10, NULL, NULL, NULL, NULL, 1),
(608, 91, 11, NULL, NULL, '', '17:15:00', NULL),
(609, 92, 4, NULL, NULL, '11:06:00', '', NULL),
(610, 92, 5, NULL, NULL, '14:07:00', '13:37:00', NULL),
(611, 92, 6, NULL, NULL, '16:59:00', '16:49:00', NULL),
(612, 92, 7, NULL, NULL, NULL, NULL, 1),
(613, 92, 8, NULL, NULL, NULL, NULL, 1),
(614, 92, 9, NULL, NULL, NULL, NULL, 1),
(615, 92, 10, NULL, NULL, NULL, NULL, 1),
(616, 92, 11, NULL, NULL, '', '18:37:00', NULL),
(617, 93, 4, NULL, NULL, '11:10:00', '', NULL),
(618, 93, 5, NULL, NULL, '14:58:00', '14:35:00', NULL),
(619, 93, 6, NULL, NULL, '17:15:00', '17:09:00', NULL),
(620, 93, 7, NULL, NULL, NULL, NULL, 1),
(621, 93, 8, NULL, NULL, NULL, NULL, 1),
(622, 93, 9, NULL, NULL, NULL, NULL, 1),
(623, 93, 10, NULL, NULL, NULL, NULL, 1),
(624, 93, 11, NULL, NULL, '', '18:37:00', NULL),
(625, 94, 4, NULL, NULL, '11:16:00', '', NULL),
(626, 94, 5, NULL, NULL, '14:40:00', '14:10:00', NULL),
(627, 94, 6, NULL, NULL, '17:16:00', '17:11:00', NULL),
(628, 94, 7, NULL, NULL, NULL, NULL, 1),
(629, 94, 8, NULL, NULL, NULL, NULL, 1),
(630, 94, 9, NULL, NULL, NULL, NULL, 1),
(631, 94, 10, NULL, NULL, NULL, NULL, 1),
(632, 94, 11, NULL, NULL, '', '18:37:00', NULL),
(633, 95, 4, NULL, NULL, '10:58:00', '', NULL),
(634, 95, 5, NULL, NULL, '13:59:00', '13:29:00', NULL),
(635, 95, 6, NULL, NULL, '16:07:00', '15:52:00', NULL),
(636, 95, 7, NULL, NULL, NULL, NULL, 1),
(637, 95, 8, NULL, NULL, NULL, NULL, 1),
(638, 95, 9, NULL, NULL, NULL, NULL, 1),
(639, 95, 10, NULL, NULL, NULL, NULL, 1),
(640, 95, 11, NULL, NULL, '', '17:41:00', NULL),
(641, 96, 36, NULL, NULL, '', '', NULL),
(642, 96, 37, NULL, NULL, '', '', NULL),
(643, 96, 38, NULL, NULL, '', '', NULL),
(644, 96, 39, NULL, NULL, NULL, NULL, 1),
(645, 96, 40, NULL, NULL, NULL, NULL, 1),
(646, 96, 41, NULL, NULL, NULL, NULL, 1),
(647, 96, 42, NULL, NULL, NULL, NULL, 1),
(648, 96, 43, NULL, NULL, '', '', NULL),
(649, 97, 1, NULL, NULL, '', '', NULL),
(650, 97, 2, NULL, NULL, '', '', NULL),
(651, 97, 3, NULL, NULL, '', '', NULL),
(652, 98, 1, NULL, NULL, '', '', NULL),
(653, 98, 2, NULL, NULL, '', '', NULL),
(654, 98, 3, NULL, NULL, '', '', NULL),
(655, 99, 20, NULL, NULL, '', '', NULL),
(656, 99, 21, NULL, NULL, '', '', NULL),
(657, 99, 22, NULL, NULL, '', '', NULL),
(658, 99, 23, NULL, NULL, NULL, NULL, 1),
(659, 99, 24, NULL, NULL, NULL, NULL, 1),
(660, 99, 25, NULL, NULL, NULL, NULL, 1),
(661, 99, 26, NULL, NULL, NULL, NULL, 1),
(662, 99, 27, NULL, NULL, '', '', NULL),
(663, 100, 20, NULL, NULL, '', '', NULL),
(664, 100, 21, NULL, NULL, '', '', NULL),
(665, 100, 22, NULL, NULL, '', '', NULL),
(666, 100, 23, NULL, NULL, NULL, NULL, 1),
(667, 100, 24, NULL, NULL, NULL, NULL, 1),
(668, 100, 25, NULL, NULL, NULL, NULL, 1),
(669, 100, 26, NULL, NULL, NULL, NULL, 1),
(670, 100, 27, NULL, NULL, '', '', NULL),
(671, 101, 20, NULL, NULL, '', '', NULL),
(672, 101, 21, NULL, NULL, '', '', NULL),
(673, 101, 22, NULL, NULL, '', '', NULL),
(674, 101, 23, NULL, NULL, NULL, NULL, 1),
(675, 101, 24, NULL, NULL, NULL, NULL, 1),
(676, 101, 25, NULL, NULL, NULL, NULL, 1),
(677, 101, 26, NULL, NULL, NULL, NULL, 1),
(678, 101, 27, NULL, NULL, '', '', NULL),
(679, 102, 44, NULL, NULL, '', '', NULL),
(680, 102, 45, NULL, NULL, '', '', NULL),
(681, 102, 46, NULL, NULL, '', '', NULL),
(682, 102, 47, NULL, NULL, NULL, NULL, 1),
(683, 102, 48, NULL, NULL, NULL, NULL, 1),
(684, 102, 49, NULL, NULL, NULL, NULL, 1),
(685, 102, 50, NULL, NULL, NULL, NULL, 1),
(686, 102, 51, NULL, NULL, '', '', NULL);

-- --------------------------------------------------------

--
-- Table structure for table `settings`
--

CREATE TABLE `settings` (
  `setting_id` mediumint(8) UNSIGNED NOT NULL,
  `code` varchar(255) NOT NULL,
  `name` varchar(255) DEFAULT NULL,
  `value` text
) ENGINE=InnoDB DEFAULT CHARSET=latin1;

-- --------------------------------------------------------

--
-- Table structure for table `teams`
--

CREATE TABLE `teams` (
  `team_id` mediumint(8) UNSIGNED NOT NULL,
  `uuid_card` mediumint(8) NOT NULL,
  `team_name` varchar(255) DEFAULT NULL,
  `club_id` mediumint(8) UNSIGNED DEFAULT NULL,
  `category_id` mediumint(8) UNSIGNED DEFAULT NULL
) ENGINE=InnoDB DEFAULT CHARSET=latin1;

--
-- Dumping data for table `teams`
--

INSERT INTO `teams` (`team_id`, `uuid_card`, `team_name`, `club_id`, `category_id`) VALUES
(2, 110, 'JNEPENII LUI PARSU', 16, 4),
(3, 119, 'TEMERARII 2', 7, 4),
(4, 102, 'AVENTURARITA', 10, 4),
(5, 94, 'MARMOTELE ALBASTRE', 15, 4),
(6, 104, 'ZIMBRII OPEN 1', 18, 4),
(7, 95, 'DIGIMATRIX1525', 21, 4),
(8, 57, 'JNEPENII LA INJECTII', 16, 4),
(9, 139, 'THE FLUFFSTERS', 4, 4),
(10, 141, 'BUILISTII DIN VANTURARITA', 10, 4),
(11, 142, 'RAMBO GEEKS', 4, 4),
(12, 137, 'JNEPENII FATIX', 16, 4),
(13, 69, 'ZIMBRII PANA', 18, 4),
(14, 72, 'CIOCANITORILE PADURII', 22, 4),
(15, 108, 'CESAVEZI IN JNEPENIS', 16, 4),
(16, 90, 'MATELE LUI SCHRODINGER', 21, 4),
(17, 96, 'CESAVEZI.RO IN STEAUA DE MARE', 16, 4),
(18, 41, 'JNEPENII CORMORANI', 16, 4),
(19, 65, 'ASYBARITI', 16, 4),
(20, 121, 'SOIMII 3M', 3, 7),
(21, 66, 'ALPIN CLUB PRO-MONT BUCURESTI', 13, 7),
(22, 40, 'COCK-TAIL', 6, 7),
(23, 59, 'HAI PE MUNTE!', 17, 7),
(24, 70, 'SOIMII DULCI', 3, 7),
(25, 146, 'ZIMBRII BATRANI', 18, 7),
(26, 63, 'IA SI URCA SE INCURCA', 8, 7),
(27, 118, 'MARMOTELE CU MINTE', 15, 7),
(28, 140, 'PRO-PARANG', 5, 7),
(29, 64, 'SOIMII VESELI', 3, 7),
(30, 60, 'ARCASII SENIORI', 19, 7),
(31, 83, 'ZIMBRUTELE VESELE', 18, 6),
(32, 91, 'JNEPENITELE', 16, 6),
(33, 138, 'ALPIN CLUB PRO-MONT BUCURESTI', 13, 6),
(34, 84, 'PRO-PARANG', 5, 6),
(35, 86, 'SOIMITELE EROINE', 3, 6),
(36, 116, 'ZIMBRII CRISTALINI', 18, 6),
(37, 87, 'HAI PE MUNTE! FETELE', 17, 6),
(38, 92, 'ARCUL CARPATIN MINION', 19, 6),
(39, 85, 'HAI PE MUNTE! MANDRELE', 17, 6),
(40, 98, 'JNEPENITELE 2.0', 16, 6),
(42, 134, 'ALPIN CLUB PRO-MONT BUCURESTI 1', 13, 1),
(43, 82, 'ARCUL CARPATIN I', 19, 1),
(44, 68, 'SOIMII AVENTURIERI', 3, 1),
(48, 123, 'ALPIN CLUB PRO-MONT BUCURESTI 2', 13, 1),
(49, 117, 'ARCUL CARPATIN II', 19, 1),
(53, 133, 'URMA SOIMULUI', 3, 1),
(54, 115, 'HAI PE MUNTE! STEFAN+VLAD', 17, 1),
(55, 131, 'SOIMII CALATORI', 3, 1),
(56, 125, 'HAI PE MUNTE! ALEXANDRA', 17, 1),
(57, 105, 'SOIMII CAMPIONI', 3, 1),
(59, 107, 'SOIMII MUNTELUI', 3, 1),
(60, 71, 'MIS SOIMI', 3, 1),
(61, 50, 'SOIMII VARFURILOR DE MUNTE', 3, 1),
(62, 74, 'SOIMII CURAJOSI', 3, 1),
(64, 130, 'SOIMII DUNARENI GOLD EDITION', 3, 2),
(65, 89, 'ZIMBRII VITEZOMANI', 18, 2),
(66, 78, 'ALPIN CLUB PRO-MONT BUCURESTI', 13, 2),
(67, 144, 'ARCUL CARPATIN I', 19, 2),
(68, 124, 'ZIMBRII ESTICI', 18, 2),
(69, 54, 'HAI PE MUNTE!', 17, 2),
(70, 111, 'ZIMBRII PRAF', 18, 2),
(71, 53, 'ARCUL CARPATIN II', 19, 2),
(72, 132, 'ZIMBRII RAPIZI', 18, 2),
(73, 77, 'SOIMII REZISTENTI', 3, 3),
(74, 18, 'TEMERARII 1', 7, 3),
(75, 120, 'GASKA DIN BUILA', 10, 3),
(76, 76, 'DUPA MELCI', 6, 3),
(77, 19, 'ARCUL CARPATIN I', 19, 3),
(78, 93, 'MARMOTELE ROMANTICE', 15, 3),
(79, 62, 'JNEPENII AFUMATI', 16, 3),
(80, 14, 'ZIMBRII OBOSITI', 18, 3),
(81, 101, 'COCOSII GRASI DIN HASMAS', 6, 3),
(82, 51, 'ARCUL CARPATIN II', 19, 3),
(83, 99, 'CAPRICORNII', 23, 3),
(84, 58, 'REINITIATII AVANSATI', 2, 3),
(85, 80, 'HAI PE MUNTE!', 17, 3),
(86, 75, 'RADU MAMII', 16, 3),
(87, 81, 'TURISM EXTREM', 14, 3),
(88, 114, 'ZIMBRII VODA', 18, 3),
(89, 109, 'SOIMII DUNARENI', 3, 3),
(90, 56, 'SOIMII DUNARENI IUBIRE', 3, 5),
(91, 79, 'CURINNIA', 6, 5),
(92, 61, 'PRO-PARANG', 5, 5),
(94, 126, 'SOIMII METINALI', 3, 1),
(95, 147, 'BURGALELAS', 18, 6),
(96, 122, 'GHIDUSII', 2, 2),
(97, 143, 'SPARTOSANII', 4, 4),
(98, 1, 'ARCUL CARPATIN', 19, 6),
(99, 2, 'DIMITRIU FAMILY', 4, 1),
(100, 3, 'SOIMII AGERI', 3, 1),
(101, 4, 'ZIMBRII OPEN 2', 18, 4),
(102, 5, 'JNEPENII CU LICENTA', 16, 4),
(103, 6, 'VECINII LUI ZORRO', 12, 4),
(104, 7, 'PNEUMONOULTRAMICROSCOPICSILICOVOLCAMCONIOZA', 2, 7);

-- --------------------------------------------------------

--
-- Table structure for table `uuids`
--

CREATE TABLE `uuids` (
  `uuid_id` int(8) NOT NULL,
  `uuid_name` varchar(255) COLLATE utf8_bin NOT NULL
) ENGINE=InnoDB DEFAULT CHARSET=utf8 COLLATE=utf8_bin;

--
-- Dumping data for table `uuids`
--

INSERT INTO `uuids` (`uuid_id`, `uuid_name`) VALUES
(2, '03 10 75 C2'),
(72, '03 1F 3D C2'),
(100, '03 63 36 C2'),
(111, '03 6F 36 C2'),
(114, '03 77 36 C2'),
(68, '03 83 35 C2'),
(91, '03 B7 3E C2'),
(77, '03 BF 41 C2'),
(138, '03 D2 3F C2'),
(133, '03 D5 33 C2'),
(58, '03 D8 36 C2'),
(8, '03 DC 37 C2'),
(49, '03 E0 37 C2'),
(83, '03 E4 38 C2'),
(129, '13 1A 38 C2'),
(43, '13 2B 3D C2'),
(107, '13 30 3A C2'),
(67, '13 52 34 C2'),
(93, '13 56 38 C2'),
(82, '13 62 36 C2'),
(74, '13 75 41 C2'),
(70, '13 89 36 C2'),
(79, '13 F0 34 C2'),
(122, '23 0C 35 C2'),
(18, '23 13 3A C2'),
(115, '23 37 38 C2'),
(143, '23 4C 3D C2'),
(112, '23 58 3D C2'),
(140, '23 D4 35 C2'),
(13, '23 F5 35 C2'),
(99, '23 F5 36 C2'),
(40, '33 07 42 C2'),
(39, '33 16 3E C2'),
(123, '33 2C 38 C2'),
(6, '33 3A 3E C2'),
(33, '33 5E 36 C2'),
(21, '33 67 3D C2'),
(132, '33 89 36 C2'),
(113, '33 C1 37 C2'),
(106, '33 F5 36 C2'),
(64, '43 1E 3A C2'),
(20, '43 22 37 C2'),
(37, '43 33 3C C2'),
(52, '43 3A 42 C2'),
(22, '43 6F 3C C2'),
(119, '43 70 74 C2'),
(1, '43 C2 41 C2'),
(59, '43 C8 3A C2'),
(51, '43 D1 37 C2'),
(50, '43 EB 74 C2'),
(54, '53 0B 3A C2'),
(26, '53 3D 75 C2'),
(127, '53 3E 42 C2'),
(92, '53 50 38 C2'),
(63, '53 9F 36 C2'),
(34, '53 AA 41 C2'),
(61, '53 D8 38 C2'),
(84, '53 E2 41 C2'),
(116, '53 E4 3D C2'),
(121, '53 F0 36 C2'),
(53, '63 3E 38 C2'),
(94, '63 49 3E C2'),
(65, '63 9B 37 C2'),
(19, '63 DD 38 C2'),
(23, '63 E5 37 C2'),
(89, '63 EC 38 C2'),
(62, '63 F0 39 C2'),
(105, '73 17 3F C2'),
(71, '73 26 37 C2'),
(9, '73 2A 38 C2'),
(55, '73 30 3A C2'),
(31, '73 35 37 C2'),
(136, '73 3C 36 C2'),
(45, '73 64 38 C2'),
(142, '73 7C 38 C2'),
(38, '73 9A 3A C2'),
(98, '73 A2 38 C2'),
(110, '73 D0 41 C2'),
(102, '73 E2 3D C2'),
(12, '73 FF 41 C2'),
(135, '83 2B 3F C2'),
(124, '83 46 3E C2'),
(95, '83 EF 41 C2'),
(86, '93 28 3A C2'),
(101, '93 29 35 C2'),
(57, '93 40 38 C2'),
(85, '93 51 3D C2'),
(16, '93 5A 3F C2'),
(17, '93 81 35 C2'),
(24, '93 95 74 C2'),
(109, '93 A6 3C C2'),
(15, '93 BF 3D C2'),
(78, '93 CB 36 C2'),
(81, '93 D0 35 C2'),
(104, 'A3 11 36 C2'),
(27, 'A3 16 37 C2'),
(90, 'A3 46 38 C2'),
(48, 'A3 88 35 C2'),
(5, 'A3 EB 74 C2'),
(103, 'A9 AB 89 AB'),
(88, 'A9 C2 89 AB'),
(66, 'B3 75 38 C2'),
(139, 'B3 A1 3F C2'),
(30, 'B3 C5 37 C2'),
(47, 'B3 C5 3F C2'),
(69, 'B3 C9 37 C2'),
(76, 'B3 D0 36 C2'),
(32, 'B3 ED 35 C2'),
(130, 'C3 07 40 C2'),
(44, 'C3 15 42 C2'),
(141, 'C3 65 3D C2'),
(96, 'C3 AD 3B C2'),
(73, 'C3 CD 37 C2'),
(28, 'C3 DB 34 C2'),
(56, 'C3 DC 38 C2'),
(29, 'D3 15 37 C2'),
(80, 'D3 26 3E C2'),
(87, 'D3 31 42 C2'),
(14, 'D3 46 34 C2'),
(46, 'D3 4F 38 C2'),
(128, 'D3 6E 74 C2'),
(120, 'D3 A6 40 C2'),
(144, 'D3 C2 3D C2'),
(75, 'D3 DE 35 C2'),
(134, 'D3 EB 41 C2'),
(60, 'D3 FC 39 C2'),
(3, 'E3 0A 37 C2'),
(118, 'E3 11 36 C2'),
(7, 'E3 28 40 C2'),
(137, 'E3 2D 39 C2'),
(117, 'E3 40 38 C2'),
(36, 'E3 48 3D C2'),
(42, 'E3 4C 3D C2'),
(108, 'E3 5E 36 C2'),
(131, 'E3 64 36 C2'),
(97, 'E3 81 37 C2'),
(35, 'E3 88 39 C2'),
(11, 'E3 90 3D C2'),
(125, 'F3 20 3F C2'),
(41, 'F3 82 36 C2'),
(10, 'F3 94 3D C2'),
(126, 'F3 9B 36 C2'),
(25, 'F3 AA 41 C2'),
(4, 'F9 DD 89 AB');

-- --------------------------------------------------------

--
-- Table structure for table `uuid_trail`
--

CREATE TABLE `uuid_trail` (
  `uuid_id` int(8) NOT NULL,
  `uuid_name` varchar(255) COLLATE utf8_bin NOT NULL
) ENGINE=InnoDB DEFAULT CHARSET=utf8 COLLATE=utf8_bin;

--
-- Dumping data for table `uuid_trail`
--

INSERT INTO `uuid_trail` (`uuid_id`, `uuid_name`) VALUES
(1, 'C23846A1'),
(2, 'C23846A2'),
(5, 'C23846A5'),
(6, 'C23846A6'),
(4, 'C23C6F43'),
(3, 'C241E253'),
(13, 'C2420733'),
(9, 'C24231D3'),
(8, 'C2749593'),
(7, 'c454545f'),
(10, 'c4f5ddfdfg'),
(11, 'dcfsfdf'),
(12, 'fdghfhg'),
(14, 'gfgfgfh'),
(17, 'hgghghg'),
(16, 'hghjghg'),
(15, 'hjgjhjhjh');

--
-- Indexes for dumped tables
--

--
-- Indexes for table `categories`
--
ALTER TABLE `categories`
  ADD PRIMARY KEY (`category_id`);

--
-- Indexes for table `categories_trail`
--
ALTER TABLE `categories_trail`
  ADD PRIMARY KEY (`category_id`);

--
-- Indexes for table `category_challenges`
--
ALTER TABLE `category_challenges`
  ADD PRIMARY KEY (`category_challenge_id`),
  ADD KEY `fk_category_challenges_categories_1` (`category_id`),
  ADD KEY `fk_category_challenges_challenges_1` (`challenge_id`);

--
-- Indexes for table `challenges`
--
ALTER TABLE `challenges`
  ADD PRIMARY KEY (`challenge_id`);

--
-- Indexes for table `challenge_stations`
--
ALTER TABLE `challenge_stations`
  ADD PRIMARY KEY (`station_id`),
  ADD KEY `fk_challenge_raid_stations_category_challenges_1` (`category_challenge_id`);

--
-- Indexes for table `climbing`
--
ALTER TABLE `climbing`
  ADD PRIMARY KEY (`climbing_id`);

--
-- Indexes for table `clubs`
--
ALTER TABLE `clubs`
  ADD PRIMARY KEY (`club_id`);

--
-- Indexes for table `cross_trail`
--
ALTER TABLE `cross_trail`
  ADD PRIMARY KEY (`id`),
  ADD UNIQUE KEY `uuid_card` (`uuid_card`);

--
-- Indexes for table `cultural`
--
ALTER TABLE `cultural`
  ADD PRIMARY KEY (`cultural_id`);

--
-- Indexes for table `knowledge`
--
ALTER TABLE `knowledge`
  ADD PRIMARY KEY (`knowledge_id`);

--
-- Indexes for table `order_start`
--
ALTER TABLE `order_start`
  ADD PRIMARY KEY (`id`);

--
-- Indexes for table `organizer`
--
ALTER TABLE `organizer`
  ADD PRIMARY KEY (`id_organizer`);

--
-- Indexes for table `orienteering`
--
ALTER TABLE `orienteering`
  ADD PRIMARY KEY (`orienteering_id`);

--
-- Indexes for table `orienteering_stages`
--
ALTER TABLE `orienteering_stages`
  ADD PRIMARY KEY (`id`);

--
-- Indexes for table `participations`
--
ALTER TABLE `participations`
  ADD PRIMARY KEY (`participation_id`),
  ADD KEY `fk_challenge_participation_teams_1` (`team_id`),
  ADD KEY `fk_challenge_participation_category_challenges_1` (`category_challenge_id`);

--
-- Indexes for table `participation_entries`
--
ALTER TABLE `participation_entries`
  ADD PRIMARY KEY (`entry_id`),
  ADD KEY `fk_participation_entries_participations_1` (`participation_id`),
  ADD KEY `fk_participation_entries_challenge_stations_1` (`station_id`);

--
-- Indexes for table `settings`
--
ALTER TABLE `settings`
  ADD PRIMARY KEY (`setting_id`,`code`);

--
-- Indexes for table `teams`
--
ALTER TABLE `teams`
  ADD PRIMARY KEY (`team_id`),
  ADD UNIQUE KEY `uuid_card` (`uuid_card`),
  ADD KEY `fk_teams_clubs_1` (`club_id`),
  ADD KEY `fk_teams_categories_1` (`category_id`);

--
-- Indexes for table `uuids`
--
ALTER TABLE `uuids`
  ADD PRIMARY KEY (`uuid_id`),
  ADD UNIQUE KEY `uuid_name` (`uuid_name`);

--
-- Indexes for table `uuid_trail`
--
ALTER TABLE `uuid_trail`
  ADD PRIMARY KEY (`uuid_id`),
  ADD UNIQUE KEY `uuid_name` (`uuid_name`);

--
-- AUTO_INCREMENT for dumped tables
--

--
-- AUTO_INCREMENT for table `categories`
--
ALTER TABLE `categories`
  MODIFY `category_id` mediumint(8) UNSIGNED NOT NULL AUTO_INCREMENT, AUTO_INCREMENT=8;
--
-- AUTO_INCREMENT for table `category_challenges`
--
ALTER TABLE `category_challenges`
  MODIFY `category_challenge_id` mediumint(8) UNSIGNED NOT NULL AUTO_INCREMENT, AUTO_INCREMENT=8;
--
-- AUTO_INCREMENT for table `challenges`
--
ALTER TABLE `challenges`
  MODIFY `challenge_id` mediumint(8) UNSIGNED NOT NULL AUTO_INCREMENT, AUTO_INCREMENT=5;
--
-- AUTO_INCREMENT for table `challenge_stations`
--
ALTER TABLE `challenge_stations`
  MODIFY `station_id` mediumint(8) UNSIGNED NOT NULL AUTO_INCREMENT, AUTO_INCREMENT=52;
--
-- AUTO_INCREMENT for table `climbing`
--
ALTER TABLE `climbing`
  MODIFY `climbing_id` int(8) NOT NULL AUTO_INCREMENT;
--
-- AUTO_INCREMENT for table `clubs`
--
ALTER TABLE `clubs`
  MODIFY `club_id` mediumint(8) UNSIGNED NOT NULL AUTO_INCREMENT, AUTO_INCREMENT=24;
--
-- AUTO_INCREMENT for table `cross_trail`
--
ALTER TABLE `cross_trail`
  MODIFY `id` int(8) NOT NULL AUTO_INCREMENT;
--
-- AUTO_INCREMENT for table `cultural`
--
ALTER TABLE `cultural`
  MODIFY `cultural_id` int(8) NOT NULL AUTO_INCREMENT;
--
-- AUTO_INCREMENT for table `knowledge`
--
ALTER TABLE `knowledge`
  MODIFY `knowledge_id` int(8) NOT NULL AUTO_INCREMENT, AUTO_INCREMENT=104;
--
-- AUTO_INCREMENT for table `order_start`
--
ALTER TABLE `order_start`
  MODIFY `id` int(11) NOT NULL AUTO_INCREMENT, AUTO_INCREMENT=2;
--
-- AUTO_INCREMENT for table `organizer`
--
ALTER TABLE `organizer`
  MODIFY `id_organizer` int(1) NOT NULL AUTO_INCREMENT, AUTO_INCREMENT=2;
--
-- AUTO_INCREMENT for table `orienteering`
--
ALTER TABLE `orienteering`
  MODIFY `orienteering_id` int(8) NOT NULL AUTO_INCREMENT, AUTO_INCREMENT=94;
--
-- AUTO_INCREMENT for table `orienteering_stages`
--
ALTER TABLE `orienteering_stages`
  MODIFY `id` int(11) NOT NULL AUTO_INCREMENT, AUTO_INCREMENT=206;
--
-- AUTO_INCREMENT for table `participations`
--
ALTER TABLE `participations`
  MODIFY `participation_id` mediumint(8) UNSIGNED NOT NULL AUTO_INCREMENT, AUTO_INCREMENT=103;
--
-- AUTO_INCREMENT for table `participation_entries`
--
ALTER TABLE `participation_entries`
  MODIFY `entry_id` mediumint(8) UNSIGNED NOT NULL AUTO_INCREMENT, AUTO_INCREMENT=687;
--
-- AUTO_INCREMENT for table `settings`
--
ALTER TABLE `settings`
  MODIFY `setting_id` mediumint(8) UNSIGNED NOT NULL AUTO_INCREMENT;
--
-- AUTO_INCREMENT for table `teams`
--
ALTER TABLE `teams`
  MODIFY `team_id` mediumint(8) UNSIGNED NOT NULL AUTO_INCREMENT, AUTO_INCREMENT=105;
--
-- AUTO_INCREMENT for table `uuids`
--
ALTER TABLE `uuids`
  MODIFY `uuid_id` int(8) NOT NULL AUTO_INCREMENT, AUTO_INCREMENT=145;
--
-- AUTO_INCREMENT for table `uuid_trail`
--
ALTER TABLE `uuid_trail`
  MODIFY `uuid_id` int(8) NOT NULL AUTO_INCREMENT, AUTO_INCREMENT=18;
--
-- Constraints for dumped tables
--

--
-- Constraints for table `category_challenges`
--
ALTER TABLE `category_challenges`
  ADD CONSTRAINT `fk_category_challenges_categories_1` FOREIGN KEY (`category_id`) REFERENCES `categories` (`category_id`),
  ADD CONSTRAINT `fk_category_challenges_challenges_1` FOREIGN KEY (`challenge_id`) REFERENCES `challenges` (`challenge_id`);

/*!40101 SET CHARACTER_SET_CLIENT=@OLD_CHARACTER_SET_CLIENT */;
/*!40101 SET CHARACTER_SET_RESULTS=@OLD_CHARACTER_SET_RESULTS */;
/*!40101 SET COLLATION_CONNECTION=@OLD_COLLATION_CONNECTION */;
