-- MariaDB dump 10.19  Distrib 10.5.18-MariaDB, for debian-linux-gnu (x86_64)
--
-- Host: localhost    Database: stafetaenv9
-- ------------------------------------------------------
-- Server version	10.5.18-MariaDB-1:10.5.18+maria~deb11

/*!40101 SET @OLD_CHARACTER_SET_CLIENT=@@CHARACTER_SET_CLIENT */;
/*!40101 SET @OLD_CHARACTER_SET_RESULTS=@@CHARACTER_SET_RESULTS */;
/*!40101 SET @OLD_COLLATION_CONNECTION=@@COLLATION_CONNECTION */;
/*!40101 SET NAMES utf8mb4 */;
/*!40103 SET @OLD_TIME_ZONE=@@TIME_ZONE */;
/*!40103 SET TIME_ZONE='+00:00' */;
/*!40014 SET @OLD_UNIQUE_CHECKS=@@UNIQUE_CHECKS, UNIQUE_CHECKS=0 */;
/*!40014 SET @OLD_FOREIGN_KEY_CHECKS=@@FOREIGN_KEY_CHECKS, FOREIGN_KEY_CHECKS=0 */;
/*!40101 SET @OLD_SQL_MODE=@@SQL_MODE, SQL_MODE='NO_AUTO_VALUE_ON_ZERO' */;
/*!40111 SET @OLD_SQL_NOTES=@@SQL_NOTES, SQL_NOTES=0 */;

--
-- Table structure for table `categories`
--

DROP TABLE IF EXISTS `categories`;
/*!40101 SET @saved_cs_client     = @@character_set_client */;
/*!40101 SET character_set_client = utf8 */;
CREATE TABLE `categories` (
  `id` int(11) NOT NULL AUTO_INCREMENT,
  `name` varchar(255) CHARACTER SET latin1 COLLATE latin1_swedish_ci NOT NULL,
  `order_start` int(11) NOT NULL DEFAULT 1,
  `created_at` timestamp NULL DEFAULT NULL,
  `updated_at` timestamp NULL DEFAULT NULL,
  PRIMARY KEY (`id`)
) ENGINE=InnoDB AUTO_INCREMENT=8 DEFAULT CHARSET=utf8 COLLATE=utf8_general_ci;
/*!40101 SET character_set_client = @saved_cs_client */;

--
-- Dumping data for table `categories`
--

LOCK TABLES `categories` WRITE;
/*!40000 ALTER TABLE `categories` DISABLE KEYS */;
INSERT INTO `categories` VALUES (1,'Family',2,NULL,'2022-12-26 19:04:24'),(2,'Juniori',1,NULL,'2022-12-26 19:04:24'),(3,'Elite',4,NULL,'2022-12-27 18:53:23'),(4,'Open',7,NULL,'2022-12-27 18:53:23'),(5,'Veterani',3,NULL,'2022-12-27 18:53:23'),(6,'Feminin',6,NULL,NULL),(7,'Seniori',5,NULL,'2022-12-27 18:53:23');
/*!40000 ALTER TABLE `categories` ENABLE KEYS */;
UNLOCK TABLES;

--
-- Table structure for table `clubs`
--

DROP TABLE IF EXISTS `clubs`;
/*!40101 SET @saved_cs_client     = @@character_set_client */;
/*!40101 SET character_set_client = utf8 */;
CREATE TABLE `clubs` (
  `id` int(11) NOT NULL AUTO_INCREMENT,
  `name` varchar(255) CHARACTER SET latin1 COLLATE latin1_swedish_ci NOT NULL,
  `created_at` timestamp NULL DEFAULT NULL,
  `updated_at` timestamp NULL DEFAULT NULL,
  PRIMARY KEY (`id`)
) ENGINE=InnoDB AUTO_INCREMENT=32 DEFAULT CHARSET=utf8 COLLATE=utf8_general_ci;
/*!40101 SET character_set_client = @saved_cs_client */;

--
-- Dumping data for table `clubs`
--

LOCK TABLES `clubs` WRITE;
/*!40000 ALTER TABLE `clubs` DISABLE KEYS */;
INSERT INTO `clubs` VALUES (1,'GASKA','2022-12-24 07:03:54','2022-12-24 07:03:54'),(2,'Iii','2022-12-24 07:03:54','2022-12-24 07:03:54'),(3,'LATRONII','2022-12-24 07:03:54','2022-12-24 07:03:54'),(4,'ZIMBRUL CARPATIN','2022-12-24 07:03:54','2022-12-24 07:03:54'),(5,'COCOSUL DE MUNTE','2022-12-24 07:03:54','2022-12-24 07:03:54'),(6,'PRASTIE CU LUNETA','2022-12-24 07:03:54','2022-12-24 07:03:54'),(7,'ALPIN CLUB PRO-MONT','2022-12-24 07:03:54','2022-12-24 07:03:54'),(8,'PMCF','2022-12-24 07:03:54','2022-12-24 07:03:54'),(9,'WHITE WOLF CLUB','2022-12-24 07:03:54','2022-12-24 07:03:54'),(10,'VOINTA','2022-12-24 07:03:54','2022-12-24 07:03:54'),(11,'AIURITII - PIERDE VARA','2022-12-24 07:03:54','2022-12-24 07:03:54'),(12,'HAI PE MUNTE! IASI','2022-12-24 07:03:54','2022-12-24 07:03:54'),(13,'C.T.E. BUILA VANTURARITA','2022-12-24 07:03:54','2022-12-24 07:03:54'),(14,'TREI DE ZANE','2022-12-24 07:03:54','2022-12-24 07:03:54'),(15,'A.E. SOIMII DUNARENI','2022-12-24 07:03:54','2022-12-24 07:03:54'),(16,'ARCUL CARPATIN','2022-12-24 07:03:54','2022-12-24 07:03:54'),(17,'CARUL MARE','2022-12-24 07:03:54','2022-12-24 07:03:54'),(18,'M.C. FLOAREA REGINEI','2022-12-24 07:03:54','2022-12-24 07:03:54'),(19,'MARMOTELE MAHMURE','2022-12-24 07:03:54','2022-12-24 07:03:54'),(20,'VASILICII','2022-12-24 07:03:54','2022-12-24 07:03:54'),(21,'CLARVAZATOARELE','2022-12-24 07:04:27','2022-12-24 07:04:27'),(22,'ASOCIATIA SCHI TURISM MONTAN \'PRO-PARANG\'','2022-12-24 07:05:02','2022-12-24 07:05:02'),(23,'REX','2022-12-24 07:05:02','2022-12-24 07:05:02'),(24,'VARUTII','2022-12-24 07:05:02','2022-12-24 07:05:02'),(25,'NOI 3 ZEN','2022-12-24 07:05:02','2022-12-24 07:05:02'),(26,'ASOCIATIA DRUMETII MONTANE','2022-12-24 07:05:02','2022-12-24 07:05:02'),(27,'ZINE CONSTANTENE','2022-12-24 07:05:02','2022-12-24 07:05:02'),(28,'VEVERITELE PADURII','2022-12-24 07:05:02','2022-12-24 07:05:02'),(29,'SVEN','2022-12-24 07:05:02','2022-12-24 07:05:02'),(30,'ALERGAM PENTRU BELGY','2022-12-24 07:05:02','2022-12-24 07:05:02'),(31,'LOCALNICII','2022-12-24 07:05:02','2022-12-24 07:05:02');
/*!40000 ALTER TABLE `clubs` ENABLE KEYS */;
UNLOCK TABLES;

--
-- Table structure for table `cultural`
--

DROP TABLE IF EXISTS `cultural`;
/*!40101 SET @saved_cs_client     = @@character_set_client */;
/*!40101 SET character_set_client = utf8 */;
CREATE TABLE `cultural` (
  `id` int(11) NOT NULL AUTO_INCREMENT,
  `club_id` int(11) NOT NULL,
  `scor` int(11) NOT NULL,
  `created_at` timestamp NULL DEFAULT NULL,
  `updated_at` timestamp NULL DEFAULT NULL,
  PRIMARY KEY (`id`)
) ENGINE=InnoDB AUTO_INCREMENT=5 DEFAULT CHARSET=latin1 COLLATE=latin1_swedish_ci;
/*!40101 SET character_set_client = @saved_cs_client */;

--
-- Dumping data for table `cultural`
--

LOCK TABLES `cultural` WRITE;
/*!40000 ALTER TABLE `cultural` DISABLE KEYS */;
INSERT INTO `cultural` VALUES (1,24,100,'2022-12-24 08:07:10','2022-12-24 08:07:10'),(2,15,80,'2022-12-24 08:07:28','2022-12-24 08:07:28'),(3,25,40,'2022-12-24 08:07:36','2022-12-24 08:07:36'),(4,1,10,'2022-12-24 08:07:46','2022-12-24 08:07:46');
/*!40000 ALTER TABLE `cultural` ENABLE KEYS */;
UNLOCK TABLES;

--
-- Table structure for table `knowledges`
--

DROP TABLE IF EXISTS `knowledges`;
/*!40101 SET @saved_cs_client     = @@character_set_client */;
/*!40101 SET character_set_client = utf8 */;
CREATE TABLE `knowledges` (
  `id` int(11) NOT NULL AUTO_INCREMENT,
  `team_id` int(11) NOT NULL,
  `wrong_answers` int(11) NOT NULL,
  `time` text CHARACTER SET utf8 COLLATE utf8_general_ci NOT NULL,
  `scor` mediumint(9) NOT NULL,
  `abandon` int(1) NOT NULL,
  `wrong_questions` varchar(255) CHARACTER SET utf8 COLLATE utf8_general_ci NOT NULL,
  `created_at` timestamp NULL DEFAULT NULL,
  `updated_at` timestamp NULL DEFAULT NULL,
  PRIMARY KEY (`id`)
) ENGINE=InnoDB AUTO_INCREMENT=104 DEFAULT CHARSET=latin1 COLLATE=latin1_swedish_ci;
/*!40101 SET character_set_client = @saved_cs_client */;

--
-- Dumping data for table `knowledges`
--

LOCK TABLES `knowledges` WRITE;
/*!40000 ALTER TABLE `knowledges` DISABLE KEYS */;
INSERT INTO `knowledges` VALUES (1,91,0,'00:01:19',300,0,'0','2022-12-24 08:09:21','2022-12-24 08:09:21'),(2,2,0,'00:01:35',300,0,'0','2022-12-24 08:09:37','2022-12-24 08:09:37'),(3,88,1,'00:01:44',0,1,'8','2022-12-24 08:09:51','2022-12-24 08:09:51'),(4,3,0,'00:02:17',300,0,'0','2022-12-24 08:10:00','2022-12-24 08:10:00'),(5,9,0,'00:01:23',300,0,'0','2022-12-24 08:10:15','2022-12-24 08:10:15'),(6,52,5,'00:03:28',200,0,'1,5,8,12,14','2022-12-24 08:10:27','2022-12-24 08:10:27'),(7,61,1,'00:03:12',280,0,'2','2022-12-24 08:10:39','2022-12-24 08:10:39'),(8,62,6,'00:02:34',180,0,'1,3,5,6,10,11','2022-12-24 08:10:55','2022-12-24 08:10:55'),(9,36,2,'00:01:49',260,0,'2,12','2022-12-24 08:11:11','2022-12-24 08:11:11'),(10,33,0,'00:01:28',300,0,'0','2022-12-24 08:11:20','2022-12-24 08:11:20'),(11,42,0,'00:00:00',0,1,'0','2022-12-24 08:11:29','2022-12-24 08:11:29'),(12,60,0,'00:00:00',0,1,'0','2022-12-24 08:11:34','2022-12-24 08:11:34'),(13,65,0,'00:00:00',0,1,'0','2022-12-24 08:11:40','2022-12-24 08:11:40'),(14,1,0,'00:02:00',300,0,'0','2022-12-24 08:34:04','2022-12-24 08:34:04'),(15,8,0,'00:01:40',300,0,'0','2022-12-24 08:34:13','2022-12-24 08:34:13'),(16,74,1,'00:00:53',280,0,'5','2022-12-24 08:34:29','2022-12-24 08:34:29'),(17,76,0,'00:02:25',300,0,'0','2022-12-24 08:34:38','2022-12-24 08:34:38'),(18,97,1,'00:01:49',0,1,'3','2022-12-24 08:34:50','2022-12-24 08:34:50'),(19,28,0,'00:01:08',300,0,'0','2022-12-24 08:35:00','2022-12-24 08:35:00'),(20,85,4,'00:02:05',220,0,'1,4,6,5','2022-12-24 08:44:02','2022-12-24 08:44:02'),(21,90,0,'00:01:50',300,0,'0','2022-12-24 08:44:17','2022-12-24 08:44:17'),(22,94,0,'00:02:03',300,0,'0','2022-12-24 08:44:29','2022-12-24 08:44:29'),(23,40,0,'00:01:24',300,0,'0','2022-12-24 08:44:38','2022-12-24 08:44:38'),(24,81,5,'00:02:02',200,0,'1,2,3,6,7','2022-12-24 08:44:50','2022-12-24 08:44:50'),(25,38,2,'00:01:39',260,0,'1,13','2022-12-24 08:45:00','2022-12-24 08:45:42'),(26,24,0,'00:01:32',300,0,'0','2022-12-24 08:45:09','2022-12-24 08:45:09'),(27,83,1,'00:01:26',280,0,'13','2022-12-24 08:45:21','2022-12-24 08:45:21'),(28,87,0,'00:00:00',0,1,'0','2022-12-24 08:46:01','2022-12-24 08:46:01'),(29,93,0,'00:00:00',0,1,'0','2022-12-24 08:46:07','2022-12-24 08:46:07'),(30,49,0,'00:01:33',300,0,'0','2022-12-24 08:46:21','2022-12-24 08:46:21'),(31,26,6,'00:04:35',180,0,'3,5,7,8,13,15','2022-12-24 08:58:33','2022-12-24 08:58:33'),(32,22,3,'00:01:15',240,0,'6,7,8','2022-12-24 08:58:50','2022-12-24 08:58:50'),(33,59,8,'00:03:12',140,0,'1,2,3,5,6,11,13,15','2022-12-24 08:59:12','2022-12-24 09:01:43'),(34,70,5,'00:01:34',200,0,'2,4,11,12,13','2022-12-24 08:59:31','2022-12-24 09:02:05'),(35,69,8,'00:03:35',140,0,'1,2,5,6,7,8,14,15','2022-12-24 08:59:49','2022-12-24 09:01:58'),(36,30,2,'00:01:37',260,0,'2,5','2022-12-24 09:00:10','2022-12-24 09:01:36'),(37,68,12,'00:02:50',60,0,'1,2,5,6,7,8,10,11,12,13,14,15','2022-12-24 09:00:35','2022-12-24 09:06:37'),(38,10,2,'00:01:02',260,0,'2,4','2022-12-24 09:00:49','2022-12-24 09:01:30'),(39,21,0,'00:01:08',300,0,'0','2022-12-24 09:01:00','2022-12-24 09:01:00'),(40,46,2,'00:01:13',260,0,'1,4','2022-12-24 09:01:24','2022-12-24 09:01:24'),(41,78,0,'00:01:15',300,0,'0','2022-12-24 09:02:37','2022-12-24 09:02:37'),(42,12,4,'00:01:30',220,0,'1,2,3,4','2022-12-24 09:02:49','2022-12-24 09:02:49'),(43,100,6,'00:02:40',180,0,'1,2,3,5,8,11','2022-12-24 09:03:04','2022-12-24 09:03:04'),(44,103,4,'00:01:50',220,0,'2,3,6,7','2022-12-24 09:03:18','2022-12-24 09:03:18'),(45,55,0,'00:01:33',300,0,'0','2022-12-24 09:03:54','2022-12-24 09:03:54'),(46,17,0,'00:01:06',300,0,'0','2022-12-24 09:04:03','2022-12-24 09:04:03'),(47,47,2,'00:01:48',260,0,'4,7','2022-12-24 09:04:16','2022-12-24 09:04:16'),(48,98,1,'00:01:07',280,0,'9','2022-12-24 09:04:36','2022-12-24 09:04:36'),(49,101,7,'00:03:16',160,0,'1,4,5,6,8,10,14','2022-12-24 09:04:52','2022-12-24 09:04:52'),(50,39,3,'00:01:31',240,0,'2,3,13','2022-12-24 09:05:16','2022-12-24 09:05:16'),(51,18,1,'00:01:16',280,0,'2','2022-12-24 09:05:49','2022-12-24 09:05:49'),(52,58,1,'00:01:43',280,0,'2','2022-12-24 09:06:06','2022-12-24 09:06:06'),(53,44,1,'00:01:03',280,0,'2','2022-12-24 09:06:17','2022-12-24 09:06:17'),(54,37,4,'00:01:44',220,0,'2,3,5,6','2022-12-24 09:06:54','2022-12-24 09:06:54'),(55,45,3,'00:01:19',240,0,'2,3,4','2022-12-24 09:07:09','2022-12-24 09:07:09'),(56,31,3,'00:01:06',240,0,'2,5,14','2022-12-24 09:07:26','2022-12-24 09:07:26'),(57,75,1,'00:01:15',280,0,'4','2022-12-24 09:07:40','2022-12-24 09:07:40'),(58,57,2,'00:02:04',260,0,'2,13','2022-12-24 09:07:55','2022-12-24 09:07:55'),(59,11,0,'00:01:29',300,0,'0','2022-12-24 09:08:03','2022-12-24 09:08:03'),(60,102,1,'00:01:48',280,0,'13','2022-12-24 09:08:30','2022-12-24 09:08:30'),(61,96,0,'00:01:20',300,0,'0','2022-12-24 09:08:38','2022-12-24 09:08:38'),(62,14,1,'00:02:13',280,0,'1','2022-12-24 09:08:49','2022-12-24 09:08:49'),(63,99,1,'00:01:35',280,0,'2','2022-12-24 09:09:00','2022-12-24 09:09:00'),(64,77,1,'00:00:48',280,0,'2','2022-12-24 09:09:10','2022-12-24 09:09:10'),(65,6,1,'00:01:01',280,0,'1','2022-12-24 09:09:22','2022-12-24 09:09:22'),(66,34,1,'00:01:10',280,0,'13','2022-12-24 09:09:32','2022-12-24 09:09:32'),(67,66,0,'00:01:33',300,0,'0','2022-12-24 09:09:41','2022-12-24 09:09:41'),(68,79,1,'00:01:08',280,0,'2','2022-12-24 09:09:52','2022-12-24 09:09:52'),(69,13,3,'00:01:40',240,0,'2,4,13','2022-12-24 09:10:07','2022-12-24 09:10:07'),(70,16,0,'00:01:35',300,0,'0','2022-12-24 09:11:38','2022-12-24 09:11:38'),(71,32,0,'00:01:04',300,0,'0','2022-12-24 09:11:46','2022-12-24 09:11:46'),(72,7,0,'00:02:07',300,0,'0','2022-12-24 09:11:55','2022-12-24 09:11:55'),(73,80,0,'00:01:34',300,0,'0','2022-12-24 09:12:04','2022-12-24 09:12:04'),(74,51,0,'00:01:15',300,0,'0','2022-12-24 09:12:13','2022-12-24 09:12:13'),(75,72,7,'00:03:31',160,0,'1,3,5,6,9,12,14','2022-12-24 09:12:28','2022-12-24 09:12:28'),(76,64,2,'00:01:48',260,0,'9,12','2022-12-24 09:12:45','2022-12-24 09:12:45'),(77,5,2,'00:02:43',260,0,'2,5','2022-12-24 09:13:02','2022-12-24 09:13:02'),(78,27,1,'00:01:20',280,0,'2','2022-12-24 09:13:15','2022-12-24 09:13:15'),(79,73,1,'00:01:24',280,0,'1','2022-12-24 09:13:28','2022-12-24 09:13:28'),(80,82,0,'00:01:19',300,0,'0','2022-12-24 09:13:39','2022-12-24 09:13:39'),(81,67,0,'00:01:15',300,0,'0','2022-12-24 09:13:48','2022-12-24 09:13:48'),(82,50,0,'00:00:00',0,1,'0','2022-12-24 09:13:55','2022-12-24 09:13:55'),(83,71,11,'00:02:58',80,0,'2,4,5,6,7,8,10,11,13,14,15','2022-12-24 09:14:16','2022-12-24 09:14:16'),(84,53,0,'00:02:55',300,0,'0','2022-12-24 10:54:52','2022-12-24 10:54:52'),(85,54,1,'00:01:23',280,0,'15','2022-12-24 10:55:04','2022-12-24 10:55:04'),(86,20,5,'00:01:41',200,0,'8,11,12,13,14','2022-12-24 10:55:17','2022-12-24 10:55:17'),(87,29,2,'00:02:13',260,0,'10,13','2022-12-24 10:55:31','2022-12-24 10:55:31'),(88,92,1,'00:02:09',280,0,'9','2022-12-24 11:02:36','2022-12-24 11:02:36'),(89,63,3,'00:01:44',240,0,'1,4,13','2022-12-24 11:02:59','2022-12-24 11:02:59'),(90,84,3,'00:01:39',240,0,'10,12,13','2022-12-24 11:03:10','2022-12-24 11:03:10'),(91,48,1,'00:01:06',280,0,'1','2022-12-24 11:03:27','2022-12-24 11:03:27'),(92,23,1,'00:01:41',280,0,'1','2022-12-24 11:03:49','2022-12-24 11:03:49'),(93,35,2,'00:01:13',260,0,'4,11','2022-12-24 11:04:03','2022-12-24 11:04:03'),(94,89,4,'00:02:26',220,0,'2,3,5,7','2022-12-24 11:04:14','2022-12-24 11:04:14'),(95,86,1,'00:01:25',280,0,'7','2022-12-24 11:04:25','2022-12-24 11:04:25'),(96,43,0,'00:01:38',300,0,'0','2022-12-24 11:12:04','2022-12-24 11:12:04'),(97,4,1,'00:01:24',280,0,'13','2022-12-24 11:12:21','2022-12-24 11:12:21'),(98,25,1,'00:02:42',280,0,'13','2022-12-24 11:12:33','2022-12-24 11:12:33'),(99,19,2,'00:02:20',260,0,'13,14','2022-12-24 11:12:48','2022-12-24 11:12:48'),(100,41,1,'00:01:14',280,0,'1','2022-12-24 11:13:05','2022-12-24 11:13:05'),(101,95,0,'00:02:16',300,0,'0','2022-12-24 11:13:16','2022-12-24 11:13:16'),(102,56,0,'00:01:35',300,0,'0','2022-12-24 11:13:25','2022-12-24 11:13:25'),(103,15,0,'00:00:00',0,1,'0','2022-12-24 11:13:33','2022-12-24 11:13:33');
/*!40000 ALTER TABLE `knowledges` ENABLE KEYS */;
UNLOCK TABLES;

--
-- Table structure for table `organizer_stages`
--

DROP TABLE IF EXISTS `organizer_stages`;
/*!40101 SET @saved_cs_client     = @@character_set_client */;
/*!40101 SET character_set_client = utf8 */;
CREATE TABLE `organizer_stages` (
  `id` int(11) NOT NULL AUTO_INCREMENT,
  `name_stage` varchar(255) NOT NULL,
  `name_organizer` varchar(255) CHARACTER SET latin1 COLLATE latin1_swedish_ci NOT NULL,
  `stage_number` int(1) NOT NULL,
  `software` varchar(255) NOT NULL,
  `created_at` timestamp NULL DEFAULT NULL,
  `updated_at` timestamp NULL DEFAULT NULL,
  PRIMARY KEY (`id`)
) ENGINE=InnoDB AUTO_INCREMENT=2 DEFAULT CHARSET=utf8 COLLATE=utf8_general_ci;
/*!40101 SET character_set_client = @saved_cs_client */;

--
-- Dumping data for table `organizer_stages`
--

LOCK TABLES `organizer_stages` WRITE;
/*!40000 ALTER TABLE `organizer_stages` DISABLE KEYS */;
INSERT INTO `organizer_stages` VALUES (1,'Trofeul Demo 2','Asociatia Demo 2',4,'Software Stafeta Muntilor v4.1.1 by Asociatia Drumetii Montane','2022-10-29 13:33:26','2022-11-06 17:48:20');
/*!40000 ALTER TABLE `organizer_stages` ENABLE KEYS */;
UNLOCK TABLES;

--
-- Table structure for table `orienteering`
--

DROP TABLE IF EXISTS `orienteering`;
/*!40101 SET @saved_cs_client     = @@character_set_client */;
/*!40101 SET character_set_client = utf8 */;
CREATE TABLE `orienteering` (
  `id` int(11) NOT NULL AUTO_INCREMENT,
  `team_id` int(11) NOT NULL,
  `start_time` varchar(255) NOT NULL,
  `finish_time` varchar(255) NOT NULL,
  `total_time` varchar(255) NOT NULL,
  `abandon` int(1) NOT NULL,
  `missed_posts` varchar(500) DEFAULT NULL,
  `order_posts` varchar(500) DEFAULT NULL,
  `created_at` timestamp NULL DEFAULT NULL,
  `updated_at` timestamp NULL DEFAULT NULL,
  PRIMARY KEY (`id`)
) ENGINE=InnoDB AUTO_INCREMENT=104 DEFAULT CHARSET=latin1 COLLATE=latin1_swedish_ci;
/*!40101 SET character_set_client = @saved_cs_client */;

--
-- Dumping data for table `orienteering`
--

LOCK TABLES `orienteering` WRITE;
/*!40000 ALTER TABLE `orienteering` DISABLE KEYS */;
INSERT INTO `orienteering` VALUES (1,1,'09:11:45','09:36:39','00:24:54',0,'','[{\"post\":\"251\",\"time\":\"1672477905\"},{\"post\":\"33\",\"time\":\"1672477965\"},{\"post\":\"34\",\"time\":\"1672477965\"},{\"post\":\"17\",\"time\":\"1672477965\"},{\"post\":\"15\",\"time\":\"1672477965\"},{\"post\":\"11\",\"time\":\"1672477965\"},{\"post\":\"14\",\"time\":\"1672477965\"},{\"post\":\"252\",\"time\":\"1672479399\"}]','2022-12-31 13:59:51','2022-12-31 13:59:51'),(2,2,'09:33:34','09:48:45','00:15:11',0,'','[{\"post\":\"251\",\"time\":\"1672479214\"},{\"post\":\"33\",\"time\":\"1672479274\"},{\"post\":\"34\",\"time\":\"1672479274\"},{\"post\":\"17\",\"time\":\"1672479274\"},{\"post\":\"15\",\"time\":\"1672479274\"},{\"post\":\"11\",\"time\":\"1672479274\"},{\"post\":\"14\",\"time\":\"1672479274\"},{\"post\":\"252\",\"time\":\"1672480125\"}]','2022-12-31 13:59:51','2022-12-31 13:59:51'),(3,3,'09:32:46','09:48:53','00:16:07',0,'','[{\"post\":\"251\",\"time\":\"1672479166\"},{\"post\":\"33\",\"time\":\"1672479226\"},{\"post\":\"34\",\"time\":\"1672479226\"},{\"post\":\"17\",\"time\":\"1672479226\"},{\"post\":\"15\",\"time\":\"1672479226\"},{\"post\":\"11\",\"time\":\"1672479226\"},{\"post\":\"14\",\"time\":\"1672479226\"},{\"post\":\"252\",\"time\":\"1672480133\"}]','2022-12-31 13:59:51','2022-12-31 13:59:51'),(4,4,'09:22:44','09:49:02','00:26:18',0,'','[{\"post\":\"251\",\"time\":\"1672478564\"},{\"post\":\"33\",\"time\":\"1672478624\"},{\"post\":\"34\",\"time\":\"1672478624\"},{\"post\":\"17\",\"time\":\"1672478624\"},{\"post\":\"15\",\"time\":\"1672478624\"},{\"post\":\"11\",\"time\":\"1672478624\"},{\"post\":\"14\",\"time\":\"1672478624\"},{\"post\":\"252\",\"time\":\"1672480142\"}]','2022-12-31 13:59:51','2022-12-31 13:59:51'),(5,5,'08:31:45','08:43:15','00:11:30',0,'','[{\"post\":\"251\",\"time\":\"1672475505\"},{\"post\":\"33\",\"time\":\"1672475565\"},{\"post\":\"34\",\"time\":\"1672475565\"},{\"post\":\"17\",\"time\":\"1672475565\"},{\"post\":\"15\",\"time\":\"1672475565\"},{\"post\":\"11\",\"time\":\"1672475565\"},{\"post\":\"14\",\"time\":\"1672475565\"},{\"post\":\"252\",\"time\":\"1672476195\"}]','2022-12-31 13:59:51','2022-12-31 13:59:51'),(6,6,'08:33:27','08:47:01','00:13:34',0,'','[{\"post\":\"251\",\"time\":\"1672475607\"},{\"post\":\"33\",\"time\":\"1672475667\"},{\"post\":\"34\",\"time\":\"1672475667\"},{\"post\":\"17\",\"time\":\"1672475667\"},{\"post\":\"15\",\"time\":\"1672475667\"},{\"post\":\"11\",\"time\":\"1672475667\"},{\"post\":\"14\",\"time\":\"1672475667\"},{\"post\":\"252\",\"time\":\"1672476421\"}]','2022-12-31 13:59:51','2022-12-31 13:59:51'),(7,7,'08:34:49','08:47:16','00:12:27',0,'','[{\"post\":\"251\",\"time\":\"1672475689\"},{\"post\":\"33\",\"time\":\"1672475749\"},{\"post\":\"34\",\"time\":\"1672475749\"},{\"post\":\"17\",\"time\":\"1672475749\"},{\"post\":\"15\",\"time\":\"1672475749\"},{\"post\":\"11\",\"time\":\"1672475749\"},{\"post\":\"14\",\"time\":\"1672475749\"},{\"post\":\"252\",\"time\":\"1672476436\"}]','2022-12-31 13:59:51','2022-12-31 13:59:51'),(8,8,'09:01:35','09:14:45','00:13:10',0,'','[{\"post\":\"251\",\"time\":\"1672477295\"},{\"post\":\"33\",\"time\":\"1672477355\"},{\"post\":\"34\",\"time\":\"1672477355\"},{\"post\":\"17\",\"time\":\"1672477355\"},{\"post\":\"15\",\"time\":\"1672477355\"},{\"post\":\"11\",\"time\":\"1672477355\"},{\"post\":\"14\",\"time\":\"1672477355\"},{\"post\":\"252\",\"time\":\"1672478085\"}]','2022-12-31 13:59:51','2022-12-31 13:59:51'),(9,9,'00:00:00','00:00:00','00:00:00',1,NULL,NULL,'2022-12-31 13:59:51','2022-12-31 13:59:51'),(10,10,'08:49:31','09:00:48','00:11:17',0,'','[{\"post\":\"251\",\"time\":\"1672476571\"},{\"post\":\"33\",\"time\":\"1672476631\"},{\"post\":\"34\",\"time\":\"1672476631\"},{\"post\":\"17\",\"time\":\"1672476631\"},{\"post\":\"15\",\"time\":\"1672476631\"},{\"post\":\"11\",\"time\":\"1672476631\"},{\"post\":\"14\",\"time\":\"1672476631\"},{\"post\":\"252\",\"time\":\"1672477248\"}]','2022-12-31 13:59:51','2022-12-31 13:59:51'),(11,11,'08:53:40','09:09:58','00:16:18',0,'','[{\"post\":\"251\",\"time\":\"1672476820\"},{\"post\":\"33\",\"time\":\"1672476880\"},{\"post\":\"34\",\"time\":\"1672476880\"},{\"post\":\"17\",\"time\":\"1672476880\"},{\"post\":\"15\",\"time\":\"1672476880\"},{\"post\":\"11\",\"time\":\"1672476880\"},{\"post\":\"14\",\"time\":\"1672476880\"},{\"post\":\"252\",\"time\":\"1672477798\"}]','2022-12-31 13:59:51','2022-12-31 13:59:51'),(12,12,'08:57:04','09:14:52','00:17:48',0,'','[{\"post\":\"251\",\"time\":\"1672477024\"},{\"post\":\"33\",\"time\":\"1672477084\"},{\"post\":\"34\",\"time\":\"1672477084\"},{\"post\":\"17\",\"time\":\"1672477084\"},{\"post\":\"15\",\"time\":\"1672477084\"},{\"post\":\"11\",\"time\":\"1672477084\"},{\"post\":\"14\",\"time\":\"1672477084\"},{\"post\":\"252\",\"time\":\"1672478092\"}]','2022-12-31 13:59:51','2022-12-31 13:59:51'),(13,13,'09:07:35','09:23:57','00:16:22',0,'','[{\"post\":\"251\",\"time\":\"1672477655\"},{\"post\":\"33\",\"time\":\"1672477715\"},{\"post\":\"34\",\"time\":\"1672477715\"},{\"post\":\"17\",\"time\":\"1672477715\"},{\"post\":\"15\",\"time\":\"1672477715\"},{\"post\":\"11\",\"time\":\"1672477715\"},{\"post\":\"14\",\"time\":\"1672477715\"},{\"post\":\"252\",\"time\":\"1672478637\"}]','2022-12-31 13:59:51','2022-12-31 13:59:51'),(14,14,'09:07:01','09:23:49','00:16:48',0,'','[{\"post\":\"251\",\"time\":\"1672477621\"},{\"post\":\"33\",\"time\":\"1672477681\"},{\"post\":\"34\",\"time\":\"1672477681\"},{\"post\":\"17\",\"time\":\"1672477681\"},{\"post\":\"15\",\"time\":\"1672477681\"},{\"post\":\"11\",\"time\":\"1672477681\"},{\"post\":\"14\",\"time\":\"1672477681\"},{\"post\":\"252\",\"time\":\"1672478629\"}]','2022-12-31 13:59:51','2022-12-31 13:59:51'),(15,15,'00:00:00','00:00:00','00:00:00',1,NULL,NULL,'2022-12-31 13:59:51','2022-12-31 13:59:51'),(16,16,'08:52:11','08:58:25','00:06:14',0,'','[{\"post\":\"251\",\"time\":\"1672476731\"},{\"post\":\"33\",\"time\":\"1672476791\"},{\"post\":\"34\",\"time\":\"1672476791\"},{\"post\":\"17\",\"time\":\"1672476791\"},{\"post\":\"15\",\"time\":\"1672476791\"},{\"post\":\"11\",\"time\":\"1672476791\"},{\"post\":\"14\",\"time\":\"1672476791\"},{\"post\":\"252\",\"time\":\"1672477105\"}]','2022-12-31 13:59:51','2022-12-31 13:59:51'),(17,17,'08:41:54','08:52:33','00:10:39',0,'','[{\"post\":\"251\",\"time\":\"1672476114\"},{\"post\":\"33\",\"time\":\"1672476174\"},{\"post\":\"34\",\"time\":\"1672476174\"},{\"post\":\"17\",\"time\":\"1672476174\"},{\"post\":\"15\",\"time\":\"1672476174\"},{\"post\":\"11\",\"time\":\"1672476174\"},{\"post\":\"14\",\"time\":\"1672476174\"},{\"post\":\"252\",\"time\":\"1672476753\"}]','2022-12-31 13:59:51','2022-12-31 13:59:51'),(18,18,'08:45:17','09:00:50','00:15:33',0,'','[{\"post\":\"251\",\"time\":\"1672476317\"},{\"post\":\"33\",\"time\":\"1672476377\"},{\"post\":\"34\",\"time\":\"1672476377\"},{\"post\":\"17\",\"time\":\"1672476377\"},{\"post\":\"15\",\"time\":\"1672476377\"},{\"post\":\"11\",\"time\":\"1672476377\"},{\"post\":\"14\",\"time\":\"1672476377\"},{\"post\":\"252\",\"time\":\"1672477250\"}]','2022-12-31 13:59:51','2022-12-31 13:59:51'),(19,19,'09:23:47','09:53:04','00:29:17',0,'','[{\"post\":\"251\",\"time\":\"1672478627\"},{\"post\":\"33\",\"time\":\"1672478687\"},{\"post\":\"34\",\"time\":\"1672478687\"},{\"post\":\"17\",\"time\":\"1672478687\"},{\"post\":\"15\",\"time\":\"1672478687\"},{\"post\":\"11\",\"time\":\"1672478687\"},{\"post\":\"14\",\"time\":\"1672478687\"},{\"post\":\"252\",\"time\":\"1672480384\"}]','2022-12-31 13:59:51','2022-12-31 13:59:51'),(20,20,'09:18:12','09:42:40','00:24:28',0,'','[{\"post\":\"251\",\"time\":\"1672478292\"},{\"post\":\"33\",\"time\":\"1672478352\"},{\"post\":\"34\",\"time\":\"1672478352\"},{\"post\":\"17\",\"time\":\"1672478352\"},{\"post\":\"15\",\"time\":\"1672478352\"},{\"post\":\"11\",\"time\":\"1672478352\"},{\"post\":\"14\",\"time\":\"1672478352\"},{\"post\":\"252\",\"time\":\"1672479760\"}]','2022-12-31 13:59:51','2022-12-31 13:59:51'),(21,21,'08:43:08','08:49:30','00:06:22',0,'','[{\"post\":\"251\",\"time\":\"1672476188\"},{\"post\":\"33\",\"time\":\"1672476248\"},{\"post\":\"34\",\"time\":\"1672476248\"},{\"post\":\"17\",\"time\":\"1672476248\"},{\"post\":\"15\",\"time\":\"1672476248\"},{\"post\":\"11\",\"time\":\"1672476248\"},{\"post\":\"14\",\"time\":\"1672476248\"},{\"post\":\"252\",\"time\":\"1672476570\"}]','2022-12-31 13:59:51','2022-12-31 13:59:51'),(22,22,'08:34:04','08:45:52','00:11:48',0,'','[{\"post\":\"251\",\"time\":\"1672475644\"},{\"post\":\"33\",\"time\":\"1672475704\"},{\"post\":\"34\",\"time\":\"1672475704\"},{\"post\":\"17\",\"time\":\"1672475704\"},{\"post\":\"15\",\"time\":\"1672475704\"},{\"post\":\"11\",\"time\":\"1672475704\"},{\"post\":\"14\",\"time\":\"1672475704\"},{\"post\":\"252\",\"time\":\"1672476352\"}]','2022-12-31 13:59:51','2022-12-31 13:59:51'),(23,23,'08:42:33','08:55:19','00:12:46',0,'','[{\"post\":\"251\",\"time\":\"1672476153\"},{\"post\":\"33\",\"time\":\"1672476213\"},{\"post\":\"34\",\"time\":\"1672476213\"},{\"post\":\"17\",\"time\":\"1672476213\"},{\"post\":\"15\",\"time\":\"1672476213\"},{\"post\":\"11\",\"time\":\"1672476213\"},{\"post\":\"14\",\"time\":\"1672476213\"},{\"post\":\"252\",\"time\":\"1672476919\"}]','2022-12-31 13:59:51','2022-12-31 13:59:51'),(24,24,'08:59:17','09:16:49','00:17:32',0,'','[{\"post\":\"251\",\"time\":\"1672477157\"},{\"post\":\"33\",\"time\":\"1672477217\"},{\"post\":\"34\",\"time\":\"1672477217\"},{\"post\":\"17\",\"time\":\"1672477217\"},{\"post\":\"15\",\"time\":\"1672477217\"},{\"post\":\"11\",\"time\":\"1672477217\"},{\"post\":\"14\",\"time\":\"1672477217\"},{\"post\":\"252\",\"time\":\"1672478209\"}]','2022-12-31 13:59:51','2022-12-31 13:59:51'),(25,25,'09:10:18','09:30:21','00:20:03',0,'','[{\"post\":\"251\",\"time\":\"1672477818\"},{\"post\":\"33\",\"time\":\"1672477878\"},{\"post\":\"34\",\"time\":\"1672477878\"},{\"post\":\"17\",\"time\":\"1672477878\"},{\"post\":\"15\",\"time\":\"1672477878\"},{\"post\":\"11\",\"time\":\"1672477878\"},{\"post\":\"14\",\"time\":\"1672477878\"},{\"post\":\"252\",\"time\":\"1672479021\"}]','2022-12-31 13:59:51','2022-12-31 13:59:51'),(26,26,'08:44:23','09:01:14','00:16:51',0,'','[{\"post\":\"251\",\"time\":\"1672476263\"},{\"post\":\"33\",\"time\":\"1672476323\"},{\"post\":\"34\",\"time\":\"1672476323\"},{\"post\":\"17\",\"time\":\"1672476323\"},{\"post\":\"15\",\"time\":\"1672476323\"},{\"post\":\"11\",\"time\":\"1672476323\"},{\"post\":\"14\",\"time\":\"1672476323\"},{\"post\":\"252\",\"time\":\"1672477274\"}]','2022-12-31 13:59:51','2022-12-31 13:59:51'),(27,27,'08:31:04','08:43:03','00:11:59',0,'','[{\"post\":\"251\",\"time\":\"1672475464\"},{\"post\":\"33\",\"time\":\"1672475524\"},{\"post\":\"34\",\"time\":\"1672475524\"},{\"post\":\"17\",\"time\":\"1672475524\"},{\"post\":\"15\",\"time\":\"1672475524\"},{\"post\":\"11\",\"time\":\"1672475524\"},{\"post\":\"14\",\"time\":\"1672475524\"},{\"post\":\"252\",\"time\":\"1672476183\"}]','2022-12-31 13:59:51','2022-12-31 13:59:51'),(28,28,'09:04:40','09:20:36','00:15:56',0,'','[{\"post\":\"251\",\"time\":\"1672477480\"},{\"post\":\"33\",\"time\":\"1672477540\"},{\"post\":\"34\",\"time\":\"1672477540\"},{\"post\":\"17\",\"time\":\"1672477540\"},{\"post\":\"15\",\"time\":\"1672477540\"},{\"post\":\"11\",\"time\":\"1672477540\"},{\"post\":\"14\",\"time\":\"1672477540\"},{\"post\":\"252\",\"time\":\"1672478436\"}]','2022-12-31 13:59:51','2022-12-31 13:59:51'),(29,29,'09:01:54','09:20:54','00:19:00',0,'','[{\"post\":\"251\",\"time\":\"1672477314\"},{\"post\":\"33\",\"time\":\"1672477374\"},{\"post\":\"34\",\"time\":\"1672477374\"},{\"post\":\"17\",\"time\":\"1672477374\"},{\"post\":\"15\",\"time\":\"1672477374\"},{\"post\":\"11\",\"time\":\"1672477374\"},{\"post\":\"14\",\"time\":\"1672477374\"},{\"post\":\"252\",\"time\":\"1672478454\"}]','2022-12-31 13:59:51','2022-12-31 13:59:51'),(30,30,'08:55:17','09:11:42','00:16:25',0,'','[{\"post\":\"251\",\"time\":\"1672476917\"},{\"post\":\"33\",\"time\":\"1672476977\"},{\"post\":\"34\",\"time\":\"1672476977\"},{\"post\":\"17\",\"time\":\"1672476977\"},{\"post\":\"15\",\"time\":\"1672476977\"},{\"post\":\"11\",\"time\":\"1672476977\"},{\"post\":\"14\",\"time\":\"1672476977\"},{\"post\":\"252\",\"time\":\"1672477902\"}]','2022-12-31 13:59:51','2022-12-31 13:59:51'),(31,31,'09:03:43','09:18:31','00:14:48',0,'','[{\"post\":\"251\",\"time\":\"1672477423\"},{\"post\":\"33\",\"time\":\"1672477483\"},{\"post\":\"34\",\"time\":\"1672477483\"},{\"post\":\"17\",\"time\":\"1672477483\"},{\"post\":\"15\",\"time\":\"1672477483\"},{\"post\":\"11\",\"time\":\"1672477483\"},{\"post\":\"14\",\"time\":\"1672477483\"},{\"post\":\"252\",\"time\":\"1672478311\"}]','2022-12-31 13:59:51','2022-12-31 13:59:51'),(32,32,'08:48:03','09:01:04','00:13:01',0,'','[{\"post\":\"251\",\"time\":\"1672476483\"},{\"post\":\"33\",\"time\":\"1672476543\"},{\"post\":\"34\",\"time\":\"1672476543\"},{\"post\":\"17\",\"time\":\"1672476543\"},{\"post\":\"15\",\"time\":\"1672476543\"},{\"post\":\"11\",\"time\":\"1672476543\"},{\"post\":\"14\",\"time\":\"1672476543\"},{\"post\":\"252\",\"time\":\"1672477264\"}]','2022-12-31 13:59:51','2022-12-31 13:59:51'),(33,33,'09:21:12','09:33:22','00:12:10',0,'','[{\"post\":\"251\",\"time\":\"1672478472\"},{\"post\":\"33\",\"time\":\"1672478532\"},{\"post\":\"34\",\"time\":\"1672478532\"},{\"post\":\"17\",\"time\":\"1672478532\"},{\"post\":\"15\",\"time\":\"1672478532\"},{\"post\":\"11\",\"time\":\"1672478532\"},{\"post\":\"14\",\"time\":\"1672478532\"},{\"post\":\"252\",\"time\":\"1672479202\"}]','2022-12-31 13:59:51','2022-12-31 13:59:51'),(34,34,'08:51:00','09:00:55','00:09:55',0,'','[{\"post\":\"251\",\"time\":\"1672476660\"},{\"post\":\"33\",\"time\":\"1672476720\"},{\"post\":\"34\",\"time\":\"1672476720\"},{\"post\":\"17\",\"time\":\"1672476720\"},{\"post\":\"15\",\"time\":\"1672476720\"},{\"post\":\"11\",\"time\":\"1672476720\"},{\"post\":\"14\",\"time\":\"1672476720\"},{\"post\":\"252\",\"time\":\"1672477255\"}]','2022-12-31 13:59:51','2022-12-31 13:59:51'),(35,35,'09:10:18','09:30:07','00:19:49',0,'','[{\"post\":\"251\",\"time\":\"1672477818\"},{\"post\":\"33\",\"time\":\"1672477878\"},{\"post\":\"34\",\"time\":\"1672477878\"},{\"post\":\"17\",\"time\":\"1672477878\"},{\"post\":\"15\",\"time\":\"1672477878\"},{\"post\":\"11\",\"time\":\"1672477878\"},{\"post\":\"14\",\"time\":\"1672477878\"},{\"post\":\"252\",\"time\":\"1672479007\"}]','2022-12-31 13:59:51','2022-12-31 13:59:51'),(36,36,'09:20:37','09:33:46','00:13:09',0,'','[{\"post\":\"251\",\"time\":\"1672478437\"},{\"post\":\"33\",\"time\":\"1672478497\"},{\"post\":\"34\",\"time\":\"1672478497\"},{\"post\":\"17\",\"time\":\"1672478497\"},{\"post\":\"15\",\"time\":\"1672478497\"},{\"post\":\"11\",\"time\":\"1672478497\"},{\"post\":\"14\",\"time\":\"1672478497\"},{\"post\":\"252\",\"time\":\"1672479226\"}]','2022-12-31 13:59:51','2022-12-31 13:59:51'),(37,37,'08:32:29','08:53:25','00:20:56',0,'','[{\"post\":\"251\",\"time\":\"1672475549\"},{\"post\":\"33\",\"time\":\"1672475609\"},{\"post\":\"34\",\"time\":\"1672475609\"},{\"post\":\"17\",\"time\":\"1672475609\"},{\"post\":\"15\",\"time\":\"1672475609\"},{\"post\":\"11\",\"time\":\"1672475609\"},{\"post\":\"14\",\"time\":\"1672475609\"},{\"post\":\"252\",\"time\":\"1672476805\"}]','2022-12-31 13:59:51','2022-12-31 13:59:51'),(38,38,'00:00:00','00:00:00','00:00:00',1,NULL,NULL,'2022-12-31 13:59:51','2022-12-31 13:59:51'),(39,39,'08:48:43','09:11:29','00:22:46',0,'','[{\"post\":\"251\",\"time\":\"1672476523\"},{\"post\":\"33\",\"time\":\"1672476583\"},{\"post\":\"34\",\"time\":\"1672476583\"},{\"post\":\"17\",\"time\":\"1672476583\"},{\"post\":\"15\",\"time\":\"1672476583\"},{\"post\":\"11\",\"time\":\"1672476583\"},{\"post\":\"14\",\"time\":\"1672476583\"},{\"post\":\"252\",\"time\":\"1672477889\"}]','2022-12-31 13:59:51','2022-12-31 13:59:51'),(40,40,'09:08:21','09:23:45','00:15:24',0,'','[{\"post\":\"251\",\"time\":\"1672477701\"},{\"post\":\"33\",\"time\":\"1672477761\"},{\"post\":\"34\",\"time\":\"1672477761\"},{\"post\":\"17\",\"time\":\"1672477761\"},{\"post\":\"15\",\"time\":\"1672477761\"},{\"post\":\"11\",\"time\":\"1672477761\"},{\"post\":\"14\",\"time\":\"1672477761\"},{\"post\":\"252\",\"time\":\"1672478625\"}]','2022-12-31 13:59:51','2022-12-31 13:59:51'),(41,41,'09:14:18','09:34:37','00:20:19',0,'','[{\"post\":\"251\",\"time\":\"1672478058\"},{\"post\":\"33\",\"time\":\"1672478118\"},{\"post\":\"34\",\"time\":\"1672478118\"},{\"post\":\"17\",\"time\":\"1672478118\"},{\"post\":\"15\",\"time\":\"1672478118\"},{\"post\":\"11\",\"time\":\"1672478118\"},{\"post\":\"14\",\"time\":\"1672478118\"},{\"post\":\"252\",\"time\":\"1672479277\"}]','2022-12-31 13:59:51','2022-12-31 13:59:51'),(42,42,'00:00:00','00:00:00','00:00:00',1,NULL,NULL,'2022-12-31 13:59:51','2022-12-31 13:59:51'),(43,43,'09:11:51','09:28:46','00:16:55',0,'','[{\"post\":\"251\",\"time\":\"1672477911\"},{\"post\":\"33\",\"time\":\"1672477971\"},{\"post\":\"34\",\"time\":\"1672477971\"},{\"post\":\"17\",\"time\":\"1672477971\"},{\"post\":\"15\",\"time\":\"1672477971\"},{\"post\":\"11\",\"time\":\"1672477971\"},{\"post\":\"14\",\"time\":\"1672477971\"},{\"post\":\"252\",\"time\":\"1672478926\"}]','2022-12-31 13:59:51','2022-12-31 13:59:51'),(44,44,'08:39:40','08:50:34','00:10:54',0,'','[{\"post\":\"251\",\"time\":\"1672475980\"},{\"post\":\"33\",\"time\":\"1672476040\"},{\"post\":\"34\",\"time\":\"1672476040\"},{\"post\":\"17\",\"time\":\"1672476040\"},{\"post\":\"15\",\"time\":\"1672476040\"},{\"post\":\"11\",\"time\":\"1672476040\"},{\"post\":\"14\",\"time\":\"1672476040\"},{\"post\":\"252\",\"time\":\"1672476634\"}]','2022-12-31 13:59:51','2022-12-31 13:59:51'),(45,45,'09:09:20','09:20:41','00:11:21',0,'','[{\"post\":\"251\",\"time\":\"1672477760\"},{\"post\":\"33\",\"time\":\"1672477820\"},{\"post\":\"34\",\"time\":\"1672477820\"},{\"post\":\"17\",\"time\":\"1672477820\"},{\"post\":\"15\",\"time\":\"1672477820\"},{\"post\":\"11\",\"time\":\"1672477820\"},{\"post\":\"14\",\"time\":\"1672477820\"},{\"post\":\"252\",\"time\":\"1672478441\"}]','2022-12-31 13:59:51','2022-12-31 13:59:51'),(46,46,'08:43:45','08:51:22','00:07:37',0,'','[{\"post\":\"251\",\"time\":\"1672476225\"},{\"post\":\"33\",\"time\":\"1672476285\"},{\"post\":\"34\",\"time\":\"1672476285\"},{\"post\":\"17\",\"time\":\"1672476285\"},{\"post\":\"15\",\"time\":\"1672476285\"},{\"post\":\"11\",\"time\":\"1672476285\"},{\"post\":\"14\",\"time\":\"1672476285\"},{\"post\":\"252\",\"time\":\"1672476682\"}]','2022-12-31 13:59:51','2022-12-31 13:59:51'),(47,47,'08:38:33','08:45:41','00:07:08',0,'','[{\"post\":\"251\",\"time\":\"1672475913\"},{\"post\":\"33\",\"time\":\"1672475973\"},{\"post\":\"34\",\"time\":\"1672475973\"},{\"post\":\"17\",\"time\":\"1672475973\"},{\"post\":\"15\",\"time\":\"1672475973\"},{\"post\":\"11\",\"time\":\"1672475973\"},{\"post\":\"14\",\"time\":\"1672475973\"},{\"post\":\"252\",\"time\":\"1672476341\"}]','2022-12-31 13:59:51','2022-12-31 13:59:51'),(48,48,'09:16:07','09:28:16','00:12:09',0,'','[{\"post\":\"251\",\"time\":\"1672478167\"},{\"post\":\"33\",\"time\":\"1672478227\"},{\"post\":\"34\",\"time\":\"1672478227\"},{\"post\":\"17\",\"time\":\"1672478227\"},{\"post\":\"15\",\"time\":\"1672478227\"},{\"post\":\"11\",\"time\":\"1672478227\"},{\"post\":\"14\",\"time\":\"1672478227\"},{\"post\":\"252\",\"time\":\"1672478896\"}]','2022-12-31 13:59:51','2022-12-31 13:59:51'),(49,49,'08:51:26','09:06:43','00:15:17',0,'','[{\"post\":\"251\",\"time\":\"1672476686\"},{\"post\":\"33\",\"time\":\"1672476746\"},{\"post\":\"34\",\"time\":\"1672476746\"},{\"post\":\"17\",\"time\":\"1672476746\"},{\"post\":\"15\",\"time\":\"1672476746\"},{\"post\":\"11\",\"time\":\"1672476746\"},{\"post\":\"14\",\"time\":\"1672476746\"},{\"post\":\"252\",\"time\":\"1672477603\"}]','2022-12-31 13:59:51','2022-12-31 13:59:51'),(50,50,'00:00:00','00:00:00','00:00:00',1,NULL,NULL,'2022-12-31 13:59:51','2022-12-31 13:59:51'),(51,51,'00:00:00','00:00:00','00:00:00',1,NULL,NULL,'2022-12-31 13:59:51','2022-12-31 13:59:51'),(52,52,'09:53:52','10:20:06','00:26:14',0,'','[{\"post\":\"251\",\"time\":\"1672480432\"},{\"post\":\"33\",\"time\":\"1672480492\"},{\"post\":\"34\",\"time\":\"1672480492\"},{\"post\":\"17\",\"time\":\"1672480492\"},{\"post\":\"15\",\"time\":\"1672480492\"},{\"post\":\"11\",\"time\":\"1672480492\"},{\"post\":\"14\",\"time\":\"1672480492\"},{\"post\":\"252\",\"time\":\"1672482006\"}]','2022-12-31 13:59:51','2022-12-31 13:59:51'),(53,53,'09:15:10','09:40:13','00:25:03',0,'','[{\"post\":\"251\",\"time\":\"1672478110\"},{\"post\":\"33\",\"time\":\"1672478170\"},{\"post\":\"34\",\"time\":\"1672478170\"},{\"post\":\"17\",\"time\":\"1672478170\"},{\"post\":\"15\",\"time\":\"1672478170\"},{\"post\":\"11\",\"time\":\"1672478170\"},{\"post\":\"14\",\"time\":\"1672478170\"},{\"post\":\"252\",\"time\":\"1672479613\"}]','2022-12-31 13:59:51','2022-12-31 13:59:51'),(54,54,'09:21:51','09:36:42','00:14:51',0,'','[{\"post\":\"251\",\"time\":\"1672478511\"},{\"post\":\"33\",\"time\":\"1672478571\"},{\"post\":\"34\",\"time\":\"1672478571\"},{\"post\":\"17\",\"time\":\"1672478571\"},{\"post\":\"15\",\"time\":\"1672478571\"},{\"post\":\"11\",\"time\":\"1672478571\"},{\"post\":\"14\",\"time\":\"1672478571\"},{\"post\":\"252\",\"time\":\"1672479402\"}]','2022-12-31 13:59:51','2022-12-31 13:59:51'),(55,55,'08:36:08','08:52:31','00:16:23',0,'','[{\"post\":\"251\",\"time\":\"1672475768\"},{\"post\":\"33\",\"time\":\"1672475828\"},{\"post\":\"34\",\"time\":\"1672475828\"},{\"post\":\"17\",\"time\":\"1672475828\"},{\"post\":\"15\",\"time\":\"1672475828\"},{\"post\":\"11\",\"time\":\"1672475828\"},{\"post\":\"14\",\"time\":\"1672475828\"},{\"post\":\"252\",\"time\":\"1672476751\"}]','2022-12-31 13:59:51','2022-12-31 13:59:51'),(56,56,'09:17:50','09:41:38','00:23:48',0,'','[{\"post\":\"251\",\"time\":\"1672478270\"},{\"post\":\"33\",\"time\":\"1672478330\"},{\"post\":\"34\",\"time\":\"1672478330\"},{\"post\":\"17\",\"time\":\"1672478330\"},{\"post\":\"15\",\"time\":\"1672478330\"},{\"post\":\"11\",\"time\":\"1672478330\"},{\"post\":\"14\",\"time\":\"1672478330\"},{\"post\":\"252\",\"time\":\"1672479698\"}]','2022-12-31 13:59:51','2022-12-31 13:59:51'),(57,57,'08:26:19','08:36:53','00:10:34',0,'','[{\"post\":\"251\",\"time\":\"1672475179\"},{\"post\":\"33\",\"time\":\"1672475239\"},{\"post\":\"34\",\"time\":\"1672475239\"},{\"post\":\"17\",\"time\":\"1672475239\"},{\"post\":\"15\",\"time\":\"1672475239\"},{\"post\":\"11\",\"time\":\"1672475239\"},{\"post\":\"14\",\"time\":\"1672475239\"},{\"post\":\"252\",\"time\":\"1672475813\"}]','2022-12-31 13:59:51','2022-12-31 13:59:51'),(58,58,'08:37:35','08:54:39','00:17:04',0,'','[{\"post\":\"251\",\"time\":\"1672475855\"},{\"post\":\"33\",\"time\":\"1672475915\"},{\"post\":\"34\",\"time\":\"1672475915\"},{\"post\":\"17\",\"time\":\"1672475915\"},{\"post\":\"15\",\"time\":\"1672475915\"},{\"post\":\"11\",\"time\":\"1672475915\"},{\"post\":\"14\",\"time\":\"1672475915\"},{\"post\":\"252\",\"time\":\"1672476879\"}]','2022-12-31 13:59:51','2022-12-31 13:59:51'),(59,59,'08:28:50','08:40:46','00:11:56',0,'','[{\"post\":\"251\",\"time\":\"1672475330\"},{\"post\":\"33\",\"time\":\"1672475390\"},{\"post\":\"34\",\"time\":\"1672475390\"},{\"post\":\"17\",\"time\":\"1672475390\"},{\"post\":\"15\",\"time\":\"1672475390\"},{\"post\":\"11\",\"time\":\"1672475390\"},{\"post\":\"14\",\"time\":\"1672475390\"},{\"post\":\"252\",\"time\":\"1672476046\"}]','2022-12-31 13:59:51','2022-12-31 13:59:51'),(60,60,'00:00:00','00:00:00','00:00:00',1,NULL,NULL,'2022-12-31 13:59:51','2022-12-31 13:59:51'),(61,61,'09:28:09','09:51:21','00:23:12',0,'','[{\"post\":\"251\",\"time\":\"1672478889\"},{\"post\":\"33\",\"time\":\"1672478949\"},{\"post\":\"34\",\"time\":\"1672478949\"},{\"post\":\"17\",\"time\":\"1672478949\"},{\"post\":\"15\",\"time\":\"1672478949\"},{\"post\":\"11\",\"time\":\"1672478949\"},{\"post\":\"14\",\"time\":\"1672478949\"},{\"post\":\"252\",\"time\":\"1672480281\"}]','2022-12-31 13:59:51','2022-12-31 13:59:51'),(62,62,'09:28:17','09:51:13','00:22:56',0,'','[{\"post\":\"251\",\"time\":\"1672478897\"},{\"post\":\"33\",\"time\":\"1672478957\"},{\"post\":\"34\",\"time\":\"1672478957\"},{\"post\":\"17\",\"time\":\"1672478957\"},{\"post\":\"15\",\"time\":\"1672478957\"},{\"post\":\"11\",\"time\":\"1672478957\"},{\"post\":\"14\",\"time\":\"1672478957\"},{\"post\":\"252\",\"time\":\"1672480273\"}]','2022-12-31 13:59:51','2022-12-31 13:59:51'),(63,63,'09:13:41','09:27:25','00:13:44',0,'','[{\"post\":\"251\",\"time\":\"1672478021\"},{\"post\":\"33\",\"time\":\"1672478081\"},{\"post\":\"34\",\"time\":\"1672478081\"},{\"post\":\"17\",\"time\":\"1672478081\"},{\"post\":\"15\",\"time\":\"1672478081\"},{\"post\":\"11\",\"time\":\"1672478081\"},{\"post\":\"14\",\"time\":\"1672478081\"},{\"post\":\"252\",\"time\":\"1672478845\"}]','2022-12-31 13:59:51','2022-12-31 13:59:51'),(64,64,'00:00:00','00:00:00','00:00:00',1,NULL,NULL,'2022-12-31 13:59:51','2022-12-31 13:59:51'),(65,65,'09:27:40','10:05:44','00:38:04',0,'','[{\"post\":\"251\",\"time\":\"1672478860\"},{\"post\":\"33\",\"time\":\"1672478920\"},{\"post\":\"34\",\"time\":\"1672478920\"},{\"post\":\"17\",\"time\":\"1672478920\"},{\"post\":\"15\",\"time\":\"1672478920\"},{\"post\":\"11\",\"time\":\"1672478920\"},{\"post\":\"14\",\"time\":\"1672478920\"},{\"post\":\"252\",\"time\":\"1672481144\"}]','2022-12-31 13:59:51','2022-12-31 13:59:51'),(66,66,'08:50:32','09:04:01','00:13:29',0,'','[{\"post\":\"251\",\"time\":\"1672476632\"},{\"post\":\"33\",\"time\":\"1672476692\"},{\"post\":\"34\",\"time\":\"1672476692\"},{\"post\":\"17\",\"time\":\"1672476692\"},{\"post\":\"15\",\"time\":\"1672476692\"},{\"post\":\"11\",\"time\":\"1672476692\"},{\"post\":\"14\",\"time\":\"1672476692\"},{\"post\":\"252\",\"time\":\"1672477441\"}]','2022-12-31 13:59:51','2022-12-31 13:59:51'),(67,67,'08:41:02','08:49:30','00:08:28',0,'','[{\"post\":\"251\",\"time\":\"1672476062\"},{\"post\":\"33\",\"time\":\"1672476122\"},{\"post\":\"34\",\"time\":\"1672476122\"},{\"post\":\"17\",\"time\":\"1672476122\"},{\"post\":\"15\",\"time\":\"1672476122\"},{\"post\":\"11\",\"time\":\"1672476122\"},{\"post\":\"14\",\"time\":\"1672476122\"},{\"post\":\"252\",\"time\":\"1672476570\"}]','2022-12-31 13:59:51','2022-12-31 13:59:51'),(68,68,'08:24:17','08:43:10','00:18:53',0,'','[{\"post\":\"251\",\"time\":\"1672475057\"},{\"post\":\"33\",\"time\":\"1672475117\"},{\"post\":\"34\",\"time\":\"1672475117\"},{\"post\":\"17\",\"time\":\"1672475117\"},{\"post\":\"15\",\"time\":\"1672475117\"},{\"post\":\"11\",\"time\":\"1672475117\"},{\"post\":\"14\",\"time\":\"1672475117\"},{\"post\":\"252\",\"time\":\"1672476190\"}]','2022-12-31 13:59:51','2022-12-31 13:59:51'),(69,69,'08:23:28','08:42:57','00:19:29',0,'','[{\"post\":\"251\",\"time\":\"1672475008\"},{\"post\":\"33\",\"time\":\"1672475068\"},{\"post\":\"34\",\"time\":\"1672475068\"},{\"post\":\"17\",\"time\":\"1672475068\"},{\"post\":\"15\",\"time\":\"1672475068\"},{\"post\":\"11\",\"time\":\"1672475068\"},{\"post\":\"14\",\"time\":\"1672475068\"},{\"post\":\"252\",\"time\":\"1672476177\"}]','2022-12-31 13:59:51','2022-12-31 13:59:51'),(70,70,'08:27:41','08:43:06','00:15:25',0,'','[{\"post\":\"251\",\"time\":\"1672475261\"},{\"post\":\"33\",\"time\":\"1672475321\"},{\"post\":\"34\",\"time\":\"1672475321\"},{\"post\":\"17\",\"time\":\"1672475321\"},{\"post\":\"15\",\"time\":\"1672475321\"},{\"post\":\"11\",\"time\":\"1672475321\"},{\"post\":\"14\",\"time\":\"1672475321\"},{\"post\":\"252\",\"time\":\"1672476186\"}]','2022-12-31 13:59:51','2022-12-31 13:59:51'),(71,71,'08:22:48','08:43:08','00:20:20',0,'','[{\"post\":\"251\",\"time\":\"1672474968\"},{\"post\":\"33\",\"time\":\"1672475028\"},{\"post\":\"34\",\"time\":\"1672475028\"},{\"post\":\"17\",\"time\":\"1672475028\"},{\"post\":\"15\",\"time\":\"1672475028\"},{\"post\":\"11\",\"time\":\"1672475028\"},{\"post\":\"14\",\"time\":\"1672475028\"},{\"post\":\"252\",\"time\":\"1672476188\"}]','2022-12-31 13:59:51','2022-12-31 13:59:51'),(72,72,'09:31:02','09:53:44','00:22:42',0,'','[{\"post\":\"251\",\"time\":\"1672479062\"},{\"post\":\"33\",\"time\":\"1672479122\"},{\"post\":\"34\",\"time\":\"1672479122\"},{\"post\":\"17\",\"time\":\"1672479122\"},{\"post\":\"15\",\"time\":\"1672479122\"},{\"post\":\"11\",\"time\":\"1672479122\"},{\"post\":\"14\",\"time\":\"1672479122\"},{\"post\":\"252\",\"time\":\"1672480424\"}]','2022-12-31 13:59:51','2022-12-31 13:59:51'),(73,73,'08:19:30','08:43:49','00:24:19',0,'','[{\"post\":\"251\",\"time\":\"1672474770\"},{\"post\":\"33\",\"time\":\"1672474830\"},{\"post\":\"34\",\"time\":\"1672474830\"},{\"post\":\"17\",\"time\":\"1672474830\"},{\"post\":\"15\",\"time\":\"1672474830\"},{\"post\":\"11\",\"time\":\"1672474830\"},{\"post\":\"14\",\"time\":\"1672474830\"},{\"post\":\"252\",\"time\":\"1672476229\"}]','2022-12-31 13:59:51','2022-12-31 13:59:51'),(74,74,'08:56:00','09:30:14','00:34:14',0,'','[{\"post\":\"251\",\"time\":\"1672476960\"},{\"post\":\"33\",\"time\":\"1672477020\"},{\"post\":\"34\",\"time\":\"1672477020\"},{\"post\":\"17\",\"time\":\"1672477020\"},{\"post\":\"15\",\"time\":\"1672477020\"},{\"post\":\"11\",\"time\":\"1672477020\"},{\"post\":\"14\",\"time\":\"1672477020\"},{\"post\":\"252\",\"time\":\"1672479014\"}]','2022-12-31 13:59:51','2022-12-31 13:59:51'),(75,75,'09:02:28','09:11:25','00:08:57',0,'','[{\"post\":\"251\",\"time\":\"1672477348\"},{\"post\":\"33\",\"time\":\"1672477408\"},{\"post\":\"34\",\"time\":\"1672477408\"},{\"post\":\"17\",\"time\":\"1672477408\"},{\"post\":\"15\",\"time\":\"1672477408\"},{\"post\":\"11\",\"time\":\"1672477408\"},{\"post\":\"14\",\"time\":\"1672477408\"},{\"post\":\"252\",\"time\":\"1672477885\"}]','2022-12-31 13:59:51','2022-12-31 13:59:51'),(76,76,'00:00:00','00:00:00','00:00:00',1,NULL,NULL,'2022-12-31 13:59:51','2022-12-31 13:59:51'),(77,77,'09:08:55','09:19:11','00:10:16',0,'','[{\"post\":\"251\",\"time\":\"1672477735\"},{\"post\":\"33\",\"time\":\"1672477795\"},{\"post\":\"34\",\"time\":\"1672477795\"},{\"post\":\"17\",\"time\":\"1672477795\"},{\"post\":\"15\",\"time\":\"1672477795\"},{\"post\":\"11\",\"time\":\"1672477795\"},{\"post\":\"14\",\"time\":\"1672477795\"},{\"post\":\"252\",\"time\":\"1672478351\"}]','2022-12-31 13:59:51','2022-12-31 13:59:51'),(78,78,'08:57:48','09:08:52','00:11:04',0,'','[{\"post\":\"251\",\"time\":\"1672477068\"},{\"post\":\"33\",\"time\":\"1672477128\"},{\"post\":\"34\",\"time\":\"1672477128\"},{\"post\":\"17\",\"time\":\"1672477128\"},{\"post\":\"15\",\"time\":\"1672477128\"},{\"post\":\"11\",\"time\":\"1672477128\"},{\"post\":\"14\",\"time\":\"1672477128\"},{\"post\":\"252\",\"time\":\"1672477732\"}]','2022-12-31 13:59:51','2022-12-31 13:59:51'),(79,79,'08:30:08','08:41:20','00:11:12',0,'','[{\"post\":\"251\",\"time\":\"1672475408\"},{\"post\":\"33\",\"time\":\"1672475468\"},{\"post\":\"34\",\"time\":\"1672475468\"},{\"post\":\"17\",\"time\":\"1672475468\"},{\"post\":\"15\",\"time\":\"1672475468\"},{\"post\":\"11\",\"time\":\"1672475468\"},{\"post\":\"14\",\"time\":\"1672475468\"},{\"post\":\"252\",\"time\":\"1672476080\"}]','2022-12-31 13:59:51','2022-12-31 13:59:51'),(80,80,'08:25:14','08:37:36','00:12:22',0,'','[{\"post\":\"251\",\"time\":\"1672475114\"},{\"post\":\"33\",\"time\":\"1672475174\"},{\"post\":\"34\",\"time\":\"1672475174\"},{\"post\":\"17\",\"time\":\"1672475174\"},{\"post\":\"15\",\"time\":\"1672475174\"},{\"post\":\"11\",\"time\":\"1672475174\"},{\"post\":\"14\",\"time\":\"1672475174\"},{\"post\":\"252\",\"time\":\"1672475856\"}]','2022-12-31 13:59:51','2022-12-31 13:59:51'),(81,81,'08:53:01','09:06:15','00:13:14',0,'','[{\"post\":\"251\",\"time\":\"1672476781\"},{\"post\":\"33\",\"time\":\"1672476841\"},{\"post\":\"34\",\"time\":\"1672476841\"},{\"post\":\"17\",\"time\":\"1672476841\"},{\"post\":\"15\",\"time\":\"1672476841\"},{\"post\":\"11\",\"time\":\"1672476841\"},{\"post\":\"14\",\"time\":\"1672476841\"},{\"post\":\"252\",\"time\":\"1672477575\"}]','2022-12-31 13:59:51','2022-12-31 13:59:51'),(82,82,'09:03:18','09:11:23','00:08:05',0,'','[{\"post\":\"251\",\"time\":\"1672477398\"},{\"post\":\"33\",\"time\":\"1672477458\"},{\"post\":\"34\",\"time\":\"1672477458\"},{\"post\":\"17\",\"time\":\"1672477458\"},{\"post\":\"15\",\"time\":\"1672477458\"},{\"post\":\"11\",\"time\":\"1672477458\"},{\"post\":\"14\",\"time\":\"1672477458\"},{\"post\":\"252\",\"time\":\"1672477883\"}]','2022-12-31 13:59:51','2022-12-31 13:59:51'),(83,83,'09:25:20','09:38:28','00:13:08',0,'','[{\"post\":\"251\",\"time\":\"1672478720\"},{\"post\":\"33\",\"time\":\"1672478780\"},{\"post\":\"34\",\"time\":\"1672478780\"},{\"post\":\"17\",\"time\":\"1672478780\"},{\"post\":\"15\",\"time\":\"1672478780\"},{\"post\":\"11\",\"time\":\"1672478780\"},{\"post\":\"14\",\"time\":\"1672478780\"},{\"post\":\"252\",\"time\":\"1672479508\"}]','2022-12-31 13:59:51','2022-12-31 13:59:51'),(84,84,'00:00:00','00:00:00','00:00:00',1,NULL,NULL,'2022-12-31 13:59:51','2022-12-31 13:59:51'),(85,85,'09:24:32','09:40:46','00:16:14',0,'','[{\"post\":\"251\",\"time\":\"1672478672\"},{\"post\":\"33\",\"time\":\"1672478732\"},{\"post\":\"34\",\"time\":\"1672478732\"},{\"post\":\"17\",\"time\":\"1672478732\"},{\"post\":\"15\",\"time\":\"1672478732\"},{\"post\":\"11\",\"time\":\"1672478732\"},{\"post\":\"14\",\"time\":\"1672478732\"},{\"post\":\"252\",\"time\":\"1672479646\"}]','2022-12-31 13:59:51','2022-12-31 13:59:51'),(86,86,'09:23:15','09:39:12','00:15:57',0,'','[{\"post\":\"251\",\"time\":\"1672478595\"},{\"post\":\"33\",\"time\":\"1672478655\"},{\"post\":\"34\",\"time\":\"1672478655\"},{\"post\":\"17\",\"time\":\"1672478655\"},{\"post\":\"15\",\"time\":\"1672478655\"},{\"post\":\"11\",\"time\":\"1672478655\"},{\"post\":\"14\",\"time\":\"1672478655\"},{\"post\":\"252\",\"time\":\"1672479552\"}]','2022-12-31 13:59:51','2022-12-31 13:59:51'),(87,87,'00:00:00','00:00:00','00:00:00',1,NULL,NULL,'2022-12-31 13:59:51','2022-12-31 13:59:51'),(88,88,'09:48:35','09:55:39','00:07:04',0,'','[{\"post\":\"251\",\"time\":\"1672480115\"},{\"post\":\"33\",\"time\":\"1672480175\"},{\"post\":\"34\",\"time\":\"1672480175\"},{\"post\":\"17\",\"time\":\"1672480175\"},{\"post\":\"15\",\"time\":\"1672480175\"},{\"post\":\"11\",\"time\":\"1672480175\"},{\"post\":\"14\",\"time\":\"1672480175\"},{\"post\":\"252\",\"time\":\"1672480539\"}]','2022-12-31 13:59:51','2022-12-31 13:59:51'),(89,89,'09:17:22','09:30:33','00:13:11',0,'','[{\"post\":\"251\",\"time\":\"1672478242\"},{\"post\":\"33\",\"time\":\"1672478302\"},{\"post\":\"34\",\"time\":\"1672478302\"},{\"post\":\"17\",\"time\":\"1672478302\"},{\"post\":\"15\",\"time\":\"1672478302\"},{\"post\":\"11\",\"time\":\"1672478302\"},{\"post\":\"14\",\"time\":\"1672478302\"},{\"post\":\"252\",\"time\":\"1672479033\"}]','2022-12-31 13:59:51','2022-12-31 13:59:51'),(90,90,'09:47:47','09:58:20','00:10:33',0,'','[{\"post\":\"251\",\"time\":\"1672480067\"},{\"post\":\"33\",\"time\":\"1672480127\"},{\"post\":\"34\",\"time\":\"1672480127\"},{\"post\":\"17\",\"time\":\"1672480127\"},{\"post\":\"15\",\"time\":\"1672480127\"},{\"post\":\"11\",\"time\":\"1672480127\"},{\"post\":\"14\",\"time\":\"1672480127\"},{\"post\":\"252\",\"time\":\"1672480700\"}]','2022-12-31 13:59:51','2022-12-31 13:59:51'),(91,91,'09:49:25','10:05:55','00:16:30',0,'','[{\"post\":\"251\",\"time\":\"1672480165\"},{\"post\":\"33\",\"time\":\"1672480225\"},{\"post\":\"34\",\"time\":\"1672480225\"},{\"post\":\"17\",\"time\":\"1672480225\"},{\"post\":\"15\",\"time\":\"1672480225\"},{\"post\":\"11\",\"time\":\"1672480225\"},{\"post\":\"14\",\"time\":\"1672480225\"},{\"post\":\"252\",\"time\":\"1672481155\"}]','2022-12-31 13:59:51','2022-12-31 13:59:51'),(92,92,'00:00:00','00:00:00','00:00:00',1,NULL,NULL,'2022-12-31 13:59:51','2022-12-31 13:59:51'),(93,93,'00:00:00','00:00:00','00:00:00',1,NULL,NULL,'2022-12-31 13:59:51','2022-12-31 13:59:51'),(94,94,'09:29:10','10:02:01','00:32:51',0,'','[{\"post\":\"251\",\"time\":\"1672478950\"},{\"post\":\"33\",\"time\":\"1672479010\"},{\"post\":\"34\",\"time\":\"1672479010\"},{\"post\":\"17\",\"time\":\"1672479010\"},{\"post\":\"15\",\"time\":\"1672479010\"},{\"post\":\"11\",\"time\":\"1672479010\"},{\"post\":\"14\",\"time\":\"1672479010\"},{\"post\":\"252\",\"time\":\"1672480921\"}]','2022-12-31 13:59:51','2022-12-31 13:59:51'),(95,95,'09:01:46','09:15:02','00:13:16',0,'','[{\"post\":\"251\",\"time\":\"1672477306\"},{\"post\":\"33\",\"time\":\"1672477366\"},{\"post\":\"34\",\"time\":\"1672477366\"},{\"post\":\"17\",\"time\":\"1672477366\"},{\"post\":\"15\",\"time\":\"1672477366\"},{\"post\":\"11\",\"time\":\"1672477366\"},{\"post\":\"14\",\"time\":\"1672477366\"},{\"post\":\"252\",\"time\":\"1672478102\"}]','2022-12-31 13:59:51','2022-12-31 13:59:51'),(96,96,'08:46:24','09:01:46','00:15:22',0,'','[{\"post\":\"251\",\"time\":\"1672476384\"},{\"post\":\"33\",\"time\":\"1672476444\"},{\"post\":\"34\",\"time\":\"1672476444\"},{\"post\":\"17\",\"time\":\"1672476444\"},{\"post\":\"15\",\"time\":\"1672476444\"},{\"post\":\"11\",\"time\":\"1672476444\"},{\"post\":\"14\",\"time\":\"1672476444\"},{\"post\":\"252\",\"time\":\"1672477306\"}]','2022-12-31 13:59:51','2022-12-31 13:59:51'),(97,97,'00:00:00','00:00:00','00:00:00',1,NULL,NULL,'2022-12-31 13:59:51','2022-12-31 13:59:51'),(98,98,'08:45:49','09:03:31','00:17:42',0,'','[{\"post\":\"251\",\"time\":\"1672476349\"},{\"post\":\"33\",\"time\":\"1672476409\"},{\"post\":\"34\",\"time\":\"1672476409\"},{\"post\":\"17\",\"time\":\"1672476409\"},{\"post\":\"15\",\"time\":\"1672476409\"},{\"post\":\"11\",\"time\":\"1672476409\"},{\"post\":\"14\",\"time\":\"1672476409\"},{\"post\":\"252\",\"time\":\"1672477411\"}]','2022-12-31 13:59:51','2022-12-31 13:59:51'),(99,99,'00:00:00','00:00:00','00:00:00',1,NULL,NULL,'2022-12-31 13:59:51','2022-12-31 13:59:51'),(100,100,'09:05:11','09:29:26','00:24:15',0,'','[{\"post\":\"251\",\"time\":\"1672477511\"},{\"post\":\"33\",\"time\":\"1672477571\"},{\"post\":\"34\",\"time\":\"1672477571\"},{\"post\":\"17\",\"time\":\"1672477571\"},{\"post\":\"15\",\"time\":\"1672477571\"},{\"post\":\"11\",\"time\":\"1672477571\"},{\"post\":\"14\",\"time\":\"1672477571\"},{\"post\":\"252\",\"time\":\"1672478966\"}]','2022-12-31 13:59:51','2022-12-31 13:59:51'),(101,101,'00:00:00','00:00:00','00:00:00',1,NULL,NULL,'2022-12-31 13:59:51','2022-12-31 13:59:51'),(102,102,'00:00:00','00:00:00','00:00:00',1,NULL,NULL,'2022-12-31 13:59:51','2022-12-31 13:59:51'),(103,103,'08:58:37','09:06:40','00:08:03',0,'','[{\"post\":\"251\",\"time\":\"1672477117\"},{\"post\":\"33\",\"time\":\"1672477177\"},{\"post\":\"34\",\"time\":\"1672477177\"},{\"post\":\"17\",\"time\":\"1672477177\"},{\"post\":\"15\",\"time\":\"1672477177\"},{\"post\":\"11\",\"time\":\"1672477177\"},{\"post\":\"14\",\"time\":\"1672477177\"},{\"post\":\"252\",\"time\":\"1672477600\"}]','2022-12-31 13:59:51','2022-12-31 13:59:51');
/*!40000 ALTER TABLE `orienteering` ENABLE KEYS */;
UNLOCK TABLES;

--
-- Table structure for table `orienteering_stations_stages`
--

DROP TABLE IF EXISTS `orienteering_stations_stages`;
/*!40101 SET @saved_cs_client     = @@character_set_client */;
/*!40101 SET character_set_client = utf8 */;
CREATE TABLE `orienteering_stations_stages` (
  `id` int(11) NOT NULL AUTO_INCREMENT,
  `category_id` int(11) NOT NULL,
  `post` int(11) NOT NULL,
  `created_at` timestamp NULL DEFAULT NULL,
  `updated_at` timestamp NULL DEFAULT NULL,
  PRIMARY KEY (`id`)
) ENGINE=InnoDB AUTO_INCREMENT=57 DEFAULT CHARSET=latin1 COLLATE=latin1_swedish_ci;
/*!40101 SET character_set_client = @saved_cs_client */;

--
-- Dumping data for table `orienteering_stations_stages`
--

LOCK TABLES `orienteering_stations_stages` WRITE;
/*!40000 ALTER TABLE `orienteering_stations_stages` DISABLE KEYS */;
INSERT INTO `orienteering_stations_stages` VALUES (1,1,251,'2022-12-31 11:34:49','2022-12-31 11:34:49'),(2,1,33,'2022-12-31 11:34:49','2022-12-31 11:34:49'),(3,1,34,'2022-12-31 11:34:49','2022-12-31 11:34:49'),(4,1,17,'2022-12-31 11:34:49','2022-12-31 11:34:49'),(5,1,15,'2022-12-31 11:34:49','2022-12-31 11:34:49'),(6,1,11,'2022-12-31 11:34:49','2022-12-31 11:34:49'),(7,1,14,'2022-12-31 11:34:49','2022-12-31 11:34:49'),(8,1,252,'2022-12-31 11:34:49','2022-12-31 11:34:49'),(9,2,251,'2022-12-31 11:35:08','2022-12-31 11:35:08'),(10,2,33,'2022-12-31 11:35:08','2022-12-31 11:35:08'),(11,2,34,'2022-12-31 11:35:08','2022-12-31 11:35:08'),(12,2,17,'2022-12-31 11:35:08','2022-12-31 11:35:08'),(13,2,15,'2022-12-31 11:35:08','2022-12-31 11:35:08'),(14,2,11,'2022-12-31 11:35:08','2022-12-31 11:35:08'),(15,2,14,'2022-12-31 11:35:08','2022-12-31 11:35:08'),(16,2,252,'2022-12-31 11:35:08','2022-12-31 11:35:08'),(17,3,251,'2022-12-31 11:36:19','2022-12-31 11:36:19'),(18,3,33,'2022-12-31 11:36:19','2022-12-31 11:36:19'),(19,3,34,'2022-12-31 11:36:19','2022-12-31 11:36:19'),(20,3,17,'2022-12-31 11:36:19','2022-12-31 11:36:19'),(21,3,15,'2022-12-31 11:36:19','2022-12-31 11:36:19'),(22,3,11,'2022-12-31 11:36:19','2022-12-31 11:36:19'),(23,3,14,'2022-12-31 11:36:19','2022-12-31 11:36:19'),(24,3,252,'2022-12-31 11:36:19','2022-12-31 11:36:19'),(25,4,251,'2022-12-31 11:36:36','2022-12-31 11:36:36'),(26,4,33,'2022-12-31 11:36:36','2022-12-31 11:36:36'),(27,4,34,'2022-12-31 11:36:36','2022-12-31 11:36:36'),(28,4,17,'2022-12-31 11:36:36','2022-12-31 11:36:36'),(29,4,15,'2022-12-31 11:36:36','2022-12-31 11:36:36'),(30,4,11,'2022-12-31 11:36:36','2022-12-31 11:36:36'),(31,4,14,'2022-12-31 11:36:36','2022-12-31 11:36:36'),(32,4,252,'2022-12-31 11:36:36','2022-12-31 11:36:36'),(33,5,251,'2022-12-31 11:36:50','2022-12-31 11:36:50'),(34,5,33,'2022-12-31 11:36:50','2022-12-31 11:36:50'),(35,5,34,'2022-12-31 11:36:50','2022-12-31 11:36:50'),(36,5,17,'2022-12-31 11:36:50','2022-12-31 11:36:50'),(37,5,15,'2022-12-31 11:36:50','2022-12-31 11:36:50'),(38,5,11,'2022-12-31 11:36:50','2022-12-31 11:36:50'),(39,5,14,'2022-12-31 11:36:50','2022-12-31 11:36:50'),(40,5,252,'2022-12-31 11:36:50','2022-12-31 11:36:50'),(41,6,251,'2022-12-31 11:37:03','2022-12-31 11:37:03'),(42,6,33,'2022-12-31 11:37:03','2022-12-31 11:37:03'),(43,6,34,'2022-12-31 11:37:03','2022-12-31 11:37:03'),(44,6,17,'2022-12-31 11:37:03','2022-12-31 11:37:03'),(45,6,15,'2022-12-31 11:37:03','2022-12-31 11:37:03'),(46,6,11,'2022-12-31 11:37:03','2022-12-31 11:37:03'),(47,6,14,'2022-12-31 11:37:03','2022-12-31 11:37:03'),(48,6,252,'2022-12-31 11:37:03','2022-12-31 11:37:03'),(49,7,251,'2022-12-31 11:37:24','2022-12-31 11:37:24'),(50,7,33,'2022-12-31 11:37:24','2022-12-31 11:37:24'),(51,7,34,'2022-12-31 11:37:24','2022-12-31 11:37:24'),(52,7,17,'2022-12-31 11:37:24','2022-12-31 11:37:24'),(53,7,15,'2022-12-31 11:37:24','2022-12-31 11:37:24'),(54,7,11,'2022-12-31 11:37:24','2022-12-31 11:37:24'),(55,7,14,'2022-12-31 11:37:24','2022-12-31 11:37:24'),(56,7,252,'2022-12-31 11:37:24','2022-12-31 11:37:24');
/*!40000 ALTER TABLE `orienteering_stations_stages` ENABLE KEYS */;
UNLOCK TABLES;

--
-- Table structure for table `raidmontan_participations`
--

DROP TABLE IF EXISTS `raidmontan_participations`;
/*!40101 SET @saved_cs_client     = @@character_set_client */;
/*!40101 SET character_set_client = utf8 */;
CREATE TABLE `raidmontan_participations` (
  `id` int(11) NOT NULL AUTO_INCREMENT,
  `team_id` int(11) NOT NULL,
  `missing_equipment_items` int(11) NOT NULL,
  `missing_footwear` int(11) NOT NULL,
  `abandon` int(11) NOT NULL,
  `minimum_distance_penalty` int(11) NOT NULL,
  `created_at` timestamp NULL DEFAULT NULL,
  `updated_at` timestamp NULL DEFAULT NULL,
  PRIMARY KEY (`id`)
) ENGINE=InnoDB AUTO_INCREMENT=104 DEFAULT CHARSET=latin1 COLLATE=latin1_swedish_ci;
/*!40101 SET character_set_client = @saved_cs_client */;

--
-- Dumping data for table `raidmontan_participations`
--

LOCK TABLES `raidmontan_participations` WRITE;
/*!40000 ALTER TABLE `raidmontan_participations` DISABLE KEYS */;
INSERT INTO `raidmontan_participations` VALUES (1,1,0,0,0,0,'2022-12-31 11:30:44','2022-12-31 11:30:44'),(2,2,0,0,0,0,'2022-12-31 11:30:44','2022-12-31 11:30:44'),(3,3,0,0,0,0,'2022-12-31 11:30:44','2022-12-31 11:30:44'),(4,4,0,0,1,0,'2022-12-31 11:30:44','2022-12-31 11:30:44'),(5,5,0,0,0,0,'2022-12-31 11:30:44','2022-12-31 11:30:44'),(6,6,0,0,1,0,'2022-12-31 11:30:44','2022-12-31 11:30:44'),(7,7,0,0,0,0,'2022-12-31 11:30:44','2022-12-31 11:30:44'),(8,8,0,0,0,0,'2022-12-31 11:30:44','2022-12-31 11:30:44'),(9,9,0,0,0,0,'2022-12-31 11:30:44','2022-12-31 11:30:44'),(10,10,0,0,0,0,'2022-12-31 11:30:44','2022-12-31 11:30:44'),(11,11,0,0,0,0,'2022-12-31 11:30:44','2022-12-31 11:30:44'),(12,12,0,0,0,0,'2022-12-31 11:30:44','2022-12-31 11:30:44'),(13,13,0,0,0,0,'2022-12-31 11:30:44','2022-12-31 11:30:44'),(14,14,0,0,0,0,'2022-12-31 11:30:44','2022-12-31 11:30:44'),(15,15,0,0,1,0,'2022-12-31 11:30:44','2022-12-31 11:30:44'),(16,16,0,0,0,0,'2022-12-31 11:30:44','2022-12-31 11:30:44'),(17,17,0,0,0,0,'2022-12-31 11:30:44','2022-12-31 11:30:44'),(18,18,0,0,1,0,'2022-12-31 11:30:44','2022-12-31 11:30:44'),(19,19,0,0,0,0,'2022-12-31 11:30:44','2022-12-31 11:30:44'),(20,20,0,0,0,0,'2022-12-31 11:30:44','2022-12-31 11:30:44'),(21,21,0,0,0,0,'2022-12-31 11:30:44','2022-12-31 11:30:44'),(22,22,0,0,0,0,'2022-12-31 11:30:44','2022-12-31 11:30:44'),(23,23,0,0,0,0,'2022-12-31 11:30:44','2022-12-31 11:30:44'),(24,24,0,0,0,0,'2022-12-31 11:30:44','2022-12-31 11:30:44'),(25,25,0,0,0,0,'2022-12-31 11:30:44','2022-12-31 11:30:44'),(26,26,0,0,0,0,'2022-12-31 11:30:44','2022-12-31 11:30:44'),(27,27,0,0,0,0,'2022-12-31 11:30:44','2022-12-31 11:30:44'),(28,28,0,0,0,0,'2022-12-31 11:30:44','2022-12-31 11:30:44'),(29,29,0,0,0,0,'2022-12-31 11:30:44','2022-12-31 11:30:44'),(30,30,0,0,0,0,'2022-12-31 11:30:44','2022-12-31 11:30:44'),(31,31,0,0,0,0,'2022-12-31 11:30:44','2022-12-31 11:30:44'),(32,32,0,0,0,0,'2022-12-31 11:30:44','2022-12-31 11:30:44'),(33,33,0,0,0,0,'2022-12-31 11:30:44','2022-12-31 11:30:44'),(34,34,0,0,0,0,'2022-12-31 11:30:44','2022-12-31 11:30:44'),(35,35,0,0,0,0,'2022-12-31 11:30:44','2022-12-31 11:30:44'),(36,36,0,0,1,0,'2022-12-31 11:30:44','2022-12-31 11:30:44'),(37,37,0,0,1,0,'2022-12-31 11:30:44','2022-12-31 11:30:44'),(38,38,0,0,0,0,'2022-12-31 11:30:44','2022-12-31 11:30:44'),(39,39,0,0,0,0,'2022-12-31 11:30:44','2022-12-31 11:30:44'),(40,40,0,0,0,0,'2022-12-31 11:30:44','2022-12-31 11:30:44'),(41,41,0,0,0,0,'2022-12-31 11:30:44','2022-12-31 11:30:44'),(42,42,0,0,1,0,'2022-12-31 11:30:44','2022-12-31 11:30:44'),(43,43,0,0,0,0,'2022-12-31 11:30:44','2022-12-31 11:30:44'),(44,44,0,0,1,0,'2022-12-31 11:30:44','2022-12-31 11:30:44'),(45,45,0,0,0,0,'2022-12-31 11:30:44','2022-12-31 11:30:44'),(46,46,0,0,0,0,'2022-12-31 11:30:44','2022-12-31 11:30:44'),(47,47,0,0,0,0,'2022-12-31 11:30:44','2022-12-31 11:30:44'),(48,48,0,0,0,0,'2022-12-31 11:30:44','2022-12-31 11:30:44'),(49,49,0,0,0,0,'2022-12-31 11:30:44','2022-12-31 11:30:44'),(50,50,0,0,1,0,'2022-12-31 11:30:44','2022-12-31 11:30:44'),(51,51,0,0,1,0,'2022-12-31 11:30:44','2022-12-31 11:30:44'),(52,52,0,0,0,0,'2022-12-31 11:30:44','2022-12-31 11:30:44'),(53,53,0,0,0,0,'2022-12-31 11:30:44','2022-12-31 11:30:44'),(54,54,0,0,0,0,'2022-12-31 11:30:44','2022-12-31 11:30:44'),(55,55,0,0,0,0,'2022-12-31 11:30:44','2022-12-31 11:30:44'),(56,56,0,0,0,0,'2022-12-31 11:30:44','2022-12-31 11:30:44'),(57,57,0,0,0,0,'2022-12-31 11:30:44','2022-12-31 11:30:44'),(58,58,0,0,0,0,'2022-12-31 11:30:44','2022-12-31 11:30:44'),(59,59,0,0,0,0,'2022-12-31 11:30:44','2022-12-31 11:30:44'),(60,60,0,0,1,0,'2022-12-31 11:30:44','2022-12-31 11:30:44'),(61,61,0,0,0,0,'2022-12-31 11:30:44','2022-12-31 11:30:44'),(62,62,0,0,0,0,'2022-12-31 11:30:44','2022-12-31 11:30:44'),(63,63,0,0,0,0,'2022-12-31 11:30:44','2022-12-31 11:30:44'),(64,64,0,0,0,0,'2022-12-31 11:30:44','2022-12-31 11:30:44'),(65,65,0,0,1,0,'2022-12-31 11:30:44','2022-12-31 11:30:44'),(66,66,0,0,0,0,'2022-12-31 11:30:44','2022-12-31 11:30:44'),(67,67,0,0,0,0,'2022-12-31 11:30:44','2022-12-31 11:30:44'),(68,68,0,0,1,0,'2022-12-31 11:30:44','2022-12-31 11:30:44'),(69,69,0,0,0,0,'2022-12-31 11:30:44','2022-12-31 11:30:44'),(70,70,0,0,0,0,'2022-12-31 11:30:44','2022-12-31 11:30:44'),(71,71,0,0,0,0,'2022-12-31 11:30:44','2022-12-31 11:30:44'),(72,72,0,0,0,0,'2022-12-31 11:30:44','2022-12-31 11:30:44'),(73,73,0,0,0,0,'2022-12-31 11:30:44','2022-12-31 11:30:44'),(74,74,0,0,1,0,'2022-12-31 11:30:44','2022-12-31 11:30:44'),(75,75,0,0,0,0,'2022-12-31 11:30:44','2022-12-31 11:30:44'),(76,76,0,0,0,0,'2022-12-31 11:30:44','2022-12-31 11:30:44'),(77,77,0,0,0,0,'2022-12-31 11:30:44','2022-12-31 11:30:44'),(78,78,0,0,0,0,'2022-12-31 11:30:44','2022-12-31 11:30:44'),(79,79,0,0,0,0,'2022-12-31 11:30:44','2022-12-31 11:30:44'),(80,80,0,0,0,0,'2022-12-31 11:30:44','2022-12-31 11:30:44'),(81,81,0,0,0,0,'2022-12-31 11:30:44','2022-12-31 11:30:44'),(82,82,0,0,0,0,'2022-12-31 11:30:44','2022-12-31 11:30:44'),(83,83,0,0,0,0,'2022-12-31 11:30:44','2022-12-31 11:30:44'),(84,84,0,0,0,0,'2022-12-31 11:30:44','2022-12-31 11:30:44'),(85,85,0,0,0,0,'2022-12-31 11:30:44','2022-12-31 11:30:44'),(86,86,0,0,1,0,'2022-12-31 11:30:44','2022-12-31 11:30:44'),(87,87,0,0,1,0,'2022-12-31 11:30:44','2022-12-31 11:30:44'),(88,88,0,0,0,0,'2022-12-31 11:30:44','2022-12-31 11:30:44'),(89,89,0,0,0,0,'2022-12-31 11:30:44','2022-12-31 11:30:44'),(90,90,0,0,0,0,'2022-12-31 11:30:44','2022-12-31 11:30:44'),(91,91,0,0,0,0,'2022-12-31 11:30:44','2022-12-31 11:30:44'),(92,92,0,0,1,0,'2022-12-31 11:30:44','2022-12-31 11:30:44'),(93,93,0,0,1,0,'2022-12-31 11:30:44','2022-12-31 11:30:44'),(94,94,0,0,0,0,'2022-12-31 11:30:44','2022-12-31 11:30:44'),(95,95,0,0,0,0,'2022-12-31 11:30:44','2022-12-31 11:30:44'),(96,96,0,0,0,0,'2022-12-31 11:30:44','2022-12-31 11:30:44'),(97,97,0,0,0,0,'2022-12-31 11:30:44','2022-12-31 11:30:44'),(98,98,0,0,0,0,'2022-12-31 11:30:44','2022-12-31 11:30:44'),(99,99,0,0,0,0,'2022-12-31 11:30:44','2022-12-31 11:30:44'),(100,100,0,0,1,0,'2022-12-31 11:30:44','2022-12-31 11:30:44'),(101,101,0,0,1,0,'2022-12-31 11:30:44','2022-12-31 11:30:44'),(102,102,0,0,1,0,'2022-12-31 11:30:44','2022-12-31 11:30:44'),(103,103,0,0,0,0,'2022-12-31 11:30:44','2022-12-31 11:30:44');
/*!40000 ALTER TABLE `raidmontan_participations` ENABLE KEYS */;
UNLOCK TABLES;

--
-- Table structure for table `raidmontan_participations_entries`
--

DROP TABLE IF EXISTS `raidmontan_participations_entries`;
/*!40101 SET @saved_cs_client     = @@character_set_client */;
/*!40101 SET character_set_client = utf8 */;
CREATE TABLE `raidmontan_participations_entries` (
  `id` int(11) NOT NULL AUTO_INCREMENT,
  `raidmontan_participations_id` int(11) NOT NULL,
  `team_id` int(11) NOT NULL,
  `raidmontan_stations_id` int(11) NOT NULL,
  `raidmontan_stations_station_type` int(11) NOT NULL,
  `raidmontan_stations_stages_id` int(11) DEFAULT NULL,
  `time_start` varchar(32) DEFAULT NULL,
  `time_finish` varchar(32) DEFAULT NULL,
  `hits` int(11) DEFAULT NULL,
  `created_at` timestamp NULL DEFAULT NULL,
  `updated_at` timestamp NULL DEFAULT NULL,
  PRIMARY KEY (`id`)
) ENGINE=InnoDB AUTO_INCREMENT=1407 DEFAULT CHARSET=latin1 COLLATE=latin1_swedish_ci;
/*!40101 SET character_set_client = @saved_cs_client */;

--
-- Dumping data for table `raidmontan_participations_entries`
--

LOCK TABLES `raidmontan_participations_entries` WRITE;
/*!40000 ALTER TABLE `raidmontan_participations_entries` DISABLE KEYS */;
INSERT INTO `raidmontan_participations_entries` VALUES (1,1,1,9,0,9,'09:52:14','09:52:14',NULL,'2022-12-31 11:30:44','2022-12-31 11:30:44'),(2,1,1,10,1,10,'11:11:30','11:01:23',NULL,'2022-12-31 11:30:44','2022-12-31 11:30:44'),(3,1,1,11,1,11,'13:47:32','13:22:08',NULL,'2022-12-31 11:30:44','2022-12-31 11:30:44'),(4,1,1,12,1,12,'14:57:18','14:46:40',NULL,'2022-12-31 11:30:44','2022-12-31 11:30:44'),(5,1,1,13,2,NULL,NULL,NULL,1,'2022-12-31 11:30:44','2022-12-31 11:30:44'),(6,1,1,14,2,NULL,NULL,NULL,1,'2022-12-31 11:30:44','2022-12-31 11:30:44'),(7,1,1,15,2,NULL,NULL,NULL,1,'2022-12-31 11:30:44','2022-12-31 11:30:44'),(8,1,1,16,2,NULL,NULL,NULL,1,'2022-12-31 11:30:44','2022-12-31 11:30:44'),(9,1,1,17,2,NULL,NULL,NULL,1,'2022-12-31 11:30:44','2022-12-31 11:30:44'),(10,1,1,18,2,NULL,NULL,NULL,1,'2022-12-31 11:30:44','2022-12-31 11:30:44'),(11,1,1,19,2,NULL,NULL,NULL,1,'2022-12-31 11:30:44','2022-12-31 11:30:44'),(12,1,1,20,2,NULL,NULL,NULL,1,'2022-12-31 11:30:44','2022-12-31 11:30:44'),(13,1,1,21,2,NULL,NULL,NULL,1,'2022-12-31 11:30:44','2022-12-31 11:30:44'),(14,1,1,22,2,NULL,NULL,NULL,1,'2022-12-31 11:30:44','2022-12-31 11:30:44'),(15,1,1,23,2,NULL,NULL,NULL,1,'2022-12-31 11:30:44','2022-12-31 11:30:44'),(16,1,1,24,2,NULL,NULL,NULL,1,'2022-12-31 11:30:44','2022-12-31 11:30:44'),(17,1,1,25,3,13,'00:00:00','17:49:14',NULL,'2022-12-31 11:30:44','2022-12-31 11:30:44'),(18,2,2,1,0,1,'10:04:10','10:04:10',NULL,'2022-12-31 11:30:44','2022-12-31 11:30:44'),(19,2,2,2,1,2,'12:19:04','11:59:21',NULL,'2022-12-31 11:30:44','2022-12-31 11:30:44'),(20,2,2,3,2,NULL,NULL,NULL,1,'2022-12-31 11:30:44','2022-12-31 11:30:44'),(21,2,2,4,2,NULL,NULL,NULL,1,'2022-12-31 11:30:44','2022-12-31 11:30:44'),(22,2,2,5,2,NULL,NULL,NULL,1,'2022-12-31 11:30:44','2022-12-31 11:30:44'),(23,2,2,6,2,NULL,NULL,NULL,1,'2022-12-31 11:30:44','2022-12-31 11:30:44'),(24,2,2,7,2,NULL,NULL,NULL,1,'2022-12-31 11:30:44','2022-12-31 11:30:44'),(25,2,2,8,3,3,'00:00:00','13:51:56',NULL,'2022-12-31 11:30:44','2022-12-31 11:30:44'),(26,3,3,1,0,1,'10:03:03','10:03:03',NULL,'2022-12-31 11:30:44','2022-12-31 11:30:44'),(27,3,3,2,1,2,'12:31:43','12:16:20',NULL,'2022-12-31 11:30:44','2022-12-31 11:30:44'),(28,3,3,3,2,NULL,NULL,NULL,1,'2022-12-31 11:30:44','2022-12-31 11:30:44'),(29,3,3,4,2,NULL,NULL,NULL,1,'2022-12-31 11:30:44','2022-12-31 11:30:44'),(30,3,3,5,2,NULL,NULL,NULL,1,'2022-12-31 11:30:44','2022-12-31 11:30:44'),(31,3,3,6,2,NULL,NULL,NULL,1,'2022-12-31 11:30:44','2022-12-31 11:30:44'),(32,3,3,7,2,NULL,NULL,NULL,1,'2022-12-31 11:30:44','2022-12-31 11:30:44'),(33,3,3,8,3,3,'00:00:00','13:54:12',NULL,'2022-12-31 11:30:44','2022-12-31 11:30:44'),(34,4,4,86,0,34,'00:00:00',NULL,NULL,'2022-12-31 11:30:44','2022-12-31 11:30:44'),(35,4,4,87,1,35,'00:00:00','00:00:00',NULL,'2022-12-31 11:30:44','2022-12-31 11:30:44'),(36,4,4,88,1,36,'00:00:00','00:00:00',NULL,'2022-12-31 11:30:44','2022-12-31 11:30:44'),(37,4,4,89,1,37,'00:00:00','00:00:00',NULL,'2022-12-31 11:30:44','2022-12-31 11:30:44'),(38,4,4,90,2,NULL,NULL,NULL,1,'2022-12-31 11:30:44','2022-12-31 11:30:44'),(39,4,4,91,2,NULL,NULL,NULL,1,'2022-12-31 11:30:44','2022-12-31 11:30:44'),(40,4,4,92,2,NULL,NULL,NULL,1,'2022-12-31 11:30:44','2022-12-31 11:30:44'),(41,4,4,93,2,NULL,NULL,NULL,1,'2022-12-31 11:30:44','2022-12-31 11:30:44'),(42,4,4,94,2,NULL,NULL,NULL,1,'2022-12-31 11:30:44','2022-12-31 11:30:44'),(43,4,4,95,2,NULL,NULL,NULL,1,'2022-12-31 11:30:44','2022-12-31 11:30:44'),(44,4,4,96,2,NULL,NULL,NULL,1,'2022-12-31 11:30:44','2022-12-31 11:30:44'),(45,4,4,97,2,NULL,NULL,NULL,1,'2022-12-31 11:30:44','2022-12-31 11:30:44'),(46,4,4,98,2,NULL,NULL,NULL,1,'2022-12-31 11:30:44','2022-12-31 11:30:44'),(47,4,4,99,2,NULL,NULL,NULL,1,'2022-12-31 11:30:44','2022-12-31 11:30:44'),(48,4,4,100,2,NULL,NULL,NULL,1,'2022-12-31 11:30:44','2022-12-31 11:30:44'),(49,4,4,101,2,NULL,NULL,NULL,1,'2022-12-31 11:30:44','2022-12-31 11:30:44'),(50,4,4,102,3,38,NULL,'00:00:00',NULL,'2022-12-31 11:30:44','2022-12-31 11:30:44'),(51,5,5,43,0,19,'08:48:19','08:48:19',NULL,'2022-12-31 11:30:44','2022-12-31 11:30:44'),(52,5,5,44,1,20,'10:13:53','10:04:42',NULL,'2022-12-31 11:30:44','2022-12-31 11:30:44'),(53,5,5,45,1,21,'12:31:39','12:03:03',NULL,'2022-12-31 11:30:44','2022-12-31 11:30:44'),(54,5,5,46,1,22,'13:37:07','13:35:01',NULL,'2022-12-31 11:30:44','2022-12-31 11:30:44'),(55,5,5,47,2,NULL,NULL,NULL,1,'2022-12-31 11:30:44','2022-12-31 11:30:44'),(56,5,5,48,2,NULL,NULL,NULL,1,'2022-12-31 11:30:44','2022-12-31 11:30:44'),(57,5,5,49,2,NULL,NULL,NULL,1,'2022-12-31 11:30:44','2022-12-31 11:30:44'),(58,5,5,50,2,NULL,NULL,NULL,1,'2022-12-31 11:30:44','2022-12-31 11:30:44'),(59,5,5,51,2,NULL,NULL,NULL,1,'2022-12-31 11:30:44','2022-12-31 11:30:44'),(60,5,5,52,2,NULL,NULL,NULL,1,'2022-12-31 11:30:44','2022-12-31 11:30:44'),(61,5,5,53,2,NULL,NULL,NULL,1,'2022-12-31 11:30:44','2022-12-31 11:30:44'),(62,5,5,54,2,NULL,NULL,NULL,1,'2022-12-31 11:30:44','2022-12-31 11:30:44'),(63,5,5,55,3,23,'00:00:00','14:00:44',NULL,'2022-12-31 11:30:44','2022-12-31 11:30:44'),(64,6,6,43,0,19,'00:00:00',NULL,NULL,'2022-12-31 11:30:44','2022-12-31 11:30:44'),(65,6,6,44,1,20,'00:00:00','00:00:00',NULL,'2022-12-31 11:30:44','2022-12-31 11:30:44'),(66,6,6,45,1,21,'00:00:00','00:00:00',NULL,'2022-12-31 11:30:44','2022-12-31 11:30:44'),(67,6,6,46,1,22,'00:00:00','00:00:00',NULL,'2022-12-31 11:30:44','2022-12-31 11:30:44'),(68,6,6,47,2,NULL,NULL,NULL,1,'2022-12-31 11:30:44','2022-12-31 11:30:44'),(69,6,6,48,2,NULL,NULL,NULL,1,'2022-12-31 11:30:44','2022-12-31 11:30:44'),(70,6,6,49,2,NULL,NULL,NULL,1,'2022-12-31 11:30:44','2022-12-31 11:30:44'),(71,6,6,50,2,NULL,NULL,NULL,1,'2022-12-31 11:30:44','2022-12-31 11:30:44'),(72,6,6,51,2,NULL,NULL,NULL,1,'2022-12-31 11:30:44','2022-12-31 11:30:44'),(73,6,6,52,2,NULL,NULL,NULL,1,'2022-12-31 11:30:44','2022-12-31 11:30:44'),(74,6,6,53,2,NULL,NULL,NULL,1,'2022-12-31 11:30:44','2022-12-31 11:30:44'),(75,6,6,54,2,NULL,NULL,NULL,1,'2022-12-31 11:30:44','2022-12-31 11:30:44'),(76,6,6,55,3,23,NULL,'00:00:00',NULL,'2022-12-31 11:30:44','2022-12-31 11:30:44'),(77,7,7,43,0,19,'08:47:56','08:47:56',NULL,'2022-12-31 11:30:44','2022-12-31 11:30:44'),(78,7,7,44,1,20,'10:43:01','10:28:01',NULL,'2022-12-31 11:30:44','2022-12-31 11:30:44'),(79,7,7,45,1,21,'14:08:25','13:58:18',NULL,'2022-12-31 11:30:44','2022-12-31 11:30:44'),(80,7,7,46,1,22,'16:04:59','15:49:59',NULL,'2022-12-31 11:30:44','2022-12-31 11:30:44'),(81,7,7,47,2,NULL,NULL,NULL,1,'2022-12-31 11:30:44','2022-12-31 11:30:44'),(82,7,7,48,2,NULL,NULL,NULL,1,'2022-12-31 11:30:44','2022-12-31 11:30:44'),(83,7,7,49,2,NULL,NULL,NULL,1,'2022-12-31 11:30:44','2022-12-31 11:30:44'),(84,7,7,50,2,NULL,NULL,NULL,1,'2022-12-31 11:30:44','2022-12-31 11:30:44'),(85,7,7,51,2,NULL,NULL,NULL,1,'2022-12-31 11:30:44','2022-12-31 11:30:44'),(86,7,7,52,2,NULL,NULL,NULL,1,'2022-12-31 11:30:44','2022-12-31 11:30:44'),(87,7,7,53,2,NULL,NULL,NULL,1,'2022-12-31 11:30:44','2022-12-31 11:30:44'),(88,7,7,54,2,NULL,NULL,NULL,1,'2022-12-31 11:30:44','2022-12-31 11:30:44'),(89,7,7,55,3,23,'00:00:00','16:41:01',NULL,'2022-12-31 11:30:44','2022-12-31 11:30:44'),(90,8,8,9,0,9,'09:31:22','09:31:22',NULL,'2022-12-31 11:30:44','2022-12-31 11:30:44'),(91,8,8,10,1,10,'10:58:35','10:47:34',NULL,'2022-12-31 11:30:44','2022-12-31 11:30:44'),(92,8,8,11,1,11,'12:40:13','12:16:45',NULL,'2022-12-31 11:30:44','2022-12-31 11:30:44'),(93,8,8,12,1,12,'13:39:49','13:26:19',NULL,'2022-12-31 11:30:44','2022-12-31 11:30:44'),(94,8,8,13,2,NULL,NULL,NULL,1,'2022-12-31 11:30:44','2022-12-31 11:30:44'),(95,8,8,14,2,NULL,NULL,NULL,1,'2022-12-31 11:30:44','2022-12-31 11:30:44'),(96,8,8,15,2,NULL,NULL,NULL,1,'2022-12-31 11:30:44','2022-12-31 11:30:44'),(97,8,8,16,2,NULL,NULL,NULL,1,'2022-12-31 11:30:44','2022-12-31 11:30:44'),(98,8,8,17,2,NULL,NULL,NULL,1,'2022-12-31 11:30:44','2022-12-31 11:30:44'),(99,8,8,18,2,NULL,NULL,NULL,1,'2022-12-31 11:30:44','2022-12-31 11:30:44'),(100,8,8,19,2,NULL,NULL,NULL,1,'2022-12-31 11:30:44','2022-12-31 11:30:44'),(101,8,8,20,2,NULL,NULL,NULL,1,'2022-12-31 11:30:44','2022-12-31 11:30:44'),(102,8,8,21,2,NULL,NULL,NULL,1,'2022-12-31 11:30:44','2022-12-31 11:30:44'),(103,8,8,22,2,NULL,NULL,NULL,1,'2022-12-31 11:30:44','2022-12-31 11:30:44'),(104,8,8,23,2,NULL,NULL,NULL,1,'2022-12-31 11:30:44','2022-12-31 11:30:44'),(105,8,8,24,2,NULL,NULL,NULL,1,'2022-12-31 11:30:44','2022-12-31 11:30:44'),(106,8,8,25,3,13,'00:00:00','15:28:12',NULL,'2022-12-31 11:30:44','2022-12-31 11:30:44'),(107,9,9,1,0,1,'09:59:49','09:59:49',NULL,'2022-12-31 11:30:44','2022-12-31 11:30:44'),(108,9,9,2,1,2,'12:04:11','11:35:52',NULL,'2022-12-31 11:30:44','2022-12-31 11:30:44'),(109,9,9,3,2,NULL,NULL,NULL,1,'2022-12-31 11:30:44','2022-12-31 11:30:44'),(110,9,9,4,2,NULL,NULL,NULL,1,'2022-12-31 11:30:44','2022-12-31 11:30:44'),(111,9,9,5,2,NULL,NULL,NULL,1,'2022-12-31 11:30:44','2022-12-31 11:30:44'),(112,9,9,6,2,NULL,NULL,NULL,1,'2022-12-31 11:30:44','2022-12-31 11:30:44'),(113,9,9,7,2,NULL,NULL,NULL,1,'2022-12-31 11:30:44','2022-12-31 11:30:44'),(114,9,9,8,3,3,'00:00:00','13:21:47',NULL,'2022-12-31 11:30:44','2022-12-31 11:30:44'),(115,10,10,43,0,19,'09:11:39','09:11:39',NULL,'2022-12-31 11:30:44','2022-12-31 11:30:44'),(116,10,10,44,1,20,'10:27:12','10:13:04',NULL,'2022-12-31 11:30:44','2022-12-31 11:30:44'),(117,10,10,45,1,21,'12:30:36','12:02:15',NULL,'2022-12-31 11:30:44','2022-12-31 11:30:44'),(118,10,10,46,1,22,'13:16:29','13:14:27',NULL,'2022-12-31 11:30:44','2022-12-31 11:30:44'),(119,10,10,47,2,NULL,NULL,NULL,1,'2022-12-31 11:30:44','2022-12-31 11:30:44'),(120,10,10,48,2,NULL,NULL,NULL,1,'2022-12-31 11:30:44','2022-12-31 11:30:44'),(121,10,10,49,2,NULL,NULL,NULL,1,'2022-12-31 11:30:44','2022-12-31 11:30:44'),(122,10,10,50,2,NULL,NULL,NULL,1,'2022-12-31 11:30:44','2022-12-31 11:30:44'),(123,10,10,51,2,NULL,NULL,NULL,1,'2022-12-31 11:30:44','2022-12-31 11:30:44'),(124,10,10,52,2,NULL,NULL,NULL,1,'2022-12-31 11:30:44','2022-12-31 11:30:44'),(125,10,10,53,2,NULL,NULL,NULL,1,'2022-12-31 11:30:44','2022-12-31 11:30:44'),(126,10,10,54,2,NULL,NULL,NULL,1,'2022-12-31 11:30:44','2022-12-31 11:30:44'),(127,10,10,55,3,23,'00:00:00','13:40:12',NULL,'2022-12-31 11:30:44','2022-12-31 11:30:44'),(128,11,11,43,0,19,'09:14:52','09:14:52',NULL,'2022-12-31 11:30:44','2022-12-31 11:30:44'),(129,11,11,44,1,20,'10:39:56','10:24:56',NULL,'2022-12-31 11:30:44','2022-12-31 11:30:44'),(130,11,11,45,1,21,'12:54:59','12:24:59',NULL,'2022-12-31 11:30:44','2022-12-31 11:30:44'),(131,11,11,46,1,22,'13:57:54','13:45:38',NULL,'2022-12-31 11:30:44','2022-12-31 11:30:44'),(132,11,11,47,2,NULL,NULL,NULL,1,'2022-12-31 11:30:44','2022-12-31 11:30:44'),(133,11,11,48,2,NULL,NULL,NULL,1,'2022-12-31 11:30:44','2022-12-31 11:30:44'),(134,11,11,49,2,NULL,NULL,NULL,1,'2022-12-31 11:30:44','2022-12-31 11:30:44'),(135,11,11,50,2,NULL,NULL,NULL,1,'2022-12-31 11:30:44','2022-12-31 11:30:44'),(136,11,11,51,2,NULL,NULL,NULL,1,'2022-12-31 11:30:44','2022-12-31 11:30:44'),(137,11,11,52,2,NULL,NULL,NULL,1,'2022-12-31 11:30:44','2022-12-31 11:30:44'),(138,11,11,53,2,NULL,NULL,NULL,1,'2022-12-31 11:30:44','2022-12-31 11:30:44'),(139,11,11,54,2,NULL,NULL,NULL,1,'2022-12-31 11:30:44','2022-12-31 11:30:44'),(140,11,11,55,3,23,'00:00:00','14:19:28',NULL,'2022-12-31 11:30:44','2022-12-31 11:30:44'),(141,12,12,43,0,19,'09:19:56','09:19:56',NULL,'2022-12-31 11:30:44','2022-12-31 11:30:44'),(142,12,12,44,1,20,'10:53:22','10:38:22',NULL,'2022-12-31 11:30:44','2022-12-31 11:30:44'),(143,12,12,45,1,21,'13:18:10','12:48:10',NULL,'2022-12-31 11:30:44','2022-12-31 11:30:44'),(144,12,12,46,1,22,'14:35:07','14:21:15',NULL,'2022-12-31 11:30:44','2022-12-31 11:30:44'),(145,12,12,47,2,NULL,NULL,NULL,1,'2022-12-31 11:30:44','2022-12-31 11:30:44'),(146,12,12,48,2,NULL,NULL,NULL,1,'2022-12-31 11:30:44','2022-12-31 11:30:44'),(147,12,12,49,2,NULL,NULL,NULL,1,'2022-12-31 11:30:44','2022-12-31 11:30:44'),(148,12,12,50,2,NULL,NULL,NULL,1,'2022-12-31 11:30:44','2022-12-31 11:30:44'),(149,12,12,51,2,NULL,NULL,NULL,1,'2022-12-31 11:30:44','2022-12-31 11:30:44'),(150,12,12,52,2,NULL,NULL,NULL,1,'2022-12-31 11:30:44','2022-12-31 11:30:44'),(151,12,12,53,2,NULL,NULL,NULL,1,'2022-12-31 11:30:44','2022-12-31 11:30:44'),(152,12,12,54,2,NULL,NULL,NULL,1,'2022-12-31 11:30:44','2022-12-31 11:30:44'),(153,12,12,55,3,23,'00:00:00','15:15:48',NULL,'2022-12-31 11:30:44','2022-12-31 11:30:44'),(154,13,13,43,0,19,'09:36:39','09:36:39',NULL,'2022-12-31 11:30:44','2022-12-31 11:30:44'),(155,13,13,44,1,20,'11:18:13','11:07:47',NULL,'2022-12-31 11:30:44','2022-12-31 11:30:44'),(156,13,13,45,1,21,'14:10:25','14:06:01',NULL,'2022-12-31 11:30:44','2022-12-31 11:30:44'),(157,13,13,46,1,22,'15:41:02','15:40:14',NULL,'2022-12-31 11:30:44','2022-12-31 11:30:44'),(158,13,13,47,2,NULL,NULL,NULL,1,'2022-12-31 11:30:44','2022-12-31 11:30:44'),(159,13,13,48,2,NULL,NULL,NULL,1,'2022-12-31 11:30:44','2022-12-31 11:30:44'),(160,13,13,49,2,NULL,NULL,NULL,1,'2022-12-31 11:30:44','2022-12-31 11:30:44'),(161,13,13,50,2,NULL,NULL,NULL,1,'2022-12-31 11:30:44','2022-12-31 11:30:44'),(162,13,13,51,2,NULL,NULL,NULL,1,'2022-12-31 11:30:44','2022-12-31 11:30:44'),(163,13,13,52,2,NULL,NULL,NULL,1,'2022-12-31 11:30:44','2022-12-31 11:30:44'),(164,13,13,53,2,NULL,NULL,NULL,1,'2022-12-31 11:30:44','2022-12-31 11:30:44'),(165,13,13,54,2,NULL,NULL,NULL,1,'2022-12-31 11:30:44','2022-12-31 11:30:44'),(166,13,13,55,3,23,'00:00:00','16:15:43',NULL,'2022-12-31 11:30:44','2022-12-31 11:30:44'),(167,14,14,43,0,19,'09:36:46','09:36:46',NULL,'2022-12-31 11:30:44','2022-12-31 11:30:44'),(168,14,14,44,1,20,'11:05:34','11:00:40',NULL,'2022-12-31 11:30:44','2022-12-31 11:30:44'),(169,14,14,45,1,21,'13:26:39','13:22:33',NULL,'2022-12-31 11:30:44','2022-12-31 11:30:44'),(170,14,14,46,1,22,'14:36:15','14:25:32',NULL,'2022-12-31 11:30:44','2022-12-31 11:30:44'),(171,14,14,47,2,NULL,NULL,NULL,1,'2022-12-31 11:30:44','2022-12-31 11:30:44'),(172,14,14,48,2,NULL,NULL,NULL,1,'2022-12-31 11:30:44','2022-12-31 11:30:44'),(173,14,14,49,2,NULL,NULL,NULL,1,'2022-12-31 11:30:44','2022-12-31 11:30:44'),(174,14,14,50,2,NULL,NULL,NULL,1,'2022-12-31 11:30:44','2022-12-31 11:30:44'),(175,14,14,51,2,NULL,NULL,NULL,1,'2022-12-31 11:30:44','2022-12-31 11:30:44'),(176,14,14,52,2,NULL,NULL,NULL,1,'2022-12-31 11:30:44','2022-12-31 11:30:44'),(177,14,14,53,2,NULL,NULL,NULL,1,'2022-12-31 11:30:44','2022-12-31 11:30:44'),(178,14,14,54,2,NULL,NULL,NULL,1,'2022-12-31 11:30:44','2022-12-31 11:30:44'),(179,14,14,55,3,23,'00:00:00','15:06:38',NULL,'2022-12-31 11:30:44','2022-12-31 11:30:44'),(180,15,15,86,0,34,'00:00:00',NULL,NULL,'2022-12-31 11:30:44','2022-12-31 11:30:44'),(181,15,15,87,1,35,'00:00:00','00:00:00',NULL,'2022-12-31 11:30:44','2022-12-31 11:30:44'),(182,15,15,88,1,36,'00:00:00','00:00:00',NULL,'2022-12-31 11:30:44','2022-12-31 11:30:44'),(183,15,15,89,1,37,'00:00:00','00:00:00',NULL,'2022-12-31 11:30:44','2022-12-31 11:30:44'),(184,15,15,90,2,NULL,NULL,NULL,1,'2022-12-31 11:30:44','2022-12-31 11:30:44'),(185,15,15,91,2,NULL,NULL,NULL,1,'2022-12-31 11:30:44','2022-12-31 11:30:44'),(186,15,15,92,2,NULL,NULL,NULL,1,'2022-12-31 11:30:44','2022-12-31 11:30:44'),(187,15,15,93,2,NULL,NULL,NULL,1,'2022-12-31 11:30:44','2022-12-31 11:30:44'),(188,15,15,94,2,NULL,NULL,NULL,1,'2022-12-31 11:30:44','2022-12-31 11:30:44'),(189,15,15,95,2,NULL,NULL,NULL,1,'2022-12-31 11:30:44','2022-12-31 11:30:44'),(190,15,15,96,2,NULL,NULL,NULL,1,'2022-12-31 11:30:44','2022-12-31 11:30:44'),(191,15,15,97,2,NULL,NULL,NULL,1,'2022-12-31 11:30:44','2022-12-31 11:30:44'),(192,15,15,98,2,NULL,NULL,NULL,1,'2022-12-31 11:30:44','2022-12-31 11:30:44'),(193,15,15,99,2,NULL,NULL,NULL,1,'2022-12-31 11:30:44','2022-12-31 11:30:44'),(194,15,15,100,2,NULL,NULL,NULL,1,'2022-12-31 11:30:44','2022-12-31 11:30:44'),(195,15,15,101,2,NULL,NULL,NULL,1,'2022-12-31 11:30:44','2022-12-31 11:30:44'),(196,15,15,102,3,38,NULL,'00:00:00',NULL,'2022-12-31 11:30:44','2022-12-31 11:30:44'),(197,16,16,43,0,19,'09:09:23','09:09:23',NULL,'2022-12-31 11:30:44','2022-12-31 11:30:44'),(198,16,16,44,1,20,'10:17:46','10:03:25',NULL,'2022-12-31 11:30:44','2022-12-31 11:30:44'),(199,16,16,45,1,21,'11:58:08','11:36:46',NULL,'2022-12-31 11:30:44','2022-12-31 11:30:44'),(200,16,16,46,1,22,'12:55:13','12:41:50',NULL,'2022-12-31 11:30:44','2022-12-31 11:30:44'),(201,16,16,47,2,NULL,NULL,NULL,1,'2022-12-31 11:30:44','2022-12-31 11:30:44'),(202,16,16,48,2,NULL,NULL,NULL,1,'2022-12-31 11:30:44','2022-12-31 11:30:44'),(203,16,16,49,2,NULL,NULL,NULL,1,'2022-12-31 11:30:44','2022-12-31 11:30:44'),(204,16,16,50,2,NULL,NULL,NULL,1,'2022-12-31 11:30:44','2022-12-31 11:30:44'),(205,16,16,51,2,NULL,NULL,NULL,1,'2022-12-31 11:30:44','2022-12-31 11:30:44'),(206,16,16,52,2,NULL,NULL,NULL,1,'2022-12-31 11:30:44','2022-12-31 11:30:44'),(207,16,16,53,2,NULL,NULL,NULL,1,'2022-12-31 11:30:44','2022-12-31 11:30:44'),(208,16,16,54,2,NULL,NULL,NULL,1,'2022-12-31 11:30:44','2022-12-31 11:30:44'),(209,16,16,55,3,23,'00:00:00','13:09:19',NULL,'2022-12-31 11:30:44','2022-12-31 11:30:44'),(210,17,17,43,0,19,'09:07:21','09:07:21',NULL,'2022-12-31 11:30:44','2022-12-31 11:30:44'),(211,17,17,44,1,20,'10:43:51','10:32:44',NULL,'2022-12-31 11:30:44','2022-12-31 11:30:44'),(212,17,17,45,1,21,'13:31:06','13:06:55',NULL,'2022-12-31 11:30:44','2022-12-31 11:30:44'),(213,17,17,46,1,22,'14:52:42','14:47:57',NULL,'2022-12-31 11:30:44','2022-12-31 11:30:44'),(214,17,17,47,2,NULL,NULL,NULL,1,'2022-12-31 11:30:44','2022-12-31 11:30:44'),(215,17,17,48,2,NULL,NULL,NULL,1,'2022-12-31 11:30:44','2022-12-31 11:30:44'),(216,17,17,49,2,NULL,NULL,NULL,1,'2022-12-31 11:30:44','2022-12-31 11:30:44'),(217,17,17,50,2,NULL,NULL,NULL,1,'2022-12-31 11:30:44','2022-12-31 11:30:44'),(218,17,17,51,2,NULL,NULL,NULL,1,'2022-12-31 11:30:44','2022-12-31 11:30:44'),(219,17,17,52,2,NULL,NULL,NULL,1,'2022-12-31 11:30:44','2022-12-31 11:30:44'),(220,17,17,53,2,NULL,NULL,NULL,1,'2022-12-31 11:30:44','2022-12-31 11:30:44'),(221,17,17,54,2,NULL,NULL,NULL,1,'2022-12-31 11:30:44','2022-12-31 11:30:44'),(222,17,17,55,3,23,'00:00:00','15:20:02',NULL,'2022-12-31 11:30:44','2022-12-31 11:30:44'),(223,18,18,43,0,19,'00:00:00',NULL,NULL,'2022-12-31 11:30:44','2022-12-31 11:30:44'),(224,18,18,44,1,20,'00:00:00','00:00:00',NULL,'2022-12-31 11:30:44','2022-12-31 11:30:44'),(225,18,18,45,1,21,'00:00:00','00:00:00',NULL,'2022-12-31 11:30:44','2022-12-31 11:30:44'),(226,18,18,46,1,22,'00:00:00','00:00:00',NULL,'2022-12-31 11:30:44','2022-12-31 11:30:44'),(227,18,18,47,2,NULL,NULL,NULL,1,'2022-12-31 11:30:44','2022-12-31 11:30:44'),(228,18,18,48,2,NULL,NULL,NULL,1,'2022-12-31 11:30:44','2022-12-31 11:30:44'),(229,18,18,49,2,NULL,NULL,NULL,1,'2022-12-31 11:30:44','2022-12-31 11:30:44'),(230,18,18,50,2,NULL,NULL,NULL,1,'2022-12-31 11:30:44','2022-12-31 11:30:44'),(231,18,18,51,2,NULL,NULL,NULL,1,'2022-12-31 11:30:44','2022-12-31 11:30:44'),(232,18,18,52,2,NULL,NULL,NULL,1,'2022-12-31 11:30:44','2022-12-31 11:30:44'),(233,18,18,53,2,NULL,NULL,NULL,1,'2022-12-31 11:30:44','2022-12-31 11:30:44'),(234,18,18,54,2,NULL,NULL,NULL,1,'2022-12-31 11:30:44','2022-12-31 11:30:44'),(235,18,18,55,3,23,NULL,'00:00:00',NULL,'2022-12-31 11:30:44','2022-12-31 11:30:44'),(236,19,19,86,0,34,'09:54:59','09:54:59',NULL,'2022-12-31 11:30:44','2022-12-31 11:30:44'),(237,19,19,87,1,35,'11:16:30','11:02:28',NULL,'2022-12-31 11:30:44','2022-12-31 11:30:44'),(238,19,19,88,1,36,'13:26:29','13:00:01',NULL,'2022-12-31 11:30:44','2022-12-31 11:30:44'),(239,19,19,89,1,37,'14:20:04','14:13:42',NULL,'2022-12-31 11:30:44','2022-12-31 11:30:44'),(240,19,19,90,2,NULL,NULL,NULL,1,'2022-12-31 11:30:44','2022-12-31 11:30:44'),(241,19,19,91,2,NULL,NULL,NULL,1,'2022-12-31 11:30:44','2022-12-31 11:30:44'),(242,19,19,92,2,NULL,NULL,NULL,1,'2022-12-31 11:30:44','2022-12-31 11:30:44'),(243,19,19,93,2,NULL,NULL,NULL,1,'2022-12-31 11:30:44','2022-12-31 11:30:44'),(244,19,19,94,2,NULL,NULL,NULL,1,'2022-12-31 11:30:44','2022-12-31 11:30:44'),(245,19,19,95,2,NULL,NULL,NULL,1,'2022-12-31 11:30:44','2022-12-31 11:30:44'),(246,19,19,96,2,NULL,NULL,NULL,1,'2022-12-31 11:30:44','2022-12-31 11:30:44'),(247,19,19,97,2,NULL,NULL,NULL,1,'2022-12-31 11:30:44','2022-12-31 11:30:44'),(248,19,19,98,2,NULL,NULL,NULL,1,'2022-12-31 11:30:44','2022-12-31 11:30:44'),(249,19,19,99,2,NULL,NULL,NULL,1,'2022-12-31 11:30:44','2022-12-31 11:30:44'),(250,19,19,100,2,NULL,NULL,NULL,1,'2022-12-31 11:30:44','2022-12-31 11:30:44'),(251,19,19,101,2,NULL,NULL,NULL,1,'2022-12-31 11:30:44','2022-12-31 11:30:44'),(252,19,19,102,3,38,'00:00:00','16:41:05',NULL,'2022-12-31 11:30:44','2022-12-31 11:30:44'),(253,20,20,56,0,24,'09:52:44','09:52:44',NULL,'2022-12-31 11:30:44','2022-12-31 11:30:44'),(254,20,20,57,1,25,'11:14:16','10:59:35',NULL,'2022-12-31 11:30:44','2022-12-31 11:30:44'),(255,20,20,58,1,26,'13:41:25','13:16:05',NULL,'2022-12-31 11:30:44','2022-12-31 11:30:44'),(256,20,20,59,1,27,'14:59:06','14:50:04',NULL,'2022-12-31 11:30:44','2022-12-31 11:30:44'),(257,20,20,60,2,NULL,NULL,NULL,1,'2022-12-31 11:30:44','2022-12-31 11:30:44'),(258,20,20,61,2,NULL,NULL,NULL,1,'2022-12-31 11:30:44','2022-12-31 11:30:44'),(259,20,20,62,2,NULL,NULL,NULL,1,'2022-12-31 11:30:44','2022-12-31 11:30:44'),(260,20,20,63,2,NULL,NULL,NULL,1,'2022-12-31 11:30:44','2022-12-31 11:30:44'),(261,20,20,64,2,NULL,NULL,NULL,1,'2022-12-31 11:30:44','2022-12-31 11:30:44'),(262,20,20,65,2,NULL,NULL,NULL,1,'2022-12-31 11:30:44','2022-12-31 11:30:44'),(263,20,20,66,2,NULL,NULL,NULL,1,'2022-12-31 11:30:44','2022-12-31 11:30:44'),(264,20,20,67,2,NULL,NULL,NULL,1,'2022-12-31 11:30:44','2022-12-31 11:30:44'),(265,20,20,68,3,28,'00:00:00','15:30:28',NULL,'2022-12-31 11:30:44','2022-12-31 11:30:44'),(266,21,21,43,0,19,'09:10:12','09:10:12',NULL,'2022-12-31 11:30:44','2022-12-31 11:30:44'),(267,21,21,44,1,20,'10:19:07','10:06:24',NULL,'2022-12-31 11:30:44','2022-12-31 11:30:44'),(268,21,21,45,1,21,'12:09:40','11:44:57',NULL,'2022-12-31 11:30:44','2022-12-31 11:30:44'),(269,21,21,46,1,22,'13:18:24','13:05:50',NULL,'2022-12-31 11:30:44','2022-12-31 11:30:44'),(270,21,21,47,2,NULL,NULL,NULL,1,'2022-12-31 11:30:44','2022-12-31 11:30:44'),(271,21,21,48,2,NULL,NULL,NULL,1,'2022-12-31 11:30:44','2022-12-31 11:30:44'),(272,21,21,49,2,NULL,NULL,NULL,1,'2022-12-31 11:30:44','2022-12-31 11:30:44'),(273,21,21,50,2,NULL,NULL,NULL,1,'2022-12-31 11:30:44','2022-12-31 11:30:44'),(274,21,21,51,2,NULL,NULL,NULL,1,'2022-12-31 11:30:44','2022-12-31 11:30:44'),(275,21,21,52,2,NULL,NULL,NULL,1,'2022-12-31 11:30:44','2022-12-31 11:30:44'),(276,21,21,53,2,NULL,NULL,NULL,1,'2022-12-31 11:30:44','2022-12-31 11:30:44'),(277,21,21,54,2,NULL,NULL,NULL,1,'2022-12-31 11:30:44','2022-12-31 11:30:44'),(278,21,21,55,3,23,'00:00:00','13:37:29',NULL,'2022-12-31 11:30:44','2022-12-31 11:30:44'),(279,22,22,43,0,19,'09:10:44','09:10:44',NULL,'2022-12-31 11:30:44','2022-12-31 11:30:44'),(280,22,22,44,1,20,'10:29:40','10:16:36',NULL,'2022-12-31 11:30:44','2022-12-31 11:30:44'),(281,22,22,45,1,21,'13:12:33','12:42:49',NULL,'2022-12-31 11:30:44','2022-12-31 11:30:44'),(282,22,22,46,1,22,'14:10:13','14:01:59',NULL,'2022-12-31 11:30:44','2022-12-31 11:30:44'),(283,22,22,47,2,NULL,NULL,NULL,1,'2022-12-31 11:30:44','2022-12-31 11:30:44'),(284,22,22,48,2,NULL,NULL,NULL,1,'2022-12-31 11:30:44','2022-12-31 11:30:44'),(285,22,22,49,2,NULL,NULL,NULL,1,'2022-12-31 11:30:44','2022-12-31 11:30:44'),(286,22,22,50,2,NULL,NULL,NULL,1,'2022-12-31 11:30:44','2022-12-31 11:30:44'),(287,22,22,51,2,NULL,NULL,NULL,1,'2022-12-31 11:30:44','2022-12-31 11:30:44'),(288,22,22,52,2,NULL,NULL,NULL,1,'2022-12-31 11:30:44','2022-12-31 11:30:44'),(289,22,22,53,2,NULL,NULL,NULL,1,'2022-12-31 11:30:44','2022-12-31 11:30:44'),(290,22,22,54,2,NULL,NULL,NULL,1,'2022-12-31 11:30:44','2022-12-31 11:30:44'),(291,22,22,55,3,23,'00:00:00','14:40:51',NULL,'2022-12-31 11:30:44','2022-12-31 11:30:44'),(292,23,23,69,0,29,'09:11:04','09:11:04',NULL,'2022-12-31 11:30:44','2022-12-31 11:30:44'),(293,23,23,70,1,30,'10:18:48','10:06:59',NULL,'2022-12-31 11:30:44','2022-12-31 11:30:44'),(294,23,23,71,1,31,'12:09:47','11:44:06',NULL,'2022-12-31 11:30:44','2022-12-31 11:30:44'),(295,23,23,72,1,32,'13:18:18','13:06:22',NULL,'2022-12-31 11:30:44','2022-12-31 11:30:44'),(296,23,23,73,2,NULL,NULL,NULL,1,'2022-12-31 11:30:44','2022-12-31 11:30:44'),(297,23,23,74,2,NULL,NULL,NULL,1,'2022-12-31 11:30:44','2022-12-31 11:30:44'),(298,23,23,75,2,NULL,NULL,NULL,1,'2022-12-31 11:30:44','2022-12-31 11:30:44'),(299,23,23,76,2,NULL,NULL,NULL,1,'2022-12-31 11:30:44','2022-12-31 11:30:44'),(300,23,23,77,2,NULL,NULL,NULL,1,'2022-12-31 11:30:44','2022-12-31 11:30:44'),(301,23,23,78,2,NULL,NULL,NULL,1,'2022-12-31 11:30:44','2022-12-31 11:30:44'),(302,23,23,79,2,NULL,NULL,NULL,1,'2022-12-31 11:30:44','2022-12-31 11:30:44'),(303,23,23,80,2,NULL,NULL,NULL,1,'2022-12-31 11:30:44','2022-12-31 11:30:44'),(304,23,23,81,2,NULL,NULL,NULL,1,'2022-12-31 11:30:44','2022-12-31 11:30:44'),(305,23,23,82,2,NULL,NULL,NULL,1,'2022-12-31 11:30:44','2022-12-31 11:30:44'),(306,23,23,83,2,NULL,NULL,NULL,1,'2022-12-31 11:30:44','2022-12-31 11:30:44'),(307,23,23,84,2,NULL,NULL,NULL,1,'2022-12-31 11:30:44','2022-12-31 11:30:44'),(308,23,23,85,3,33,'00:00:00','15:39:25',NULL,'2022-12-31 11:30:44','2022-12-31 11:30:44'),(309,24,24,26,0,14,'09:27:53','09:27:53',NULL,'2022-12-31 11:30:44','2022-12-31 11:30:44'),(310,24,24,27,1,15,'10:37:35','10:22:35',NULL,'2022-12-31 11:30:44','2022-12-31 11:30:44'),(311,24,24,28,1,16,'00:00:00','00:00:00',NULL,'2022-12-31 11:30:44','2022-12-31 11:30:44'),(312,24,24,29,1,17,'13:09:30','12:56:13',NULL,'2022-12-31 11:30:44','2022-12-31 11:30:44'),(313,24,24,30,2,NULL,NULL,NULL,1,'2022-12-31 11:30:44','2022-12-31 11:30:44'),(314,24,24,31,2,NULL,NULL,NULL,1,'2022-12-31 11:30:44','2022-12-31 11:30:44'),(315,24,24,32,2,NULL,NULL,NULL,1,'2022-12-31 11:30:44','2022-12-31 11:30:44'),(316,24,24,33,2,NULL,NULL,NULL,1,'2022-12-31 11:30:44','2022-12-31 11:30:44'),(317,24,24,34,2,NULL,NULL,NULL,1,'2022-12-31 11:30:44','2022-12-31 11:30:44'),(318,24,24,35,2,NULL,NULL,NULL,1,'2022-12-31 11:30:44','2022-12-31 11:30:44'),(319,24,24,36,2,NULL,NULL,NULL,1,'2022-12-31 11:30:44','2022-12-31 11:30:44'),(320,24,24,37,2,NULL,NULL,NULL,1,'2022-12-31 11:30:44','2022-12-31 11:30:44'),(321,24,24,38,2,NULL,NULL,NULL,1,'2022-12-31 11:30:44','2022-12-31 11:30:44'),(322,24,24,39,2,NULL,NULL,NULL,1,'2022-12-31 11:30:44','2022-12-31 11:30:44'),(323,24,24,40,2,NULL,NULL,NULL,1,'2022-12-31 11:30:44','2022-12-31 11:30:44'),(324,24,24,41,2,NULL,NULL,NULL,1,'2022-12-31 11:30:44','2022-12-31 11:30:44'),(325,24,24,42,3,18,'00:00:00','15:12:45',NULL,'2022-12-31 11:30:44','2022-12-31 11:30:44'),(326,25,25,86,0,34,'09:33:04','09:33:04',NULL,'2022-12-31 11:30:44','2022-12-31 11:30:44'),(327,25,25,87,1,35,'10:33:21','10:27:50',NULL,'2022-12-31 11:30:44','2022-12-31 11:30:44'),(328,25,25,88,1,36,'12:04:31','11:48:04',NULL,'2022-12-31 11:30:44','2022-12-31 11:30:44'),(329,25,25,89,1,37,'12:45:22','12:40:47',NULL,'2022-12-31 11:30:44','2022-12-31 11:30:44'),(330,25,25,90,2,NULL,NULL,NULL,1,'2022-12-31 11:30:44','2022-12-31 11:30:44'),(331,25,25,91,2,NULL,NULL,NULL,1,'2022-12-31 11:30:44','2022-12-31 11:30:44'),(332,25,25,92,2,NULL,NULL,NULL,1,'2022-12-31 11:30:44','2022-12-31 11:30:44'),(333,25,25,93,2,NULL,NULL,NULL,1,'2022-12-31 11:30:44','2022-12-31 11:30:44'),(334,25,25,94,2,NULL,NULL,NULL,1,'2022-12-31 11:30:44','2022-12-31 11:30:44'),(335,25,25,95,2,NULL,NULL,NULL,1,'2022-12-31 11:30:44','2022-12-31 11:30:44'),(336,25,25,96,2,NULL,NULL,NULL,1,'2022-12-31 11:30:44','2022-12-31 11:30:44'),(337,25,25,97,2,NULL,NULL,NULL,1,'2022-12-31 11:30:44','2022-12-31 11:30:44'),(338,25,25,98,2,NULL,NULL,NULL,1,'2022-12-31 11:30:44','2022-12-31 11:30:44'),(339,25,25,99,2,NULL,NULL,NULL,1,'2022-12-31 11:30:44','2022-12-31 11:30:44'),(340,25,25,100,2,NULL,NULL,NULL,1,'2022-12-31 11:30:44','2022-12-31 11:30:44'),(341,25,25,101,2,NULL,NULL,NULL,1,'2022-12-31 11:30:44','2022-12-31 11:30:44'),(342,25,25,102,3,38,'00:00:00','15:12:24',NULL,'2022-12-31 11:30:44','2022-12-31 11:30:44'),(343,26,26,43,0,19,'09:05:22','09:05:22',NULL,'2022-12-31 11:30:44','2022-12-31 11:30:44'),(344,26,26,44,1,20,'10:25:01','10:14:17',NULL,'2022-12-31 11:30:44','2022-12-31 11:30:44'),(345,26,26,45,1,21,'12:39:25','12:12:31',NULL,'2022-12-31 11:30:44','2022-12-31 11:30:44'),(346,26,26,46,1,22,'13:34:49','13:34:49',NULL,'2022-12-31 11:30:44','2022-12-31 11:30:44'),(347,26,26,47,2,NULL,NULL,NULL,1,'2022-12-31 11:30:44','2022-12-31 11:30:44'),(348,26,26,48,2,NULL,NULL,NULL,1,'2022-12-31 11:30:44','2022-12-31 11:30:44'),(349,26,26,49,2,NULL,NULL,NULL,1,'2022-12-31 11:30:44','2022-12-31 11:30:44'),(350,26,26,50,2,NULL,NULL,NULL,1,'2022-12-31 11:30:44','2022-12-31 11:30:44'),(351,26,26,51,2,NULL,NULL,NULL,1,'2022-12-31 11:30:44','2022-12-31 11:30:44'),(352,26,26,52,2,NULL,NULL,NULL,1,'2022-12-31 11:30:44','2022-12-31 11:30:44'),(353,26,26,53,2,NULL,NULL,NULL,1,'2022-12-31 11:30:44','2022-12-31 11:30:44'),(354,26,26,54,2,NULL,NULL,NULL,1,'2022-12-31 11:30:44','2022-12-31 11:30:44'),(355,26,26,55,3,23,'00:00:00','14:04:28',NULL,'2022-12-31 11:30:44','2022-12-31 11:30:44'),(356,27,27,43,0,19,'08:45:55','08:45:55',NULL,'2022-12-31 11:30:44','2022-12-31 11:30:44'),(357,27,27,44,1,20,'10:17:01','10:13:19',NULL,'2022-12-31 11:30:44','2022-12-31 11:30:44'),(358,27,27,45,1,21,'13:02:28','12:32:28',NULL,'2022-12-31 11:30:44','2022-12-31 11:30:44'),(359,27,27,46,1,22,'14:19:27','14:08:54',NULL,'2022-12-31 11:30:44','2022-12-31 11:30:44'),(360,27,27,47,2,NULL,NULL,NULL,1,'2022-12-31 11:30:44','2022-12-31 11:30:44'),(361,27,27,48,2,NULL,NULL,NULL,1,'2022-12-31 11:30:44','2022-12-31 11:30:44'),(362,27,27,49,2,NULL,NULL,NULL,1,'2022-12-31 11:30:44','2022-12-31 11:30:44'),(363,27,27,50,2,NULL,NULL,NULL,1,'2022-12-31 11:30:44','2022-12-31 11:30:44'),(364,27,27,51,2,NULL,NULL,NULL,1,'2022-12-31 11:30:44','2022-12-31 11:30:44'),(365,27,27,52,2,NULL,NULL,NULL,1,'2022-12-31 11:30:44','2022-12-31 11:30:44'),(366,27,27,53,2,NULL,NULL,NULL,1,'2022-12-31 11:30:44','2022-12-31 11:30:44'),(367,27,27,54,2,NULL,NULL,NULL,1,'2022-12-31 11:30:44','2022-12-31 11:30:44'),(368,27,27,55,3,23,'00:00:00','14:50:40',NULL,'2022-12-31 11:30:44','2022-12-31 11:30:44'),(369,28,28,9,0,9,'09:37:35','09:37:35',NULL,'2022-12-31 11:30:44','2022-12-31 11:30:44'),(370,28,28,10,1,10,'11:16:35','11:01:35',NULL,'2022-12-31 11:30:44','2022-12-31 11:30:44'),(371,28,28,11,1,11,'13:42:57','13:12:57',NULL,'2022-12-31 11:30:44','2022-12-31 11:30:44'),(372,28,28,12,1,12,'15:00:05','14:47:23',NULL,'2022-12-31 11:30:44','2022-12-31 11:30:44'),(373,28,28,13,2,NULL,NULL,NULL,1,'2022-12-31 11:30:44','2022-12-31 11:30:44'),(374,28,28,14,2,NULL,NULL,NULL,1,'2022-12-31 11:30:44','2022-12-31 11:30:44'),(375,28,28,15,2,NULL,NULL,NULL,1,'2022-12-31 11:30:44','2022-12-31 11:30:44'),(376,28,28,16,2,NULL,NULL,NULL,1,'2022-12-31 11:30:44','2022-12-31 11:30:44'),(377,28,28,17,2,NULL,NULL,NULL,1,'2022-12-31 11:30:44','2022-12-31 11:30:44'),(378,28,28,18,2,NULL,NULL,NULL,1,'2022-12-31 11:30:44','2022-12-31 11:30:44'),(379,28,28,19,2,NULL,NULL,NULL,1,'2022-12-31 11:30:44','2022-12-31 11:30:44'),(380,28,28,20,2,NULL,NULL,NULL,1,'2022-12-31 11:30:44','2022-12-31 11:30:44'),(381,28,28,21,2,NULL,NULL,NULL,1,'2022-12-31 11:30:44','2022-12-31 11:30:44'),(382,28,28,22,2,NULL,NULL,NULL,1,'2022-12-31 11:30:44','2022-12-31 11:30:44'),(383,28,28,23,2,NULL,NULL,NULL,1,'2022-12-31 11:30:44','2022-12-31 11:30:44'),(384,28,28,24,2,NULL,NULL,NULL,1,'2022-12-31 11:30:44','2022-12-31 11:30:44'),(385,28,28,25,3,13,'00:00:00','17:40:48',NULL,'2022-12-31 11:30:44','2022-12-31 11:30:44'),(386,29,29,56,0,24,'09:51:17','09:51:17',NULL,'2022-12-31 11:30:44','2022-12-31 11:30:44'),(387,29,29,57,1,25,'11:33:49','11:18:52',NULL,'2022-12-31 11:30:44','2022-12-31 11:30:44'),(388,29,29,58,1,26,'14:42:36','14:16:54',NULL,'2022-12-31 11:30:44','2022-12-31 11:30:44'),(389,29,29,59,1,27,'16:09:52','15:58:09',NULL,'2022-12-31 11:30:44','2022-12-31 11:30:44'),(390,29,29,60,2,NULL,NULL,NULL,1,'2022-12-31 11:30:44','2022-12-31 11:30:44'),(391,29,29,61,2,NULL,NULL,NULL,1,'2022-12-31 11:30:44','2022-12-31 11:30:44'),(392,29,29,62,2,NULL,NULL,NULL,1,'2022-12-31 11:30:44','2022-12-31 11:30:44'),(393,29,29,63,2,NULL,NULL,NULL,1,'2022-12-31 11:30:44','2022-12-31 11:30:44'),(394,29,29,64,2,NULL,NULL,NULL,1,'2022-12-31 11:30:44','2022-12-31 11:30:44'),(395,29,29,65,2,NULL,NULL,NULL,1,'2022-12-31 11:30:44','2022-12-31 11:30:44'),(396,29,29,66,2,NULL,NULL,NULL,1,'2022-12-31 11:30:44','2022-12-31 11:30:44'),(397,29,29,67,2,NULL,NULL,NULL,1,'2022-12-31 11:30:44','2022-12-31 11:30:44'),(398,29,29,68,3,28,'00:00:00','16:41:13',NULL,'2022-12-31 11:30:44','2022-12-31 11:30:44'),(399,30,30,43,0,19,'09:15:35','09:15:35',NULL,'2022-12-31 11:30:44','2022-12-31 11:30:44'),(400,30,30,44,1,20,'10:32:42','10:17:42',NULL,'2022-12-31 11:30:44','2022-12-31 11:30:44'),(401,30,30,45,1,21,'12:49:14','12:20:11',NULL,'2022-12-31 11:30:44','2022-12-31 11:30:44'),(402,30,30,46,1,22,'13:57:03','13:44:23',NULL,'2022-12-31 11:30:44','2022-12-31 11:30:44'),(403,30,30,47,2,NULL,NULL,NULL,1,'2022-12-31 11:30:44','2022-12-31 11:30:44'),(404,30,30,48,2,NULL,NULL,NULL,1,'2022-12-31 11:30:44','2022-12-31 11:30:44'),(405,30,30,49,2,NULL,NULL,NULL,1,'2022-12-31 11:30:44','2022-12-31 11:30:44'),(406,30,30,50,2,NULL,NULL,NULL,1,'2022-12-31 11:30:44','2022-12-31 11:30:44'),(407,30,30,51,2,NULL,NULL,NULL,1,'2022-12-31 11:30:44','2022-12-31 11:30:44'),(408,30,30,52,2,NULL,NULL,NULL,1,'2022-12-31 11:30:44','2022-12-31 11:30:44'),(409,30,30,53,2,NULL,NULL,NULL,1,'2022-12-31 11:30:44','2022-12-31 11:30:44'),(410,30,30,54,2,NULL,NULL,NULL,1,'2022-12-31 11:30:44','2022-12-31 11:30:44'),(411,30,30,55,3,23,'00:00:00','14:21:37',NULL,'2022-12-31 11:30:44','2022-12-31 11:30:44'),(412,31,31,43,0,19,'09:38:26','09:38:26',NULL,'2022-12-31 11:30:44','2022-12-31 11:30:44'),(413,31,31,44,1,20,'11:08:36','10:59:55',NULL,'2022-12-31 11:30:44','2022-12-31 11:30:44'),(414,31,31,45,1,21,'13:48:16','13:27:08',NULL,'2022-12-31 11:30:44','2022-12-31 11:30:44'),(415,31,31,46,1,22,'14:57:30','14:50:10',NULL,'2022-12-31 11:30:44','2022-12-31 11:30:44'),(416,31,31,47,2,NULL,NULL,NULL,1,'2022-12-31 11:30:44','2022-12-31 11:30:44'),(417,31,31,48,2,NULL,NULL,NULL,1,'2022-12-31 11:30:44','2022-12-31 11:30:44'),(418,31,31,49,2,NULL,NULL,NULL,1,'2022-12-31 11:30:44','2022-12-31 11:30:44'),(419,31,31,50,2,NULL,NULL,NULL,1,'2022-12-31 11:30:44','2022-12-31 11:30:44'),(420,31,31,51,2,NULL,NULL,NULL,1,'2022-12-31 11:30:44','2022-12-31 11:30:44'),(421,31,31,52,2,NULL,NULL,NULL,1,'2022-12-31 11:30:44','2022-12-31 11:30:44'),(422,31,31,53,2,NULL,NULL,NULL,1,'2022-12-31 11:30:44','2022-12-31 11:30:44'),(423,31,31,54,2,NULL,NULL,NULL,1,'2022-12-31 11:30:44','2022-12-31 11:30:44'),(424,31,31,55,3,23,'00:00:00','15:28:38',NULL,'2022-12-31 11:30:44','2022-12-31 11:30:44'),(425,32,32,43,0,19,'09:30:05','09:30:05',NULL,'2022-12-31 11:30:44','2022-12-31 11:30:44'),(426,32,32,44,1,20,'11:12:31','11:00:08',NULL,'2022-12-31 11:30:44','2022-12-31 11:30:44'),(427,32,32,45,1,21,'13:59:59','13:29:59',NULL,'2022-12-31 11:30:44','2022-12-31 11:30:44'),(428,32,32,46,1,22,'15:28:08','15:17:58',NULL,'2022-12-31 11:30:44','2022-12-31 11:30:44'),(429,32,32,47,2,NULL,NULL,NULL,1,'2022-12-31 11:30:44','2022-12-31 11:30:44'),(430,32,32,48,2,NULL,NULL,NULL,1,'2022-12-31 11:30:44','2022-12-31 11:30:44'),(431,32,32,49,2,NULL,NULL,NULL,1,'2022-12-31 11:30:44','2022-12-31 11:30:44'),(432,32,32,50,2,NULL,NULL,NULL,1,'2022-12-31 11:30:44','2022-12-31 11:30:44'),(433,32,32,51,2,NULL,NULL,NULL,1,'2022-12-31 11:30:44','2022-12-31 11:30:44'),(434,32,32,52,2,NULL,NULL,NULL,1,'2022-12-31 11:30:44','2022-12-31 11:30:44'),(435,32,32,53,2,NULL,NULL,NULL,1,'2022-12-31 11:30:44','2022-12-31 11:30:44'),(436,32,32,54,2,NULL,NULL,NULL,1,'2022-12-31 11:30:44','2022-12-31 11:30:44'),(437,32,32,55,3,23,'00:00:00','15:46:44',NULL,'2022-12-31 11:30:44','2022-12-31 11:30:44'),(438,33,33,1,0,1,'09:53:29','09:53:29',NULL,'2022-12-31 11:30:44','2022-12-31 11:30:44'),(439,33,33,2,1,2,'12:15:25','11:49:30',NULL,'2022-12-31 11:30:44','2022-12-31 11:30:44'),(440,33,33,3,2,NULL,NULL,NULL,1,'2022-12-31 11:30:44','2022-12-31 11:30:44'),(441,33,33,4,2,NULL,NULL,NULL,1,'2022-12-31 11:30:44','2022-12-31 11:30:44'),(442,33,33,5,2,NULL,NULL,NULL,1,'2022-12-31 11:30:44','2022-12-31 11:30:44'),(443,33,33,6,2,NULL,NULL,NULL,1,'2022-12-31 11:30:44','2022-12-31 11:30:44'),(444,33,33,7,2,NULL,NULL,NULL,1,'2022-12-31 11:30:44','2022-12-31 11:30:44'),(445,33,33,8,3,3,'00:00:00','13:49:49',NULL,'2022-12-31 11:30:44','2022-12-31 11:30:44'),(446,34,34,43,0,19,'09:14:22','09:14:22',NULL,'2022-12-31 11:30:44','2022-12-31 11:30:44'),(447,34,34,44,1,20,'11:12:21','10:59:40',NULL,'2022-12-31 11:30:44','2022-12-31 11:30:44'),(448,34,34,45,1,21,'13:57:24','13:40:21',NULL,'2022-12-31 11:30:44','2022-12-31 11:30:44'),(449,34,34,46,1,22,'15:20:20','15:12:06',NULL,'2022-12-31 11:30:44','2022-12-31 11:30:44'),(450,34,34,47,2,NULL,NULL,NULL,1,'2022-12-31 11:30:44','2022-12-31 11:30:44'),(451,34,34,48,2,NULL,NULL,NULL,1,'2022-12-31 11:30:44','2022-12-31 11:30:44'),(452,34,34,49,2,NULL,NULL,NULL,1,'2022-12-31 11:30:44','2022-12-31 11:30:44'),(453,34,34,50,2,NULL,NULL,NULL,1,'2022-12-31 11:30:44','2022-12-31 11:30:44'),(454,34,34,51,2,NULL,NULL,NULL,1,'2022-12-31 11:30:44','2022-12-31 11:30:44'),(455,34,34,52,2,NULL,NULL,NULL,1,'2022-12-31 11:30:44','2022-12-31 11:30:44'),(456,34,34,53,2,NULL,NULL,NULL,1,'2022-12-31 11:30:44','2022-12-31 11:30:44'),(457,34,34,54,2,NULL,NULL,NULL,1,'2022-12-31 11:30:44','2022-12-31 11:30:44'),(458,34,34,55,3,23,'00:00:00','15:46:11',NULL,'2022-12-31 11:30:44','2022-12-31 11:30:44'),(459,35,35,69,0,29,'09:59:24','09:59:24',NULL,'2022-12-31 11:30:44','2022-12-31 11:30:44'),(460,35,35,70,1,30,'11:28:52','11:13:52',NULL,'2022-12-31 11:30:44','2022-12-31 11:30:44'),(461,35,35,71,1,31,'13:50:43','13:24:43',NULL,'2022-12-31 11:30:44','2022-12-31 11:30:44'),(462,35,35,72,1,32,'14:58:34','14:52:14',NULL,'2022-12-31 11:30:44','2022-12-31 11:30:44'),(463,35,35,73,2,NULL,NULL,NULL,1,'2022-12-31 11:30:44','2022-12-31 11:30:44'),(464,35,35,74,2,NULL,NULL,NULL,1,'2022-12-31 11:30:44','2022-12-31 11:30:44'),(465,35,35,75,2,NULL,NULL,NULL,1,'2022-12-31 11:30:44','2022-12-31 11:30:44'),(466,35,35,76,2,NULL,NULL,NULL,1,'2022-12-31 11:30:44','2022-12-31 11:30:44'),(467,35,35,77,2,NULL,NULL,NULL,1,'2022-12-31 11:30:44','2022-12-31 11:30:44'),(468,35,35,78,2,NULL,NULL,NULL,1,'2022-12-31 11:30:44','2022-12-31 11:30:44'),(469,35,35,79,2,NULL,NULL,NULL,1,'2022-12-31 11:30:44','2022-12-31 11:30:44'),(470,35,35,80,2,NULL,NULL,NULL,1,'2022-12-31 11:30:44','2022-12-31 11:30:44'),(471,35,35,81,2,NULL,NULL,NULL,1,'2022-12-31 11:30:44','2022-12-31 11:30:44'),(472,35,35,82,2,NULL,NULL,NULL,1,'2022-12-31 11:30:44','2022-12-31 11:30:44'),(473,35,35,83,2,NULL,NULL,NULL,1,'2022-12-31 11:30:44','2022-12-31 11:30:44'),(474,35,35,84,2,NULL,NULL,NULL,1,'2022-12-31 11:30:44','2022-12-31 11:30:44'),(475,35,35,85,3,33,'00:00:00','17:40:32',NULL,'2022-12-31 11:30:44','2022-12-31 11:30:44'),(476,36,36,1,0,1,'00:00:00',NULL,NULL,'2022-12-31 11:30:44','2022-12-31 11:30:44'),(477,36,36,2,1,2,'00:00:00','00:00:00',NULL,'2022-12-31 11:30:44','2022-12-31 11:30:44'),(478,36,36,3,2,NULL,NULL,NULL,1,'2022-12-31 11:30:44','2022-12-31 11:30:44'),(479,36,36,4,2,NULL,NULL,NULL,1,'2022-12-31 11:30:44','2022-12-31 11:30:44'),(480,36,36,5,2,NULL,NULL,NULL,1,'2022-12-31 11:30:44','2022-12-31 11:30:44'),(481,36,36,6,2,NULL,NULL,NULL,1,'2022-12-31 11:30:44','2022-12-31 11:30:44'),(482,36,36,7,2,NULL,NULL,NULL,1,'2022-12-31 11:30:44','2022-12-31 11:30:44'),(483,36,36,8,3,3,NULL,'00:00:00',NULL,'2022-12-31 11:30:44','2022-12-31 11:30:44'),(484,37,37,43,0,19,'00:00:00',NULL,NULL,'2022-12-31 11:30:44','2022-12-31 11:30:44'),(485,37,37,44,1,20,'00:00:00','00:00:00',NULL,'2022-12-31 11:30:44','2022-12-31 11:30:44'),(486,37,37,45,1,21,'00:00:00','00:00:00',NULL,'2022-12-31 11:30:44','2022-12-31 11:30:44'),(487,37,37,46,1,22,'00:00:00','00:00:00',NULL,'2022-12-31 11:30:44','2022-12-31 11:30:44'),(488,37,37,47,2,NULL,NULL,NULL,1,'2022-12-31 11:30:44','2022-12-31 11:30:44'),(489,37,37,48,2,NULL,NULL,NULL,1,'2022-12-31 11:30:44','2022-12-31 11:30:44'),(490,37,37,49,2,NULL,NULL,NULL,1,'2022-12-31 11:30:44','2022-12-31 11:30:44'),(491,37,37,50,2,NULL,NULL,NULL,1,'2022-12-31 11:30:44','2022-12-31 11:30:44'),(492,37,37,51,2,NULL,NULL,NULL,1,'2022-12-31 11:30:44','2022-12-31 11:30:44'),(493,37,37,52,2,NULL,NULL,NULL,1,'2022-12-31 11:30:44','2022-12-31 11:30:44'),(494,37,37,53,2,NULL,NULL,NULL,1,'2022-12-31 11:30:44','2022-12-31 11:30:44'),(495,37,37,54,2,NULL,NULL,NULL,1,'2022-12-31 11:30:44','2022-12-31 11:30:44'),(496,37,37,55,3,23,NULL,'00:00:00',NULL,'2022-12-31 11:30:44','2022-12-31 11:30:44'),(497,38,38,26,0,14,'09:55:23','09:55:23',NULL,'2022-12-31 11:30:44','2022-12-31 11:30:44'),(498,38,38,27,1,15,'10:53:26','10:38:26',NULL,'2022-12-31 11:30:44','2022-12-31 11:30:44'),(499,38,38,28,1,16,'00:00:00','00:00:00',NULL,'2022-12-31 11:30:44','2022-12-31 11:30:44'),(500,38,38,29,1,17,'13:07:43','12:59:11',NULL,'2022-12-31 11:30:44','2022-12-31 11:30:44'),(501,38,38,30,2,NULL,NULL,NULL,1,'2022-12-31 11:30:44','2022-12-31 11:30:44'),(502,38,38,31,2,NULL,NULL,NULL,1,'2022-12-31 11:30:44','2022-12-31 11:30:44'),(503,38,38,32,2,NULL,NULL,NULL,1,'2022-12-31 11:30:44','2022-12-31 11:30:44'),(504,38,38,33,2,NULL,NULL,NULL,1,'2022-12-31 11:30:44','2022-12-31 11:30:44'),(505,38,38,34,2,NULL,NULL,NULL,1,'2022-12-31 11:30:44','2022-12-31 11:30:44'),(506,38,38,35,2,NULL,NULL,NULL,1,'2022-12-31 11:30:44','2022-12-31 11:30:44'),(507,38,38,36,2,NULL,NULL,NULL,1,'2022-12-31 11:30:44','2022-12-31 11:30:44'),(508,38,38,37,2,NULL,NULL,NULL,1,'2022-12-31 11:30:44','2022-12-31 11:30:44'),(509,38,38,38,2,NULL,NULL,NULL,1,'2022-12-31 11:30:44','2022-12-31 11:30:44'),(510,38,38,39,2,NULL,NULL,NULL,1,'2022-12-31 11:30:44','2022-12-31 11:30:44'),(511,38,38,40,2,NULL,NULL,NULL,1,'2022-12-31 11:30:44','2022-12-31 11:30:44'),(512,38,38,41,2,NULL,NULL,NULL,1,'2022-12-31 11:30:44','2022-12-31 11:30:44'),(513,38,38,42,3,18,'00:00:00','15:28:07',NULL,'2022-12-31 11:30:44','2022-12-31 11:30:44'),(514,39,39,43,0,19,'09:25:18','09:25:18',NULL,'2022-12-31 11:30:44','2022-12-31 11:30:44'),(515,39,39,44,1,20,'11:15:44','11:00:44',NULL,'2022-12-31 11:30:44','2022-12-31 11:30:44'),(516,39,39,45,1,21,'14:51:53','14:23:52',NULL,'2022-12-31 11:30:44','2022-12-31 11:30:44'),(517,39,39,46,1,22,'16:55:20','16:45:01',NULL,'2022-12-31 11:30:44','2022-12-31 11:30:44'),(518,39,39,47,2,NULL,NULL,NULL,1,'2022-12-31 11:30:44','2022-12-31 11:30:44'),(519,39,39,48,2,NULL,NULL,NULL,1,'2022-12-31 11:30:44','2022-12-31 11:30:44'),(520,39,39,49,2,NULL,NULL,NULL,1,'2022-12-31 11:30:44','2022-12-31 11:30:44'),(521,39,39,50,2,NULL,NULL,NULL,1,'2022-12-31 11:30:44','2022-12-31 11:30:44'),(522,39,39,51,2,NULL,NULL,NULL,1,'2022-12-31 11:30:44','2022-12-31 11:30:44'),(523,39,39,52,2,NULL,NULL,NULL,1,'2022-12-31 11:30:44','2022-12-31 11:30:44'),(524,39,39,53,2,NULL,NULL,NULL,1,'2022-12-31 11:30:44','2022-12-31 11:30:44'),(525,39,39,54,2,NULL,NULL,NULL,1,'2022-12-31 11:30:44','2022-12-31 11:30:44'),(526,39,39,55,3,23,'00:00:00','17:41:03',NULL,'2022-12-31 11:30:44','2022-12-31 11:30:44'),(527,40,40,26,0,14,'09:42:38','09:42:38',NULL,'2022-12-31 11:30:44','2022-12-31 11:30:44'),(528,40,40,27,1,15,'11:05:12','10:50:12',NULL,'2022-12-31 11:30:44','2022-12-31 11:30:44'),(529,40,40,28,1,16,'00:00:00','00:00:00',NULL,'2022-12-31 11:30:44','2022-12-31 11:30:44'),(530,40,40,29,1,17,'14:44:01','14:42:53',NULL,'2022-12-31 11:30:44','2022-12-31 11:30:44'),(531,40,40,30,2,NULL,NULL,NULL,1,'2022-12-31 11:30:44','2022-12-31 11:30:44'),(532,40,40,31,2,NULL,NULL,NULL,1,'2022-12-31 11:30:44','2022-12-31 11:30:44'),(533,40,40,32,2,NULL,NULL,NULL,1,'2022-12-31 11:30:44','2022-12-31 11:30:44'),(534,40,40,33,2,NULL,NULL,NULL,1,'2022-12-31 11:30:44','2022-12-31 11:30:44'),(535,40,40,34,2,NULL,NULL,NULL,1,'2022-12-31 11:30:44','2022-12-31 11:30:44'),(536,40,40,35,2,NULL,NULL,NULL,1,'2022-12-31 11:30:44','2022-12-31 11:30:44'),(537,40,40,36,2,NULL,NULL,NULL,1,'2022-12-31 11:30:44','2022-12-31 11:30:44'),(538,40,40,37,2,NULL,NULL,NULL,1,'2022-12-31 11:30:44','2022-12-31 11:30:44'),(539,40,40,38,2,NULL,NULL,NULL,1,'2022-12-31 11:30:44','2022-12-31 11:30:44'),(540,40,40,39,2,NULL,NULL,NULL,1,'2022-12-31 11:30:44','2022-12-31 11:30:44'),(541,40,40,40,2,NULL,NULL,NULL,1,'2022-12-31 11:30:44','2022-12-31 11:30:44'),(542,40,40,41,2,NULL,NULL,NULL,1,'2022-12-31 11:30:44','2022-12-31 11:30:44'),(543,40,40,42,3,18,'00:00:00','18:18:08',NULL,'2022-12-31 11:30:44','2022-12-31 11:30:44'),(544,41,41,86,0,34,'09:58:34','09:58:34',NULL,'2022-12-31 11:30:44','2022-12-31 11:30:44'),(545,41,41,87,1,35,'11:10:18','10:56:14',NULL,'2022-12-31 11:30:44','2022-12-31 11:30:44'),(546,41,41,88,1,36,'13:11:58','12:47:51',NULL,'2022-12-31 11:30:44','2022-12-31 11:30:44'),(547,41,41,89,1,37,'14:23:44','14:10:00',NULL,'2022-12-31 11:30:44','2022-12-31 11:30:44'),(548,41,41,90,2,NULL,NULL,NULL,1,'2022-12-31 11:30:44','2022-12-31 11:30:44'),(549,41,41,91,2,NULL,NULL,NULL,1,'2022-12-31 11:30:44','2022-12-31 11:30:44'),(550,41,41,92,2,NULL,NULL,NULL,1,'2022-12-31 11:30:44','2022-12-31 11:30:44'),(551,41,41,93,2,NULL,NULL,NULL,1,'2022-12-31 11:30:44','2022-12-31 11:30:44'),(552,41,41,94,2,NULL,NULL,NULL,1,'2022-12-31 11:30:44','2022-12-31 11:30:44'),(553,41,41,95,2,NULL,NULL,NULL,1,'2022-12-31 11:30:44','2022-12-31 11:30:44'),(554,41,41,96,2,NULL,NULL,NULL,1,'2022-12-31 11:30:44','2022-12-31 11:30:44'),(555,41,41,97,2,NULL,NULL,NULL,1,'2022-12-31 11:30:44','2022-12-31 11:30:44'),(556,41,41,98,2,NULL,NULL,NULL,1,'2022-12-31 11:30:44','2022-12-31 11:30:44'),(557,41,41,99,2,NULL,NULL,NULL,1,'2022-12-31 11:30:44','2022-12-31 11:30:44'),(558,41,41,100,2,NULL,NULL,NULL,1,'2022-12-31 11:30:44','2022-12-31 11:30:44'),(559,41,41,101,2,NULL,NULL,NULL,1,'2022-12-31 11:30:44','2022-12-31 11:30:44'),(560,41,41,102,3,38,'00:00:00','16:46:52',NULL,'2022-12-31 11:30:44','2022-12-31 11:30:44'),(561,42,42,1,0,1,'00:00:00',NULL,NULL,'2022-12-31 11:30:44','2022-12-31 11:30:44'),(562,42,42,2,1,2,'00:00:00','00:00:00',NULL,'2022-12-31 11:30:44','2022-12-31 11:30:44'),(563,42,42,3,2,NULL,NULL,NULL,1,'2022-12-31 11:30:44','2022-12-31 11:30:44'),(564,42,42,4,2,NULL,NULL,NULL,1,'2022-12-31 11:30:44','2022-12-31 11:30:44'),(565,42,42,5,2,NULL,NULL,NULL,1,'2022-12-31 11:30:44','2022-12-31 11:30:44'),(566,42,42,6,2,NULL,NULL,NULL,1,'2022-12-31 11:30:44','2022-12-31 11:30:44'),(567,42,42,7,2,NULL,NULL,NULL,1,'2022-12-31 11:30:44','2022-12-31 11:30:44'),(568,42,42,8,3,3,NULL,'00:00:00',NULL,'2022-12-31 11:30:44','2022-12-31 11:30:44'),(569,43,43,86,0,34,'09:44:16','09:44:16',NULL,'2022-12-31 11:30:44','2022-12-31 11:30:44'),(570,43,43,87,1,35,'10:38:06','10:34:10',NULL,'2022-12-31 11:30:44','2022-12-31 11:30:44'),(571,43,43,88,1,36,'12:20:46','12:03:25',NULL,'2022-12-31 11:30:44','2022-12-31 11:30:44'),(572,43,43,89,1,37,'13:15:32','13:06:25',NULL,'2022-12-31 11:30:44','2022-12-31 11:30:44'),(573,43,43,90,2,NULL,NULL,NULL,1,'2022-12-31 11:30:44','2022-12-31 11:30:44'),(574,43,43,91,2,NULL,NULL,NULL,1,'2022-12-31 11:30:44','2022-12-31 11:30:44'),(575,43,43,92,2,NULL,NULL,NULL,1,'2022-12-31 11:30:44','2022-12-31 11:30:44'),(576,43,43,93,2,NULL,NULL,NULL,1,'2022-12-31 11:30:44','2022-12-31 11:30:44'),(577,43,43,94,2,NULL,NULL,NULL,1,'2022-12-31 11:30:44','2022-12-31 11:30:44'),(578,43,43,95,2,NULL,NULL,NULL,1,'2022-12-31 11:30:44','2022-12-31 11:30:44'),(579,43,43,96,2,NULL,NULL,NULL,1,'2022-12-31 11:30:44','2022-12-31 11:30:44'),(580,43,43,97,2,NULL,NULL,NULL,1,'2022-12-31 11:30:44','2022-12-31 11:30:44'),(581,43,43,98,2,NULL,NULL,NULL,1,'2022-12-31 11:30:44','2022-12-31 11:30:44'),(582,43,43,99,2,NULL,NULL,NULL,1,'2022-12-31 11:30:44','2022-12-31 11:30:44'),(583,43,43,100,2,NULL,NULL,NULL,1,'2022-12-31 11:30:44','2022-12-31 11:30:44'),(584,43,43,101,2,NULL,NULL,NULL,1,'2022-12-31 11:30:44','2022-12-31 11:30:44'),(585,43,43,102,3,38,'00:00:00','15:20:57',NULL,'2022-12-31 11:30:44','2022-12-31 11:30:44'),(586,44,44,43,0,19,'00:00:00',NULL,NULL,'2022-12-31 11:30:44','2022-12-31 11:30:44'),(587,44,44,44,1,20,'00:00:00','00:00:00',NULL,'2022-12-31 11:30:44','2022-12-31 11:30:44'),(588,44,44,45,1,21,'00:00:00','00:00:00',NULL,'2022-12-31 11:30:44','2022-12-31 11:30:44'),(589,44,44,46,1,22,'00:00:00','00:00:00',NULL,'2022-12-31 11:30:44','2022-12-31 11:30:44'),(590,44,44,47,2,NULL,NULL,NULL,1,'2022-12-31 11:30:44','2022-12-31 11:30:44'),(591,44,44,48,2,NULL,NULL,NULL,1,'2022-12-31 11:30:44','2022-12-31 11:30:44'),(592,44,44,49,2,NULL,NULL,NULL,1,'2022-12-31 11:30:44','2022-12-31 11:30:44'),(593,44,44,50,2,NULL,NULL,NULL,1,'2022-12-31 11:30:44','2022-12-31 11:30:44'),(594,44,44,51,2,NULL,NULL,NULL,1,'2022-12-31 11:30:44','2022-12-31 11:30:44'),(595,44,44,52,2,NULL,NULL,NULL,1,'2022-12-31 11:30:44','2022-12-31 11:30:44'),(596,44,44,53,2,NULL,NULL,NULL,1,'2022-12-31 11:30:44','2022-12-31 11:30:44'),(597,44,44,54,2,NULL,NULL,NULL,1,'2022-12-31 11:30:44','2022-12-31 11:30:44'),(598,44,44,55,3,23,NULL,'00:00:00',NULL,'2022-12-31 11:30:44','2022-12-31 11:30:44'),(599,45,45,43,0,19,'09:24:22','09:24:22',NULL,'2022-12-31 11:30:44','2022-12-31 11:30:44'),(600,45,45,44,1,20,'10:40:43','10:28:17',NULL,'2022-12-31 11:30:44','2022-12-31 11:30:44'),(601,45,45,45,1,21,'12:37:18','12:21:14',NULL,'2022-12-31 11:30:44','2022-12-31 11:30:44'),(602,45,45,46,1,22,'13:38:53','13:28:22',NULL,'2022-12-31 11:30:44','2022-12-31 11:30:44'),(603,45,45,47,2,NULL,NULL,NULL,1,'2022-12-31 11:30:44','2022-12-31 11:30:44'),(604,45,45,48,2,NULL,NULL,NULL,1,'2022-12-31 11:30:44','2022-12-31 11:30:44'),(605,45,45,49,2,NULL,NULL,NULL,1,'2022-12-31 11:30:44','2022-12-31 11:30:44'),(606,45,45,50,2,NULL,NULL,NULL,1,'2022-12-31 11:30:44','2022-12-31 11:30:44'),(607,45,45,51,2,NULL,NULL,NULL,1,'2022-12-31 11:30:44','2022-12-31 11:30:44'),(608,45,45,52,2,NULL,NULL,NULL,1,'2022-12-31 11:30:44','2022-12-31 11:30:44'),(609,45,45,53,2,NULL,NULL,NULL,1,'2022-12-31 11:30:44','2022-12-31 11:30:44'),(610,45,45,54,2,NULL,NULL,NULL,1,'2022-12-31 11:30:44','2022-12-31 11:30:44'),(611,45,45,55,3,23,'00:00:00','14:05:30',NULL,'2022-12-31 11:30:44','2022-12-31 11:30:44'),(612,46,46,43,0,19,'09:01:40','09:01:40',NULL,'2022-12-31 11:30:44','2022-12-31 11:30:44'),(613,46,46,44,1,20,'10:43:57','10:28:57',NULL,'2022-12-31 11:30:44','2022-12-31 11:30:44'),(614,46,46,45,1,21,'13:27:37','12:59:01',NULL,'2022-12-31 11:30:44','2022-12-31 11:30:44'),(615,46,46,46,1,22,'14:38:32','14:36:56',NULL,'2022-12-31 11:30:44','2022-12-31 11:30:44'),(616,46,46,47,2,NULL,NULL,NULL,1,'2022-12-31 11:30:44','2022-12-31 11:30:44'),(617,46,46,48,2,NULL,NULL,NULL,1,'2022-12-31 11:30:44','2022-12-31 11:30:44'),(618,46,46,49,2,NULL,NULL,NULL,1,'2022-12-31 11:30:44','2022-12-31 11:30:44'),(619,46,46,50,2,NULL,NULL,NULL,1,'2022-12-31 11:30:44','2022-12-31 11:30:44'),(620,46,46,51,2,NULL,NULL,NULL,1,'2022-12-31 11:30:44','2022-12-31 11:30:44'),(621,46,46,52,2,NULL,NULL,NULL,1,'2022-12-31 11:30:44','2022-12-31 11:30:44'),(622,46,46,53,2,NULL,NULL,NULL,1,'2022-12-31 11:30:44','2022-12-31 11:30:44'),(623,46,46,54,2,NULL,NULL,NULL,1,'2022-12-31 11:30:44','2022-12-31 11:30:44'),(624,46,46,55,3,23,'00:00:00','15:05:24',NULL,'2022-12-31 11:30:44','2022-12-31 11:30:44'),(625,47,47,43,0,19,'08:50:01','08:50:01',NULL,'2022-12-31 11:30:44','2022-12-31 11:30:44'),(626,47,47,44,1,20,'10:02:06','09:47:06',NULL,'2022-12-31 11:30:44','2022-12-31 11:30:44'),(627,47,47,45,1,21,'11:54:20','11:32:59',NULL,'2022-12-31 11:30:44','2022-12-31 11:30:44'),(628,47,47,46,1,22,'12:49:06','12:44:14',NULL,'2022-12-31 11:30:44','2022-12-31 11:30:44'),(629,47,47,47,2,NULL,NULL,NULL,1,'2022-12-31 11:30:44','2022-12-31 11:30:44'),(630,47,47,48,2,NULL,NULL,NULL,1,'2022-12-31 11:30:44','2022-12-31 11:30:44'),(631,47,47,49,2,NULL,NULL,NULL,1,'2022-12-31 11:30:44','2022-12-31 11:30:44'),(632,47,47,50,2,NULL,NULL,NULL,1,'2022-12-31 11:30:44','2022-12-31 11:30:44'),(633,47,47,51,2,NULL,NULL,NULL,1,'2022-12-31 11:30:44','2022-12-31 11:30:44'),(634,47,47,52,2,NULL,NULL,NULL,1,'2022-12-31 11:30:44','2022-12-31 11:30:44'),(635,47,47,53,2,NULL,NULL,NULL,1,'2022-12-31 11:30:44','2022-12-31 11:30:44'),(636,47,47,54,2,NULL,NULL,NULL,1,'2022-12-31 11:30:44','2022-12-31 11:30:44'),(637,47,47,55,3,23,'00:00:00','13:09:42',NULL,'2022-12-31 11:30:44','2022-12-31 11:30:44'),(638,48,48,69,0,29,'09:45:43','09:45:43',NULL,'2022-12-31 11:30:44','2022-12-31 11:30:44'),(639,48,48,70,1,30,'10:54:37','10:40:16',NULL,'2022-12-31 11:30:44','2022-12-31 11:30:44'),(640,48,48,71,1,31,'13:00:50','12:30:50',NULL,'2022-12-31 11:30:44','2022-12-31 11:30:44'),(641,48,48,72,1,32,'14:06:12','13:53:37',NULL,'2022-12-31 11:30:44','2022-12-31 11:30:44'),(642,48,48,73,2,NULL,NULL,NULL,1,'2022-12-31 11:30:44','2022-12-31 11:30:44'),(643,48,48,74,2,NULL,NULL,NULL,1,'2022-12-31 11:30:44','2022-12-31 11:30:44'),(644,48,48,75,2,NULL,NULL,NULL,1,'2022-12-31 11:30:44','2022-12-31 11:30:44'),(645,48,48,76,2,NULL,NULL,NULL,1,'2022-12-31 11:30:44','2022-12-31 11:30:44'),(646,48,48,77,2,NULL,NULL,NULL,1,'2022-12-31 11:30:44','2022-12-31 11:30:44'),(647,48,48,78,2,NULL,NULL,NULL,1,'2022-12-31 11:30:44','2022-12-31 11:30:44'),(648,48,48,79,2,NULL,NULL,NULL,1,'2022-12-31 11:30:44','2022-12-31 11:30:44'),(649,48,48,80,2,NULL,NULL,NULL,1,'2022-12-31 11:30:44','2022-12-31 11:30:44'),(650,48,48,81,2,NULL,NULL,NULL,1,'2022-12-31 11:30:44','2022-12-31 11:30:44'),(651,48,48,82,2,NULL,NULL,NULL,1,'2022-12-31 11:30:44','2022-12-31 11:30:44'),(652,48,48,83,2,NULL,NULL,NULL,1,'2022-12-31 11:30:44','2022-12-31 11:30:44'),(653,48,48,84,2,NULL,NULL,NULL,1,'2022-12-31 11:30:44','2022-12-31 11:30:44'),(654,48,48,85,3,33,'00:00:00','16:15:36',NULL,'2022-12-31 11:30:44','2022-12-31 11:30:44'),(655,49,49,26,0,14,'09:19:37','09:19:37',NULL,'2022-12-31 11:30:44','2022-12-31 11:30:44'),(656,49,49,27,1,15,'10:30:13','10:15:13',NULL,'2022-12-31 11:30:44','2022-12-31 11:30:44'),(657,49,49,28,1,16,'00:00:00','00:00:00',NULL,'2022-12-31 11:30:44','2022-12-31 11:30:44'),(658,49,49,29,1,17,'13:48:45','13:35:57',NULL,'2022-12-31 11:30:44','2022-12-31 11:30:44'),(659,49,49,30,2,NULL,NULL,NULL,1,'2022-12-31 11:30:44','2022-12-31 11:30:44'),(660,49,49,31,2,NULL,NULL,NULL,1,'2022-12-31 11:30:44','2022-12-31 11:30:44'),(661,49,49,32,2,NULL,NULL,NULL,1,'2022-12-31 11:30:44','2022-12-31 11:30:44'),(662,49,49,33,2,NULL,NULL,NULL,1,'2022-12-31 11:30:44','2022-12-31 11:30:44'),(663,49,49,34,2,NULL,NULL,NULL,1,'2022-12-31 11:30:44','2022-12-31 11:30:44'),(664,49,49,35,2,NULL,NULL,NULL,1,'2022-12-31 11:30:44','2022-12-31 11:30:44'),(665,49,49,36,2,NULL,NULL,NULL,1,'2022-12-31 11:30:44','2022-12-31 11:30:44'),(666,49,49,37,2,NULL,NULL,NULL,1,'2022-12-31 11:30:44','2022-12-31 11:30:44'),(667,49,49,38,2,NULL,NULL,NULL,1,'2022-12-31 11:30:44','2022-12-31 11:30:44'),(668,49,49,39,2,NULL,NULL,NULL,1,'2022-12-31 11:30:44','2022-12-31 11:30:44'),(669,49,49,40,2,NULL,NULL,NULL,1,'2022-12-31 11:30:44','2022-12-31 11:30:44'),(670,49,49,41,2,NULL,NULL,NULL,1,'2022-12-31 11:30:44','2022-12-31 11:30:44'),(671,49,49,42,3,18,'00:00:00','16:14:18',NULL,'2022-12-31 11:30:44','2022-12-31 11:30:44'),(672,50,50,43,0,19,'00:00:00',NULL,NULL,'2022-12-31 11:30:44','2022-12-31 11:30:44'),(673,50,50,44,1,20,'00:00:00','00:00:00',NULL,'2022-12-31 11:30:44','2022-12-31 11:30:44'),(674,50,50,45,1,21,'00:00:00','00:00:00',NULL,'2022-12-31 11:30:44','2022-12-31 11:30:44'),(675,50,50,46,1,22,'00:00:00','00:00:00',NULL,'2022-12-31 11:30:44','2022-12-31 11:30:44'),(676,50,50,47,2,NULL,NULL,NULL,1,'2022-12-31 11:30:44','2022-12-31 11:30:44'),(677,50,50,48,2,NULL,NULL,NULL,1,'2022-12-31 11:30:44','2022-12-31 11:30:44'),(678,50,50,49,2,NULL,NULL,NULL,1,'2022-12-31 11:30:44','2022-12-31 11:30:44'),(679,50,50,50,2,NULL,NULL,NULL,1,'2022-12-31 11:30:44','2022-12-31 11:30:44'),(680,50,50,51,2,NULL,NULL,NULL,1,'2022-12-31 11:30:44','2022-12-31 11:30:44'),(681,50,50,52,2,NULL,NULL,NULL,1,'2022-12-31 11:30:44','2022-12-31 11:30:44'),(682,50,50,53,2,NULL,NULL,NULL,1,'2022-12-31 11:30:44','2022-12-31 11:30:44'),(683,50,50,54,2,NULL,NULL,NULL,1,'2022-12-31 11:30:44','2022-12-31 11:30:44'),(684,50,50,55,3,23,NULL,'00:00:00',NULL,'2022-12-31 11:30:44','2022-12-31 11:30:44'),(685,51,51,43,0,19,'00:00:00',NULL,NULL,'2022-12-31 11:30:44','2022-12-31 11:30:44'),(686,51,51,44,1,20,'00:00:00','00:00:00',NULL,'2022-12-31 11:30:44','2022-12-31 11:30:44'),(687,51,51,45,1,21,'00:00:00','00:00:00',NULL,'2022-12-31 11:30:44','2022-12-31 11:30:44'),(688,51,51,46,1,22,'00:00:00','00:00:00',NULL,'2022-12-31 11:30:44','2022-12-31 11:30:44'),(689,51,51,47,2,NULL,NULL,NULL,1,'2022-12-31 11:30:44','2022-12-31 11:30:44'),(690,51,51,48,2,NULL,NULL,NULL,1,'2022-12-31 11:30:44','2022-12-31 11:30:44'),(691,51,51,49,2,NULL,NULL,NULL,1,'2022-12-31 11:30:44','2022-12-31 11:30:44'),(692,51,51,50,2,NULL,NULL,NULL,1,'2022-12-31 11:30:44','2022-12-31 11:30:44'),(693,51,51,51,2,NULL,NULL,NULL,1,'2022-12-31 11:30:44','2022-12-31 11:30:44'),(694,51,51,52,2,NULL,NULL,NULL,1,'2022-12-31 11:30:44','2022-12-31 11:30:44'),(695,51,51,53,2,NULL,NULL,NULL,1,'2022-12-31 11:30:44','2022-12-31 11:30:44'),(696,51,51,54,2,NULL,NULL,NULL,1,'2022-12-31 11:30:44','2022-12-31 11:30:44'),(697,51,51,55,3,23,NULL,'00:00:00',NULL,'2022-12-31 11:30:44','2022-12-31 11:30:44'),(698,52,52,1,0,1,'10:23:31','10:23:31',NULL,'2022-12-31 11:30:44','2022-12-31 11:30:44'),(699,52,52,2,1,2,'11:30:07','11:24:53',NULL,'2022-12-31 11:30:44','2022-12-31 11:30:44'),(700,52,52,3,2,NULL,NULL,NULL,1,'2022-12-31 11:30:44','2022-12-31 11:30:44'),(701,52,52,4,2,NULL,NULL,NULL,1,'2022-12-31 11:30:44','2022-12-31 11:30:44'),(702,52,52,5,2,NULL,NULL,NULL,1,'2022-12-31 11:30:44','2022-12-31 11:30:44'),(703,52,52,6,2,NULL,NULL,NULL,1,'2022-12-31 11:30:44','2022-12-31 11:30:44'),(704,52,52,7,2,NULL,NULL,NULL,1,'2022-12-31 11:30:44','2022-12-31 11:30:44'),(705,52,52,8,3,3,'00:00:00','12:28:38',NULL,'2022-12-31 11:30:44','2022-12-31 11:30:44'),(706,53,53,56,0,24,'09:53:01','09:53:01',NULL,'2022-12-31 11:30:44','2022-12-31 11:30:44'),(707,53,53,57,1,25,'11:21:02','11:06:02',NULL,'2022-12-31 11:30:44','2022-12-31 11:30:44'),(708,53,53,58,1,26,'14:35:09','14:09:57',NULL,'2022-12-31 11:30:44','2022-12-31 11:30:44'),(709,53,53,59,1,27,'16:07:38','16:00:45',NULL,'2022-12-31 11:30:44','2022-12-31 11:30:44'),(710,53,53,60,2,NULL,NULL,NULL,1,'2022-12-31 11:30:44','2022-12-31 11:30:44'),(711,53,53,61,2,NULL,NULL,NULL,1,'2022-12-31 11:30:44','2022-12-31 11:30:44'),(712,53,53,62,2,NULL,NULL,NULL,1,'2022-12-31 11:30:44','2022-12-31 11:30:44'),(713,53,53,63,2,NULL,NULL,NULL,1,'2022-12-31 11:30:44','2022-12-31 11:30:44'),(714,53,53,64,2,NULL,NULL,NULL,1,'2022-12-31 11:30:44','2022-12-31 11:30:44'),(715,53,53,65,2,NULL,NULL,NULL,1,'2022-12-31 11:30:44','2022-12-31 11:30:44'),(716,53,53,66,2,NULL,NULL,NULL,1,'2022-12-31 11:30:44','2022-12-31 11:30:44'),(717,53,53,67,2,NULL,NULL,NULL,1,'2022-12-31 11:30:44','2022-12-31 11:30:44'),(718,53,53,68,3,28,'00:00:00','16:39:12',NULL,'2022-12-31 11:30:44','2022-12-31 11:30:44'),(719,54,54,56,0,24,'09:43:31','09:43:31',NULL,'2022-12-31 11:30:44','2022-12-31 11:30:44'),(720,54,54,57,1,25,'10:33:03','10:28:16',NULL,'2022-12-31 11:30:44','2022-12-31 11:30:44'),(721,54,54,58,1,26,'11:58:30','11:45:10',NULL,'2022-12-31 11:30:44','2022-12-31 11:30:44'),(722,54,54,59,1,27,'12:45:16','12:35:54',NULL,'2022-12-31 11:30:44','2022-12-31 11:30:44'),(723,54,54,60,2,NULL,NULL,NULL,1,'2022-12-31 11:30:44','2022-12-31 11:30:44'),(724,54,54,61,2,NULL,NULL,NULL,1,'2022-12-31 11:30:44','2022-12-31 11:30:44'),(725,54,54,62,2,NULL,NULL,NULL,1,'2022-12-31 11:30:44','2022-12-31 11:30:44'),(726,54,54,63,2,NULL,NULL,NULL,1,'2022-12-31 11:30:44','2022-12-31 11:30:44'),(727,54,54,64,2,NULL,NULL,NULL,1,'2022-12-31 11:30:44','2022-12-31 11:30:44'),(728,54,54,65,2,NULL,NULL,NULL,1,'2022-12-31 11:30:44','2022-12-31 11:30:44'),(729,54,54,66,2,NULL,NULL,NULL,1,'2022-12-31 11:30:44','2022-12-31 11:30:44'),(730,54,54,67,2,NULL,NULL,NULL,1,'2022-12-31 11:30:44','2022-12-31 11:30:44'),(731,54,54,68,3,28,'00:00:00','12:59:08',NULL,'2022-12-31 11:30:44','2022-12-31 11:30:44'),(732,55,55,43,0,19,'08:56:26','08:56:26',NULL,'2022-12-31 11:30:44','2022-12-31 11:30:44'),(733,55,55,44,1,20,'11:12:42','10:58:51',NULL,'2022-12-31 11:30:44','2022-12-31 11:30:44'),(734,55,55,45,1,21,'13:16:46','12:56:29',NULL,'2022-12-31 11:30:44','2022-12-31 11:30:44'),(735,55,55,46,1,22,'14:32:17','14:18:36',NULL,'2022-12-31 11:30:44','2022-12-31 11:30:44'),(736,55,55,47,2,NULL,NULL,NULL,1,'2022-12-31 11:30:44','2022-12-31 11:30:44'),(737,55,55,48,2,NULL,NULL,NULL,1,'2022-12-31 11:30:44','2022-12-31 11:30:44'),(738,55,55,49,2,NULL,NULL,NULL,1,'2022-12-31 11:30:44','2022-12-31 11:30:44'),(739,55,55,50,2,NULL,NULL,NULL,1,'2022-12-31 11:30:44','2022-12-31 11:30:44'),(740,55,55,51,2,NULL,NULL,NULL,1,'2022-12-31 11:30:44','2022-12-31 11:30:44'),(741,55,55,52,2,NULL,NULL,NULL,1,'2022-12-31 11:30:44','2022-12-31 11:30:44'),(742,55,55,53,2,NULL,NULL,NULL,1,'2022-12-31 11:30:44','2022-12-31 11:30:44'),(743,55,55,54,2,NULL,NULL,NULL,1,'2022-12-31 11:30:44','2022-12-31 11:30:44'),(744,55,55,55,3,23,'00:00:00','14:58:29',NULL,'2022-12-31 11:30:44','2022-12-31 11:30:44'),(745,56,56,86,0,34,'09:43:46','09:43:46',NULL,'2022-12-31 11:30:44','2022-12-31 11:30:44'),(746,56,56,87,1,35,'10:44:44','10:36:03',NULL,'2022-12-31 11:30:44','2022-12-31 11:30:44'),(747,56,56,88,1,36,'12:32:02','12:09:59',NULL,'2022-12-31 11:30:44','2022-12-31 11:30:44'),(748,56,56,89,1,37,'13:43:00','13:28:00',NULL,'2022-12-31 11:30:44','2022-12-31 11:30:44'),(749,56,56,90,2,NULL,NULL,NULL,1,'2022-12-31 11:30:44','2022-12-31 11:30:44'),(750,56,56,91,2,NULL,NULL,NULL,1,'2022-12-31 11:30:44','2022-12-31 11:30:44'),(751,56,56,92,2,NULL,NULL,NULL,1,'2022-12-31 11:30:44','2022-12-31 11:30:44'),(752,56,56,93,2,NULL,NULL,NULL,1,'2022-12-31 11:30:44','2022-12-31 11:30:44'),(753,56,56,94,2,NULL,NULL,NULL,1,'2022-12-31 11:30:44','2022-12-31 11:30:44'),(754,56,56,95,2,NULL,NULL,NULL,1,'2022-12-31 11:30:44','2022-12-31 11:30:44'),(755,56,56,96,2,NULL,NULL,NULL,1,'2022-12-31 11:30:44','2022-12-31 11:30:44'),(756,56,56,97,2,NULL,NULL,NULL,1,'2022-12-31 11:30:44','2022-12-31 11:30:44'),(757,56,56,98,2,NULL,NULL,NULL,1,'2022-12-31 11:30:44','2022-12-31 11:30:44'),(758,56,56,99,2,NULL,NULL,NULL,1,'2022-12-31 11:30:44','2022-12-31 11:30:44'),(759,56,56,100,2,NULL,NULL,NULL,1,'2022-12-31 11:30:44','2022-12-31 11:30:44'),(760,56,56,101,2,NULL,NULL,NULL,1,'2022-12-31 11:30:44','2022-12-31 11:30:44'),(761,56,56,102,3,38,'00:00:00','16:10:58',NULL,'2022-12-31 11:30:44','2022-12-31 11:30:44'),(762,57,57,43,0,19,'08:43:20','08:43:20',NULL,'2022-12-31 11:30:44','2022-12-31 11:30:44'),(763,57,57,44,1,20,'09:51:11','09:40:51',NULL,'2022-12-31 11:30:44','2022-12-31 11:30:44'),(764,57,57,45,1,21,'11:42:02','11:16:38',NULL,'2022-12-31 11:30:44','2022-12-31 11:30:44'),(765,57,57,46,1,22,'12:44:30','12:38:15',NULL,'2022-12-31 11:30:44','2022-12-31 11:30:44'),(766,57,57,47,2,NULL,NULL,NULL,1,'2022-12-31 11:30:44','2022-12-31 11:30:44'),(767,57,57,48,2,NULL,NULL,NULL,1,'2022-12-31 11:30:44','2022-12-31 11:30:44'),(768,57,57,49,2,NULL,NULL,NULL,1,'2022-12-31 11:30:44','2022-12-31 11:30:44'),(769,57,57,50,2,NULL,NULL,NULL,1,'2022-12-31 11:30:44','2022-12-31 11:30:44'),(770,57,57,51,2,NULL,NULL,NULL,1,'2022-12-31 11:30:44','2022-12-31 11:30:44'),(771,57,57,52,2,NULL,NULL,NULL,1,'2022-12-31 11:30:44','2022-12-31 11:30:44'),(772,57,57,53,2,NULL,NULL,NULL,1,'2022-12-31 11:30:44','2022-12-31 11:30:44'),(773,57,57,54,2,NULL,NULL,NULL,1,'2022-12-31 11:30:44','2022-12-31 11:30:44'),(774,57,57,55,3,23,'00:00:00','12:59:03',NULL,'2022-12-31 11:30:44','2022-12-31 11:30:44'),(775,58,58,43,0,19,'09:01:12','09:01:12',NULL,'2022-12-31 11:30:44','2022-12-31 11:30:44'),(776,58,58,44,1,20,'11:12:03','11:00:26',NULL,'2022-12-31 11:30:44','2022-12-31 11:30:44'),(777,58,58,45,1,21,'13:09:03','12:39:03',NULL,'2022-12-31 11:30:44','2022-12-31 11:30:44'),(778,58,58,46,1,22,'13:51:22','13:50:17',NULL,'2022-12-31 11:30:44','2022-12-31 11:30:44'),(779,58,58,47,2,NULL,NULL,NULL,1,'2022-12-31 11:30:44','2022-12-31 11:30:44'),(780,58,58,48,2,NULL,NULL,NULL,1,'2022-12-31 11:30:44','2022-12-31 11:30:44'),(781,58,58,49,2,NULL,NULL,NULL,1,'2022-12-31 11:30:44','2022-12-31 11:30:44'),(782,58,58,50,2,NULL,NULL,NULL,1,'2022-12-31 11:30:44','2022-12-31 11:30:44'),(783,58,58,51,2,NULL,NULL,NULL,1,'2022-12-31 11:30:44','2022-12-31 11:30:44'),(784,58,58,52,2,NULL,NULL,NULL,1,'2022-12-31 11:30:44','2022-12-31 11:30:44'),(785,58,58,53,2,NULL,NULL,NULL,1,'2022-12-31 11:30:44','2022-12-31 11:30:44'),(786,58,58,54,2,NULL,NULL,NULL,1,'2022-12-31 11:30:44','2022-12-31 11:30:44'),(787,58,58,55,3,23,'00:00:00','14:13:13',NULL,'2022-12-31 11:30:44','2022-12-31 11:30:44'),(788,59,59,43,0,19,'08:41:22','08:41:22',NULL,'2022-12-31 11:30:44','2022-12-31 11:30:44'),(789,59,59,44,1,20,'10:11:39','10:00:54',NULL,'2022-12-31 11:30:44','2022-12-31 11:30:44'),(790,59,59,45,1,21,'12:50:47','12:20:47',NULL,'2022-12-31 11:30:44','2022-12-31 11:30:44'),(791,59,59,46,1,22,'14:20:47','14:05:47',NULL,'2022-12-31 11:30:44','2022-12-31 11:30:44'),(792,59,59,47,2,NULL,NULL,NULL,1,'2022-12-31 11:30:44','2022-12-31 11:30:44'),(793,59,59,48,2,NULL,NULL,NULL,1,'2022-12-31 11:30:44','2022-12-31 11:30:44'),(794,59,59,49,2,NULL,NULL,NULL,1,'2022-12-31 11:30:44','2022-12-31 11:30:44'),(795,59,59,50,2,NULL,NULL,NULL,1,'2022-12-31 11:30:44','2022-12-31 11:30:44'),(796,59,59,51,2,NULL,NULL,NULL,1,'2022-12-31 11:30:44','2022-12-31 11:30:44'),(797,59,59,52,2,NULL,NULL,NULL,1,'2022-12-31 11:30:44','2022-12-31 11:30:44'),(798,59,59,53,2,NULL,NULL,NULL,1,'2022-12-31 11:30:44','2022-12-31 11:30:44'),(799,59,59,54,2,NULL,NULL,NULL,1,'2022-12-31 11:30:44','2022-12-31 11:30:44'),(800,59,59,55,3,23,'00:00:00','15:02:46',NULL,'2022-12-31 11:30:44','2022-12-31 11:30:44'),(801,60,60,1,0,1,'00:00:00',NULL,NULL,'2022-12-31 11:30:44','2022-12-31 11:30:44'),(802,60,60,2,1,2,'00:00:00','00:00:00',NULL,'2022-12-31 11:30:44','2022-12-31 11:30:44'),(803,60,60,3,2,NULL,NULL,NULL,1,'2022-12-31 11:30:44','2022-12-31 11:30:44'),(804,60,60,4,2,NULL,NULL,NULL,1,'2022-12-31 11:30:44','2022-12-31 11:30:44'),(805,60,60,5,2,NULL,NULL,NULL,1,'2022-12-31 11:30:44','2022-12-31 11:30:44'),(806,60,60,6,2,NULL,NULL,NULL,1,'2022-12-31 11:30:44','2022-12-31 11:30:44'),(807,60,60,7,2,NULL,NULL,NULL,1,'2022-12-31 11:30:44','2022-12-31 11:30:44'),(808,60,60,8,3,3,NULL,'00:00:00',NULL,'2022-12-31 11:30:44','2022-12-31 11:30:44'),(809,61,61,1,0,1,'10:03:54','10:03:54',NULL,'2022-12-31 11:30:44','2022-12-31 11:30:44'),(810,61,61,2,1,2,'12:33:04','12:06:11',NULL,'2022-12-31 11:30:44','2022-12-31 11:30:44'),(811,61,61,3,2,NULL,NULL,NULL,1,'2022-12-31 11:30:44','2022-12-31 11:30:44'),(812,61,61,4,2,NULL,NULL,NULL,1,'2022-12-31 11:30:44','2022-12-31 11:30:44'),(813,61,61,5,2,NULL,NULL,NULL,1,'2022-12-31 11:30:44','2022-12-31 11:30:44'),(814,61,61,6,2,NULL,NULL,NULL,1,'2022-12-31 11:30:44','2022-12-31 11:30:44'),(815,61,61,7,2,NULL,NULL,NULL,1,'2022-12-31 11:30:44','2022-12-31 11:30:44'),(816,61,61,8,3,3,'00:00:00','14:22:34',NULL,'2022-12-31 11:30:44','2022-12-31 11:30:44'),(817,62,62,1,0,1,'10:03:28','10:03:28',NULL,'2022-12-31 11:30:44','2022-12-31 11:30:44'),(818,62,62,2,1,2,'12:32:57','12:05:58',NULL,'2022-12-31 11:30:44','2022-12-31 11:30:44'),(819,62,62,3,2,NULL,NULL,NULL,1,'2022-12-31 11:30:44','2022-12-31 11:30:44'),(820,62,62,4,2,NULL,NULL,NULL,1,'2022-12-31 11:30:44','2022-12-31 11:30:44'),(821,62,62,5,2,NULL,NULL,NULL,1,'2022-12-31 11:30:44','2022-12-31 11:30:44'),(822,62,62,6,2,NULL,NULL,NULL,1,'2022-12-31 11:30:44','2022-12-31 11:30:44'),(823,62,62,7,2,NULL,NULL,NULL,1,'2022-12-31 11:30:44','2022-12-31 11:30:44'),(824,62,62,8,3,3,'00:00:00','14:22:43',NULL,'2022-12-31 11:30:44','2022-12-31 11:30:44'),(825,63,63,69,0,29,'09:36:58','09:36:58',NULL,'2022-12-31 11:30:44','2022-12-31 11:30:44'),(826,63,63,70,1,30,'11:16:57','11:02:14',NULL,'2022-12-31 11:30:44','2022-12-31 11:30:44'),(827,63,63,71,1,31,'14:01:45','13:36:45',NULL,'2022-12-31 11:30:44','2022-12-31 11:30:44'),(828,63,63,72,1,32,'15:18:10','15:05:11',NULL,'2022-12-31 11:30:44','2022-12-31 11:30:44'),(829,63,63,73,2,NULL,NULL,NULL,1,'2022-12-31 11:30:44','2022-12-31 11:30:44'),(830,63,63,74,2,NULL,NULL,NULL,1,'2022-12-31 11:30:44','2022-12-31 11:30:44'),(831,63,63,75,2,NULL,NULL,NULL,1,'2022-12-31 11:30:44','2022-12-31 11:30:44'),(832,63,63,76,2,NULL,NULL,NULL,1,'2022-12-31 11:30:44','2022-12-31 11:30:44'),(833,63,63,77,2,NULL,NULL,NULL,1,'2022-12-31 11:30:44','2022-12-31 11:30:44'),(834,63,63,78,2,NULL,NULL,NULL,1,'2022-12-31 11:30:44','2022-12-31 11:30:44'),(835,63,63,79,2,NULL,NULL,NULL,1,'2022-12-31 11:30:44','2022-12-31 11:30:44'),(836,63,63,80,2,NULL,NULL,NULL,1,'2022-12-31 11:30:44','2022-12-31 11:30:44'),(837,63,63,81,2,NULL,NULL,NULL,1,'2022-12-31 11:30:44','2022-12-31 11:30:44'),(838,63,63,82,2,NULL,NULL,NULL,1,'2022-12-31 11:30:44','2022-12-31 11:30:44'),(839,63,63,83,2,NULL,NULL,NULL,1,'2022-12-31 11:30:44','2022-12-31 11:30:44'),(840,63,63,84,2,NULL,NULL,NULL,1,'2022-12-31 11:30:44','2022-12-31 11:30:44'),(841,63,63,85,3,33,'00:00:00','18:26:49',NULL,'2022-12-31 11:30:44','2022-12-31 11:30:44'),(842,64,64,43,0,19,'09:00:00','09:00:00',NULL,'2022-12-31 11:30:44','2022-12-31 11:30:44'),(843,64,64,44,1,20,'10:23:26','10:09:34',NULL,'2022-12-31 11:30:44','2022-12-31 11:30:44'),(844,64,64,45,1,21,'13:23:59','13:07:49',NULL,'2022-12-31 11:30:44','2022-12-31 11:30:44'),(845,64,64,46,1,22,'14:42:16','14:34:37',NULL,'2022-12-31 11:30:44','2022-12-31 11:30:44'),(846,64,64,47,2,NULL,NULL,NULL,1,'2022-12-31 11:30:44','2022-12-31 11:30:44'),(847,64,64,48,2,NULL,NULL,NULL,1,'2022-12-31 11:30:44','2022-12-31 11:30:44'),(848,64,64,49,2,NULL,NULL,NULL,1,'2022-12-31 11:30:44','2022-12-31 11:30:44'),(849,64,64,50,2,NULL,NULL,NULL,1,'2022-12-31 11:30:44','2022-12-31 11:30:44'),(850,64,64,51,2,NULL,NULL,NULL,1,'2022-12-31 11:30:44','2022-12-31 11:30:44'),(851,64,64,52,2,NULL,NULL,NULL,1,'2022-12-31 11:30:44','2022-12-31 11:30:44'),(852,64,64,53,2,NULL,NULL,NULL,1,'2022-12-31 11:30:44','2022-12-31 11:30:44'),(853,64,64,54,2,NULL,NULL,NULL,1,'2022-12-31 11:30:44','2022-12-31 11:30:44'),(854,64,64,55,3,23,'00:00:00','15:14:37',NULL,'2022-12-31 11:30:44','2022-12-31 11:30:44'),(855,65,65,1,0,1,'00:00:00',NULL,NULL,'2022-12-31 11:30:44','2022-12-31 11:30:44'),(856,65,65,2,1,2,'00:00:00','00:00:00',NULL,'2022-12-31 11:30:44','2022-12-31 11:30:44'),(857,65,65,3,2,NULL,NULL,NULL,1,'2022-12-31 11:30:44','2022-12-31 11:30:44'),(858,65,65,4,2,NULL,NULL,NULL,1,'2022-12-31 11:30:44','2022-12-31 11:30:44'),(859,65,65,5,2,NULL,NULL,NULL,1,'2022-12-31 11:30:44','2022-12-31 11:30:44'),(860,65,65,6,2,NULL,NULL,NULL,1,'2022-12-31 11:30:44','2022-12-31 11:30:44'),(861,65,65,7,2,NULL,NULL,NULL,1,'2022-12-31 11:30:44','2022-12-31 11:30:44'),(862,65,65,8,3,3,NULL,'00:00:00',NULL,'2022-12-31 11:30:44','2022-12-31 11:30:44'),(863,66,66,43,0,19,'09:28:12','09:28:12',NULL,'2022-12-31 11:30:44','2022-12-31 11:30:44'),(864,66,66,44,1,20,'11:09:44','10:58:26',NULL,'2022-12-31 11:30:44','2022-12-31 11:30:44'),(865,66,66,45,1,21,'14:34:58','14:13:56',NULL,'2022-12-31 11:30:44','2022-12-31 11:30:44'),(866,66,66,46,1,22,'16:04:29','15:59:50',NULL,'2022-12-31 11:30:44','2022-12-31 11:30:44'),(867,66,66,47,2,NULL,NULL,NULL,1,'2022-12-31 11:30:44','2022-12-31 11:30:44'),(868,66,66,48,2,NULL,NULL,NULL,1,'2022-12-31 11:30:44','2022-12-31 11:30:44'),(869,66,66,49,2,NULL,NULL,NULL,1,'2022-12-31 11:30:44','2022-12-31 11:30:44'),(870,66,66,50,2,NULL,NULL,NULL,1,'2022-12-31 11:30:44','2022-12-31 11:30:44'),(871,66,66,51,2,NULL,NULL,NULL,1,'2022-12-31 11:30:44','2022-12-31 11:30:44'),(872,66,66,52,2,NULL,NULL,NULL,1,'2022-12-31 11:30:44','2022-12-31 11:30:44'),(873,66,66,53,2,NULL,NULL,NULL,1,'2022-12-31 11:30:44','2022-12-31 11:30:44'),(874,66,66,54,2,NULL,NULL,NULL,1,'2022-12-31 11:30:44','2022-12-31 11:30:44'),(875,66,66,55,3,23,'00:00:00','16:34:08',NULL,'2022-12-31 11:30:44','2022-12-31 11:30:44'),(876,67,67,43,0,19,'09:28:31','09:28:31',NULL,'2022-12-31 11:30:44','2022-12-31 11:30:44'),(877,67,67,44,1,20,'11:09:26','10:54:26',NULL,'2022-12-31 11:30:44','2022-12-31 11:30:44'),(878,67,67,45,1,21,'14:34:52','14:13:07',NULL,'2022-12-31 11:30:44','2022-12-31 11:30:44'),(879,67,67,46,1,22,'16:04:11','15:59:35',NULL,'2022-12-31 11:30:44','2022-12-31 11:30:44'),(880,67,67,47,2,NULL,NULL,NULL,1,'2022-12-31 11:30:44','2022-12-31 11:30:44'),(881,67,67,48,2,NULL,NULL,NULL,1,'2022-12-31 11:30:44','2022-12-31 11:30:44'),(882,67,67,49,2,NULL,NULL,NULL,1,'2022-12-31 11:30:44','2022-12-31 11:30:44'),(883,67,67,50,2,NULL,NULL,NULL,1,'2022-12-31 11:30:44','2022-12-31 11:30:44'),(884,67,67,51,2,NULL,NULL,NULL,1,'2022-12-31 11:30:44','2022-12-31 11:30:44'),(885,67,67,52,2,NULL,NULL,NULL,1,'2022-12-31 11:30:44','2022-12-31 11:30:44'),(886,67,67,53,2,NULL,NULL,NULL,1,'2022-12-31 11:30:44','2022-12-31 11:30:44'),(887,67,67,54,2,NULL,NULL,NULL,1,'2022-12-31 11:30:44','2022-12-31 11:30:44'),(888,67,67,55,3,23,'00:00:00','16:34:02',NULL,'2022-12-31 11:30:44','2022-12-31 11:30:44'),(889,68,68,43,0,19,'00:00:00',NULL,NULL,'2022-12-31 11:30:44','2022-12-31 11:30:44'),(890,68,68,44,1,20,'00:00:00','00:00:00',NULL,'2022-12-31 11:30:44','2022-12-31 11:30:44'),(891,68,68,45,1,21,'00:00:00','00:00:00',NULL,'2022-12-31 11:30:44','2022-12-31 11:30:44'),(892,68,68,46,1,22,'00:00:00','00:00:00',NULL,'2022-12-31 11:30:44','2022-12-31 11:30:44'),(893,68,68,47,2,NULL,NULL,NULL,1,'2022-12-31 11:30:44','2022-12-31 11:30:44'),(894,68,68,48,2,NULL,NULL,NULL,1,'2022-12-31 11:30:44','2022-12-31 11:30:44'),(895,68,68,49,2,NULL,NULL,NULL,1,'2022-12-31 11:30:44','2022-12-31 11:30:44'),(896,68,68,50,2,NULL,NULL,NULL,1,'2022-12-31 11:30:44','2022-12-31 11:30:44'),(897,68,68,51,2,NULL,NULL,NULL,1,'2022-12-31 11:30:44','2022-12-31 11:30:44'),(898,68,68,52,2,NULL,NULL,NULL,1,'2022-12-31 11:30:44','2022-12-31 11:30:44'),(899,68,68,53,2,NULL,NULL,NULL,1,'2022-12-31 11:30:44','2022-12-31 11:30:44'),(900,68,68,54,2,NULL,NULL,NULL,1,'2022-12-31 11:30:44','2022-12-31 11:30:44'),(901,68,68,55,3,23,NULL,'00:00:00',NULL,'2022-12-31 11:30:44','2022-12-31 11:30:44'),(902,69,69,43,0,19,'08:45:03','08:45:03',NULL,'2022-12-31 11:30:44','2022-12-31 11:30:44'),(903,69,69,44,1,20,'10:21:50','10:21:50',NULL,'2022-12-31 11:30:44','2022-12-31 11:30:44'),(904,69,69,45,1,21,'13:26:42','13:21:27',NULL,'2022-12-31 11:30:44','2022-12-31 11:30:44'),(905,69,69,46,1,22,'14:37:25','14:35:07',NULL,'2022-12-31 11:30:44','2022-12-31 11:30:44'),(906,69,69,47,2,NULL,NULL,NULL,1,'2022-12-31 11:30:44','2022-12-31 11:30:44'),(907,69,69,48,2,NULL,NULL,NULL,1,'2022-12-31 11:30:44','2022-12-31 11:30:44'),(908,69,69,49,2,NULL,NULL,NULL,1,'2022-12-31 11:30:44','2022-12-31 11:30:44'),(909,69,69,50,2,NULL,NULL,NULL,1,'2022-12-31 11:30:44','2022-12-31 11:30:44'),(910,69,69,51,2,NULL,NULL,NULL,1,'2022-12-31 11:30:44','2022-12-31 11:30:44'),(911,69,69,52,2,NULL,NULL,NULL,1,'2022-12-31 11:30:44','2022-12-31 11:30:44'),(912,69,69,53,2,NULL,NULL,NULL,1,'2022-12-31 11:30:44','2022-12-31 11:30:44'),(913,69,69,54,2,NULL,NULL,NULL,1,'2022-12-31 11:30:44','2022-12-31 11:30:44'),(914,69,69,55,3,23,'00:00:00','15:06:14',NULL,'2022-12-31 11:30:44','2022-12-31 11:30:44'),(915,70,70,43,0,19,'08:44:47','08:44:47',NULL,'2022-12-31 11:30:44','2022-12-31 11:30:44'),(916,70,70,44,1,20,'10:25:55','10:22:23',NULL,'2022-12-31 11:30:44','2022-12-31 11:30:44'),(917,70,70,45,1,21,'13:50:17','13:48:36',NULL,'2022-12-31 11:30:44','2022-12-31 11:30:44'),(918,70,70,46,1,22,'16:15:39','16:14:51',NULL,'2022-12-31 11:30:44','2022-12-31 11:30:44'),(919,70,70,47,2,NULL,NULL,NULL,1,'2022-12-31 11:30:44','2022-12-31 11:30:44'),(920,70,70,48,2,NULL,NULL,NULL,1,'2022-12-31 11:30:44','2022-12-31 11:30:44'),(921,70,70,49,2,NULL,NULL,NULL,1,'2022-12-31 11:30:44','2022-12-31 11:30:44'),(922,70,70,50,2,NULL,NULL,NULL,1,'2022-12-31 11:30:44','2022-12-31 11:30:44'),(923,70,70,51,2,NULL,NULL,NULL,1,'2022-12-31 11:30:44','2022-12-31 11:30:44'),(924,70,70,52,2,NULL,NULL,NULL,1,'2022-12-31 11:30:44','2022-12-31 11:30:44'),(925,70,70,53,2,NULL,NULL,NULL,1,'2022-12-31 11:30:44','2022-12-31 11:30:44'),(926,70,70,54,2,NULL,NULL,NULL,1,'2022-12-31 11:30:44','2022-12-31 11:30:44'),(927,70,70,55,3,23,'00:00:00','16:57:34',NULL,'2022-12-31 11:30:44','2022-12-31 11:30:44'),(928,71,71,43,0,19,'08:45:28','08:45:28',NULL,'2022-12-31 11:30:44','2022-12-31 11:30:44'),(929,71,71,44,1,20,'10:26:10','10:22:50',NULL,'2022-12-31 11:30:44','2022-12-31 11:30:44'),(930,71,71,45,1,21,'13:26:45','13:22:53',NULL,'2022-12-31 11:30:44','2022-12-31 11:30:44'),(931,71,71,46,1,22,'15:01:56','14:50:47',NULL,'2022-12-31 11:30:44','2022-12-31 11:30:44'),(932,71,71,47,2,NULL,NULL,NULL,1,'2022-12-31 11:30:44','2022-12-31 11:30:44'),(933,71,71,48,2,NULL,NULL,NULL,1,'2022-12-31 11:30:44','2022-12-31 11:30:44'),(934,71,71,49,2,NULL,NULL,NULL,1,'2022-12-31 11:30:44','2022-12-31 11:30:44'),(935,71,71,50,2,NULL,NULL,NULL,1,'2022-12-31 11:30:44','2022-12-31 11:30:44'),(936,71,71,51,2,NULL,NULL,NULL,1,'2022-12-31 11:30:44','2022-12-31 11:30:44'),(937,71,71,52,2,NULL,NULL,NULL,1,'2022-12-31 11:30:44','2022-12-31 11:30:44'),(938,71,71,53,2,NULL,NULL,NULL,1,'2022-12-31 11:30:44','2022-12-31 11:30:44'),(939,71,71,54,2,NULL,NULL,NULL,1,'2022-12-31 11:30:44','2022-12-31 11:30:44'),(940,71,71,55,3,23,'00:00:00','15:34:37',NULL,'2022-12-31 11:30:44','2022-12-31 11:30:44'),(941,72,72,43,0,19,'09:56:32','09:56:32',NULL,'2022-12-31 11:30:44','2022-12-31 11:30:44'),(942,72,72,44,1,20,'11:59:31','11:47:50',NULL,'2022-12-31 11:30:44','2022-12-31 11:30:44'),(943,72,72,45,1,21,'14:57:46','14:43:38',NULL,'2022-12-31 11:30:44','2022-12-31 11:30:44'),(944,72,72,46,1,22,'16:14:59','16:08:12',NULL,'2022-12-31 11:30:44','2022-12-31 11:30:44'),(945,72,72,47,2,NULL,NULL,NULL,1,'2022-12-31 11:30:44','2022-12-31 11:30:44'),(946,72,72,48,2,NULL,NULL,NULL,1,'2022-12-31 11:30:44','2022-12-31 11:30:44'),(947,72,72,49,2,NULL,NULL,NULL,1,'2022-12-31 11:30:44','2022-12-31 11:30:44'),(948,72,72,50,2,NULL,NULL,NULL,1,'2022-12-31 11:30:44','2022-12-31 11:30:44'),(949,72,72,51,2,NULL,NULL,NULL,1,'2022-12-31 11:30:44','2022-12-31 11:30:44'),(950,72,72,52,2,NULL,NULL,NULL,1,'2022-12-31 11:30:44','2022-12-31 11:30:44'),(951,72,72,53,2,NULL,NULL,NULL,1,'2022-12-31 11:30:44','2022-12-31 11:30:44'),(952,72,72,54,2,NULL,NULL,NULL,1,'2022-12-31 11:30:44','2022-12-31 11:30:44'),(953,72,72,55,3,23,'00:00:00','16:59:17',NULL,'2022-12-31 11:30:44','2022-12-31 11:30:44'),(954,73,73,43,0,19,'08:45:50','08:45:50',NULL,'2022-12-31 11:30:44','2022-12-31 11:30:44'),(955,73,73,44,1,20,'10:40:57','10:26:36',NULL,'2022-12-31 11:30:44','2022-12-31 11:30:44'),(956,73,73,45,1,21,'13:45:17','13:38:22',NULL,'2022-12-31 11:30:44','2022-12-31 11:30:44'),(957,73,73,46,1,22,'15:12:42','15:03:25',NULL,'2022-12-31 11:30:44','2022-12-31 11:30:44'),(958,73,73,47,2,NULL,NULL,NULL,1,'2022-12-31 11:30:44','2022-12-31 11:30:44'),(959,73,73,48,2,NULL,NULL,NULL,1,'2022-12-31 11:30:44','2022-12-31 11:30:44'),(960,73,73,49,2,NULL,NULL,NULL,1,'2022-12-31 11:30:44','2022-12-31 11:30:44'),(961,73,73,50,2,NULL,NULL,NULL,1,'2022-12-31 11:30:44','2022-12-31 11:30:44'),(962,73,73,51,2,NULL,NULL,NULL,1,'2022-12-31 11:30:44','2022-12-31 11:30:44'),(963,73,73,52,2,NULL,NULL,NULL,1,'2022-12-31 11:30:44','2022-12-31 11:30:44'),(964,73,73,53,2,NULL,NULL,NULL,1,'2022-12-31 11:30:44','2022-12-31 11:30:44'),(965,73,73,54,2,NULL,NULL,NULL,1,'2022-12-31 11:30:44','2022-12-31 11:30:44'),(966,73,73,55,3,23,'00:00:00','15:39:46',NULL,'2022-12-31 11:30:44','2022-12-31 11:30:44'),(967,74,74,9,0,9,'00:00:00',NULL,NULL,'2022-12-31 11:30:44','2022-12-31 11:30:44'),(968,74,74,10,1,10,'00:00:00','00:00:00',NULL,'2022-12-31 11:30:44','2022-12-31 11:30:44'),(969,74,74,11,1,11,'00:00:00','00:00:00',NULL,'2022-12-31 11:30:44','2022-12-31 11:30:44'),(970,74,74,12,1,12,'00:00:00','00:00:00',NULL,'2022-12-31 11:30:44','2022-12-31 11:30:44'),(971,74,74,13,2,NULL,NULL,NULL,1,'2022-12-31 11:30:44','2022-12-31 11:30:44'),(972,74,74,14,2,NULL,NULL,NULL,1,'2022-12-31 11:30:44','2022-12-31 11:30:44'),(973,74,74,15,2,NULL,NULL,NULL,1,'2022-12-31 11:30:44','2022-12-31 11:30:44'),(974,74,74,16,2,NULL,NULL,NULL,1,'2022-12-31 11:30:44','2022-12-31 11:30:44'),(975,74,74,17,2,NULL,NULL,NULL,1,'2022-12-31 11:30:44','2022-12-31 11:30:44'),(976,74,74,18,2,NULL,NULL,NULL,1,'2022-12-31 11:30:44','2022-12-31 11:30:44'),(977,74,74,19,2,NULL,NULL,NULL,1,'2022-12-31 11:30:44','2022-12-31 11:30:44'),(978,74,74,20,2,NULL,NULL,NULL,1,'2022-12-31 11:30:44','2022-12-31 11:30:44'),(979,74,74,21,2,NULL,NULL,NULL,1,'2022-12-31 11:30:44','2022-12-31 11:30:44'),(980,74,74,22,2,NULL,NULL,NULL,1,'2022-12-31 11:30:44','2022-12-31 11:30:44'),(981,74,74,23,2,NULL,NULL,NULL,1,'2022-12-31 11:30:44','2022-12-31 11:30:44'),(982,74,74,24,2,NULL,NULL,NULL,1,'2022-12-31 11:30:44','2022-12-31 11:30:44'),(983,74,74,25,3,13,NULL,'00:00:00',NULL,'2022-12-31 11:30:44','2022-12-31 11:30:44'),(984,75,75,43,0,19,'09:36:18','09:36:18',NULL,'2022-12-31 11:30:44','2022-12-31 11:30:44'),(985,75,75,44,1,20,'11:21:11','11:06:34',NULL,'2022-12-31 11:30:44','2022-12-31 11:30:44'),(986,75,75,45,1,21,'14:22:46','13:52:46',NULL,'2022-12-31 11:30:44','2022-12-31 11:30:44'),(987,75,75,46,1,22,'15:45:28','15:30:28',NULL,'2022-12-31 11:30:44','2022-12-31 11:30:44'),(988,75,75,47,2,NULL,NULL,NULL,1,'2022-12-31 11:30:44','2022-12-31 11:30:44'),(989,75,75,48,2,NULL,NULL,NULL,1,'2022-12-31 11:30:44','2022-12-31 11:30:44'),(990,75,75,49,2,NULL,NULL,NULL,1,'2022-12-31 11:30:44','2022-12-31 11:30:44'),(991,75,75,50,2,NULL,NULL,NULL,1,'2022-12-31 11:30:44','2022-12-31 11:30:44'),(992,75,75,51,2,NULL,NULL,NULL,1,'2022-12-31 11:30:44','2022-12-31 11:30:44'),(993,75,75,52,2,NULL,NULL,NULL,1,'2022-12-31 11:30:44','2022-12-31 11:30:44'),(994,75,75,53,2,NULL,NULL,NULL,1,'2022-12-31 11:30:44','2022-12-31 11:30:44'),(995,75,75,54,2,NULL,NULL,NULL,1,'2022-12-31 11:30:44','2022-12-31 11:30:44'),(996,75,75,55,3,23,'00:00:00','16:16:58',NULL,'2022-12-31 11:30:44','2022-12-31 11:30:44'),(997,76,76,9,0,9,'09:22:18','09:22:18',NULL,'2022-12-31 11:30:44','2022-12-31 11:30:44'),(998,76,76,10,1,10,'10:48:33','10:35:24',NULL,'2022-12-31 11:30:44','2022-12-31 11:30:44'),(999,76,76,11,1,11,'13:42:15','13:30:19',NULL,'2022-12-31 11:30:44','2022-12-31 11:30:44'),(1000,76,76,12,1,12,'14:26:32','14:23:19',NULL,'2022-12-31 11:30:44','2022-12-31 11:30:44'),(1001,76,76,13,2,NULL,NULL,NULL,1,'2022-12-31 11:30:44','2022-12-31 11:30:44'),(1002,76,76,14,2,NULL,NULL,NULL,1,'2022-12-31 11:30:44','2022-12-31 11:30:44'),(1003,76,76,15,2,NULL,NULL,NULL,1,'2022-12-31 11:30:44','2022-12-31 11:30:44'),(1004,76,76,16,2,NULL,NULL,NULL,1,'2022-12-31 11:30:44','2022-12-31 11:30:44'),(1005,76,76,17,2,NULL,NULL,NULL,1,'2022-12-31 11:30:44','2022-12-31 11:30:44'),(1006,76,76,18,2,NULL,NULL,NULL,1,'2022-12-31 11:30:44','2022-12-31 11:30:44'),(1007,76,76,19,2,NULL,NULL,NULL,1,'2022-12-31 11:30:44','2022-12-31 11:30:44'),(1008,76,76,20,2,NULL,NULL,NULL,1,'2022-12-31 11:30:44','2022-12-31 11:30:44'),(1009,76,76,21,2,NULL,NULL,NULL,1,'2022-12-31 11:30:44','2022-12-31 11:30:44'),(1010,76,76,22,2,NULL,NULL,NULL,1,'2022-12-31 11:30:44','2022-12-31 11:30:44'),(1011,76,76,23,2,NULL,NULL,NULL,1,'2022-12-31 11:30:44','2022-12-31 11:30:44'),(1012,76,76,24,2,NULL,NULL,NULL,1,'2022-12-31 11:30:44','2022-12-31 11:30:44'),(1013,76,76,25,3,13,'00:00:00','17:23:38',NULL,'2022-12-31 11:30:44','2022-12-31 11:30:44'),(1014,77,77,43,0,19,'09:33:50','09:33:50',NULL,'2022-12-31 11:30:44','2022-12-31 11:30:44'),(1015,77,77,44,1,20,'10:32:18','10:24:24',NULL,'2022-12-31 11:30:44','2022-12-31 11:30:44'),(1016,77,77,45,1,21,'12:29:58','12:02:44',NULL,'2022-12-31 11:30:44','2022-12-31 11:30:44'),(1017,77,77,46,1,22,'13:25:28','13:17:01',NULL,'2022-12-31 11:30:44','2022-12-31 11:30:44'),(1018,77,77,47,2,NULL,NULL,NULL,1,'2022-12-31 11:30:44','2022-12-31 11:30:44'),(1019,77,77,48,2,NULL,NULL,NULL,1,'2022-12-31 11:30:44','2022-12-31 11:30:44'),(1020,77,77,49,2,NULL,NULL,NULL,1,'2022-12-31 11:30:44','2022-12-31 11:30:44'),(1021,77,77,50,2,NULL,NULL,NULL,1,'2022-12-31 11:30:44','2022-12-31 11:30:44'),(1022,77,77,51,2,NULL,NULL,NULL,1,'2022-12-31 11:30:44','2022-12-31 11:30:44'),(1023,77,77,52,2,NULL,NULL,NULL,1,'2022-12-31 11:30:44','2022-12-31 11:30:44'),(1024,77,77,53,2,NULL,NULL,NULL,1,'2022-12-31 11:30:44','2022-12-31 11:30:44'),(1025,77,77,54,2,NULL,NULL,NULL,1,'2022-12-31 11:30:44','2022-12-31 11:30:44'),(1026,77,77,55,3,23,'00:00:00','13:39:26',NULL,'2022-12-31 11:30:44','2022-12-31 11:30:44'),(1027,78,78,43,0,19,'09:34:58','09:34:58',NULL,'2022-12-31 11:30:44','2022-12-31 11:30:44'),(1028,78,78,44,1,20,'11:07:12','10:52:34',NULL,'2022-12-31 11:30:44','2022-12-31 11:30:44'),(1029,78,78,45,1,21,'13:45:30','13:15:30',NULL,'2022-12-31 11:30:44','2022-12-31 11:30:44'),(1030,78,78,46,1,22,'15:04:00','14:52:25',NULL,'2022-12-31 11:30:44','2022-12-31 11:30:44'),(1031,78,78,47,2,NULL,NULL,NULL,1,'2022-12-31 11:30:44','2022-12-31 11:30:44'),(1032,78,78,48,2,NULL,NULL,NULL,1,'2022-12-31 11:30:44','2022-12-31 11:30:44'),(1033,78,78,49,2,NULL,NULL,NULL,1,'2022-12-31 11:30:44','2022-12-31 11:30:44'),(1034,78,78,50,2,NULL,NULL,NULL,1,'2022-12-31 11:30:44','2022-12-31 11:30:44'),(1035,78,78,51,2,NULL,NULL,NULL,1,'2022-12-31 11:30:44','2022-12-31 11:30:44'),(1036,78,78,52,2,NULL,NULL,NULL,1,'2022-12-31 11:30:44','2022-12-31 11:30:44'),(1037,78,78,53,2,NULL,NULL,NULL,1,'2022-12-31 11:30:44','2022-12-31 11:30:44'),(1038,78,78,54,2,NULL,NULL,NULL,1,'2022-12-31 11:30:44','2022-12-31 11:30:44'),(1039,78,78,55,3,23,'00:00:00','15:33:35',NULL,'2022-12-31 11:30:44','2022-12-31 11:30:44'),(1040,79,79,43,0,19,'08:42:13','08:42:13',NULL,'2022-12-31 11:30:44','2022-12-31 11:30:44'),(1041,79,79,44,1,20,'10:03:46','10:03:46',NULL,'2022-12-31 11:30:44','2022-12-31 11:30:44'),(1042,79,79,45,1,21,'12:52:41','12:23:40',NULL,'2022-12-31 11:30:44','2022-12-31 11:30:44'),(1043,79,79,46,1,22,'14:02:23','14:01:23',NULL,'2022-12-31 11:30:44','2022-12-31 11:30:44'),(1044,79,79,47,2,NULL,NULL,NULL,1,'2022-12-31 11:30:44','2022-12-31 11:30:44'),(1045,79,79,48,2,NULL,NULL,NULL,1,'2022-12-31 11:30:44','2022-12-31 11:30:44'),(1046,79,79,49,2,NULL,NULL,NULL,1,'2022-12-31 11:30:44','2022-12-31 11:30:44'),(1047,79,79,50,2,NULL,NULL,NULL,1,'2022-12-31 11:30:44','2022-12-31 11:30:44'),(1048,79,79,51,2,NULL,NULL,NULL,1,'2022-12-31 11:30:44','2022-12-31 11:30:44'),(1049,79,79,52,2,NULL,NULL,NULL,1,'2022-12-31 11:30:44','2022-12-31 11:30:44'),(1050,79,79,53,2,NULL,NULL,NULL,1,'2022-12-31 11:30:44','2022-12-31 11:30:44'),(1051,79,79,54,2,NULL,NULL,NULL,1,'2022-12-31 11:30:44','2022-12-31 11:30:44'),(1052,79,79,55,3,23,'00:00:00','14:43:06',NULL,'2022-12-31 11:30:44','2022-12-31 11:30:44'),(1053,80,80,43,0,19,'08:42:50','08:42:50',NULL,'2022-12-31 11:30:44','2022-12-31 11:30:44'),(1054,80,80,44,1,20,'10:21:45','10:06:45',NULL,'2022-12-31 11:30:44','2022-12-31 11:30:44'),(1055,80,80,45,1,21,'12:48:57','12:18:57',NULL,'2022-12-31 11:30:44','2022-12-31 11:30:44'),(1056,80,80,46,1,22,'13:57:26','13:56:13',NULL,'2022-12-31 11:30:44','2022-12-31 11:30:44'),(1057,80,80,47,2,NULL,NULL,NULL,1,'2022-12-31 11:30:44','2022-12-31 11:30:44'),(1058,80,80,48,2,NULL,NULL,NULL,1,'2022-12-31 11:30:44','2022-12-31 11:30:44'),(1059,80,80,49,2,NULL,NULL,NULL,1,'2022-12-31 11:30:44','2022-12-31 11:30:44'),(1060,80,80,50,2,NULL,NULL,NULL,1,'2022-12-31 11:30:44','2022-12-31 11:30:44'),(1061,80,80,51,2,NULL,NULL,NULL,1,'2022-12-31 11:30:44','2022-12-31 11:30:44'),(1062,80,80,52,2,NULL,NULL,NULL,1,'2022-12-31 11:30:44','2022-12-31 11:30:44'),(1063,80,80,53,2,NULL,NULL,NULL,1,'2022-12-31 11:30:44','2022-12-31 11:30:44'),(1064,80,80,54,2,NULL,NULL,NULL,1,'2022-12-31 11:30:44','2022-12-31 11:30:44'),(1065,80,80,55,3,23,'00:00:00','14:38:36',NULL,'2022-12-31 11:30:44','2022-12-31 11:30:44'),(1066,81,81,26,0,14,'09:09:48','09:09:48',NULL,'2022-12-31 11:30:44','2022-12-31 11:30:44'),(1067,81,81,27,1,15,'10:15:01','10:00:01',NULL,'2022-12-31 11:30:44','2022-12-31 11:30:44'),(1068,81,81,28,1,16,'00:00:00','00:00:00',NULL,'2022-12-31 11:30:44','2022-12-31 11:30:44'),(1069,81,81,29,1,17,'12:35:59','12:29:19',NULL,'2022-12-31 11:30:44','2022-12-31 11:30:44'),(1070,81,81,30,2,NULL,NULL,NULL,1,'2022-12-31 11:30:44','2022-12-31 11:30:44'),(1071,81,81,31,2,NULL,NULL,NULL,1,'2022-12-31 11:30:44','2022-12-31 11:30:44'),(1072,81,81,32,2,NULL,NULL,NULL,1,'2022-12-31 11:30:44','2022-12-31 11:30:44'),(1073,81,81,33,2,NULL,NULL,NULL,1,'2022-12-31 11:30:44','2022-12-31 11:30:44'),(1074,81,81,34,2,NULL,NULL,NULL,1,'2022-12-31 11:30:44','2022-12-31 11:30:44'),(1075,81,81,35,2,NULL,NULL,NULL,1,'2022-12-31 11:30:44','2022-12-31 11:30:44'),(1076,81,81,36,2,NULL,NULL,NULL,1,'2022-12-31 11:30:44','2022-12-31 11:30:44'),(1077,81,81,37,2,NULL,NULL,NULL,1,'2022-12-31 11:30:44','2022-12-31 11:30:44'),(1078,81,81,38,2,NULL,NULL,NULL,1,'2022-12-31 11:30:44','2022-12-31 11:30:44'),(1079,81,81,39,2,NULL,NULL,NULL,1,'2022-12-31 11:30:44','2022-12-31 11:30:44'),(1080,81,81,40,2,NULL,NULL,NULL,1,'2022-12-31 11:30:44','2022-12-31 11:30:44'),(1081,81,81,41,2,NULL,NULL,NULL,1,'2022-12-31 11:30:44','2022-12-31 11:30:44'),(1082,81,81,42,3,18,'00:00:00','14:30:15',NULL,'2022-12-31 11:30:44','2022-12-31 11:30:44'),(1083,82,82,43,0,19,'09:35:11','09:35:11',NULL,'2022-12-31 11:30:44','2022-12-31 11:30:44'),(1084,82,82,44,1,20,'11:21:28','11:06:40',NULL,'2022-12-31 11:30:44','2022-12-31 11:30:44'),(1085,82,82,45,1,21,'14:22:19','13:52:19',NULL,'2022-12-31 11:30:44','2022-12-31 11:30:44'),(1086,82,82,46,1,22,'15:45:20','15:36:21',NULL,'2022-12-31 11:30:44','2022-12-31 11:30:44'),(1087,82,82,47,2,NULL,NULL,NULL,1,'2022-12-31 11:30:44','2022-12-31 11:30:44'),(1088,82,82,48,2,NULL,NULL,NULL,1,'2022-12-31 11:30:44','2022-12-31 11:30:44'),(1089,82,82,49,2,NULL,NULL,NULL,1,'2022-12-31 11:30:44','2022-12-31 11:30:44'),(1090,82,82,50,2,NULL,NULL,NULL,1,'2022-12-31 11:30:44','2022-12-31 11:30:44'),(1091,82,82,51,2,NULL,NULL,NULL,1,'2022-12-31 11:30:44','2022-12-31 11:30:44'),(1092,82,82,52,2,NULL,NULL,NULL,1,'2022-12-31 11:30:44','2022-12-31 11:30:44'),(1093,82,82,53,2,NULL,NULL,NULL,1,'2022-12-31 11:30:44','2022-12-31 11:30:44'),(1094,82,82,54,2,NULL,NULL,NULL,1,'2022-12-31 11:30:44','2022-12-31 11:30:44'),(1095,82,82,55,3,23,'00:00:00','16:16:51',NULL,'2022-12-31 11:30:44','2022-12-31 11:30:44'),(1096,83,83,26,0,14,'10:05:44','10:05:44',NULL,'2022-12-31 11:30:44','2022-12-31 11:30:44'),(1097,83,83,27,1,15,'11:03:28','10:48:28',NULL,'2022-12-31 11:30:44','2022-12-31 11:30:44'),(1098,83,83,28,1,16,'00:00:00','00:00:00',NULL,'2022-12-31 11:30:44','2022-12-31 11:30:44'),(1099,83,83,29,1,17,'13:28:26','13:23:33',NULL,'2022-12-31 11:30:44','2022-12-31 11:30:44'),(1100,83,83,30,2,NULL,NULL,NULL,1,'2022-12-31 11:30:44','2022-12-31 11:30:44'),(1101,83,83,31,2,NULL,NULL,NULL,1,'2022-12-31 11:30:44','2022-12-31 11:30:44'),(1102,83,83,32,2,NULL,NULL,NULL,1,'2022-12-31 11:30:44','2022-12-31 11:30:44'),(1103,83,83,33,2,NULL,NULL,NULL,1,'2022-12-31 11:30:44','2022-12-31 11:30:44'),(1104,83,83,34,2,NULL,NULL,NULL,1,'2022-12-31 11:30:44','2022-12-31 11:30:44'),(1105,83,83,35,2,NULL,NULL,NULL,1,'2022-12-31 11:30:44','2022-12-31 11:30:44'),(1106,83,83,36,2,NULL,NULL,NULL,1,'2022-12-31 11:30:44','2022-12-31 11:30:44'),(1107,83,83,37,2,NULL,NULL,NULL,1,'2022-12-31 11:30:44','2022-12-31 11:30:44'),(1108,83,83,38,2,NULL,NULL,NULL,1,'2022-12-31 11:30:44','2022-12-31 11:30:44'),(1109,83,83,39,2,NULL,NULL,NULL,1,'2022-12-31 11:30:44','2022-12-31 11:30:44'),(1110,83,83,40,2,NULL,NULL,NULL,1,'2022-12-31 11:30:44','2022-12-31 11:30:44'),(1111,83,83,41,2,NULL,NULL,NULL,1,'2022-12-31 11:30:44','2022-12-31 11:30:44'),(1112,83,83,42,3,18,'00:00:00','15:14:56',NULL,'2022-12-31 11:30:44','2022-12-31 11:30:44'),(1113,84,84,69,0,29,'09:32:26','09:32:26',NULL,'2022-12-31 11:30:44','2022-12-31 11:30:44'),(1114,84,84,70,1,30,'10:51:21','10:37:04',NULL,'2022-12-31 11:30:44','2022-12-31 11:30:44'),(1115,84,84,71,1,31,'13:02:26','12:34:34',NULL,'2022-12-31 11:30:44','2022-12-31 11:30:44'),(1116,84,84,72,1,32,'14:17:20','14:02:27',NULL,'2022-12-31 11:30:44','2022-12-31 11:30:44'),(1117,84,84,73,2,NULL,NULL,NULL,1,'2022-12-31 11:30:44','2022-12-31 11:30:44'),(1118,84,84,74,2,NULL,NULL,NULL,1,'2022-12-31 11:30:44','2022-12-31 11:30:44'),(1119,84,84,75,2,NULL,NULL,NULL,1,'2022-12-31 11:30:44','2022-12-31 11:30:44'),(1120,84,84,76,2,NULL,NULL,NULL,1,'2022-12-31 11:30:44','2022-12-31 11:30:44'),(1121,84,84,77,2,NULL,NULL,NULL,1,'2022-12-31 11:30:44','2022-12-31 11:30:44'),(1122,84,84,78,2,NULL,NULL,NULL,1,'2022-12-31 11:30:44','2022-12-31 11:30:44'),(1123,84,84,79,2,NULL,NULL,NULL,1,'2022-12-31 11:30:44','2022-12-31 11:30:44'),(1124,84,84,80,2,NULL,NULL,NULL,1,'2022-12-31 11:30:44','2022-12-31 11:30:44'),(1125,84,84,81,2,NULL,NULL,NULL,1,'2022-12-31 11:30:44','2022-12-31 11:30:44'),(1126,84,84,82,2,NULL,NULL,NULL,1,'2022-12-31 11:30:44','2022-12-31 11:30:44'),(1127,84,84,83,2,NULL,NULL,NULL,1,'2022-12-31 11:30:44','2022-12-31 11:30:44'),(1128,84,84,84,2,NULL,NULL,NULL,1,'2022-12-31 11:30:44','2022-12-31 11:30:44'),(1129,84,84,85,3,33,'00:00:00','16:55:06',NULL,'2022-12-31 11:30:44','2022-12-31 11:30:44'),(1130,85,85,26,0,14,'10:06:34','10:06:34',NULL,'2022-12-31 11:30:44','2022-12-31 11:30:44'),(1131,85,85,27,1,15,'11:38:11','11:23:11',NULL,'2022-12-31 11:30:44','2022-12-31 11:30:44'),(1132,85,85,28,1,16,'00:00:00','00:00:00',NULL,'2022-12-31 11:30:44','2022-12-31 11:30:44'),(1133,85,85,29,1,17,'15:44:29','15:29:29',NULL,'2022-12-31 11:30:44','2022-12-31 11:30:44'),(1134,85,85,30,2,NULL,NULL,NULL,1,'2022-12-31 11:30:44','2022-12-31 11:30:44'),(1135,85,85,31,2,NULL,NULL,NULL,1,'2022-12-31 11:30:44','2022-12-31 11:30:44'),(1136,85,85,32,2,NULL,NULL,NULL,1,'2022-12-31 11:30:44','2022-12-31 11:30:44'),(1137,85,85,33,2,NULL,NULL,NULL,1,'2022-12-31 11:30:44','2022-12-31 11:30:44'),(1138,85,85,34,2,NULL,NULL,NULL,1,'2022-12-31 11:30:44','2022-12-31 11:30:44'),(1139,85,85,35,2,NULL,NULL,NULL,1,'2022-12-31 11:30:44','2022-12-31 11:30:44'),(1140,85,85,36,2,NULL,NULL,NULL,1,'2022-12-31 11:30:44','2022-12-31 11:30:44'),(1141,85,85,37,2,NULL,NULL,NULL,1,'2022-12-31 11:30:44','2022-12-31 11:30:44'),(1142,85,85,38,2,NULL,NULL,NULL,1,'2022-12-31 11:30:44','2022-12-31 11:30:44'),(1143,85,85,39,2,NULL,NULL,NULL,1,'2022-12-31 11:30:44','2022-12-31 11:30:44'),(1144,85,85,40,2,NULL,NULL,NULL,1,'2022-12-31 11:30:44','2022-12-31 11:30:44'),(1145,85,85,41,2,NULL,NULL,NULL,1,'2022-12-31 11:30:44','2022-12-31 11:30:44'),(1146,85,85,42,3,18,'00:00:00','19:51:56',NULL,'2022-12-31 11:30:44','2022-12-31 11:30:44'),(1147,86,86,69,0,29,'00:00:00',NULL,NULL,'2022-12-31 11:30:44','2022-12-31 11:30:44'),(1148,86,86,70,1,30,'00:00:00','00:00:00',NULL,'2022-12-31 11:30:44','2022-12-31 11:30:44'),(1149,86,86,71,1,31,'00:00:00','00:00:00',NULL,'2022-12-31 11:30:44','2022-12-31 11:30:44'),(1150,86,86,72,1,32,'00:00:00','00:00:00',NULL,'2022-12-31 11:30:44','2022-12-31 11:30:44'),(1151,86,86,73,2,NULL,NULL,NULL,1,'2022-12-31 11:30:44','2022-12-31 11:30:44'),(1152,86,86,74,2,NULL,NULL,NULL,1,'2022-12-31 11:30:44','2022-12-31 11:30:44'),(1153,86,86,75,2,NULL,NULL,NULL,1,'2022-12-31 11:30:44','2022-12-31 11:30:44'),(1154,86,86,76,2,NULL,NULL,NULL,1,'2022-12-31 11:30:44','2022-12-31 11:30:44'),(1155,86,86,77,2,NULL,NULL,NULL,1,'2022-12-31 11:30:44','2022-12-31 11:30:44'),(1156,86,86,78,2,NULL,NULL,NULL,1,'2022-12-31 11:30:44','2022-12-31 11:30:44'),(1157,86,86,79,2,NULL,NULL,NULL,1,'2022-12-31 11:30:44','2022-12-31 11:30:44'),(1158,86,86,80,2,NULL,NULL,NULL,1,'2022-12-31 11:30:44','2022-12-31 11:30:44'),(1159,86,86,81,2,NULL,NULL,NULL,1,'2022-12-31 11:30:44','2022-12-31 11:30:44'),(1160,86,86,82,2,NULL,NULL,NULL,1,'2022-12-31 11:30:44','2022-12-31 11:30:44'),(1161,86,86,83,2,NULL,NULL,NULL,1,'2022-12-31 11:30:44','2022-12-31 11:30:44'),(1162,86,86,84,2,NULL,NULL,NULL,1,'2022-12-31 11:30:44','2022-12-31 11:30:44'),(1163,86,86,85,3,33,NULL,'00:00:00',NULL,'2022-12-31 11:30:44','2022-12-31 11:30:44'),(1164,87,87,26,0,14,'00:00:00',NULL,NULL,'2022-12-31 11:30:44','2022-12-31 11:30:44'),(1165,87,87,27,1,15,'00:00:00','00:00:00',NULL,'2022-12-31 11:30:44','2022-12-31 11:30:44'),(1166,87,87,28,1,16,'00:00:00','00:00:00',NULL,'2022-12-31 11:30:44','2022-12-31 11:30:44'),(1167,87,87,29,1,17,'00:00:00','00:00:00',NULL,'2022-12-31 11:30:44','2022-12-31 11:30:44'),(1168,87,87,30,2,NULL,NULL,NULL,1,'2022-12-31 11:30:44','2022-12-31 11:30:44'),(1169,87,87,31,2,NULL,NULL,NULL,1,'2022-12-31 11:30:44','2022-12-31 11:30:44'),(1170,87,87,32,2,NULL,NULL,NULL,1,'2022-12-31 11:30:44','2022-12-31 11:30:44'),(1171,87,87,33,2,NULL,NULL,NULL,1,'2022-12-31 11:30:44','2022-12-31 11:30:44'),(1172,87,87,34,2,NULL,NULL,NULL,1,'2022-12-31 11:30:44','2022-12-31 11:30:44'),(1173,87,87,35,2,NULL,NULL,NULL,1,'2022-12-31 11:30:44','2022-12-31 11:30:44'),(1174,87,87,36,2,NULL,NULL,NULL,1,'2022-12-31 11:30:44','2022-12-31 11:30:44'),(1175,87,87,37,2,NULL,NULL,NULL,1,'2022-12-31 11:30:44','2022-12-31 11:30:44'),(1176,87,87,38,2,NULL,NULL,NULL,1,'2022-12-31 11:30:44','2022-12-31 11:30:44'),(1177,87,87,39,2,NULL,NULL,NULL,1,'2022-12-31 11:30:44','2022-12-31 11:30:44'),(1178,87,87,40,2,NULL,NULL,NULL,1,'2022-12-31 11:30:44','2022-12-31 11:30:44'),(1179,87,87,41,2,NULL,NULL,NULL,1,'2022-12-31 11:30:44','2022-12-31 11:30:44'),(1180,87,87,42,3,18,NULL,'00:00:00',NULL,'2022-12-31 11:30:44','2022-12-31 11:30:44'),(1181,88,88,1,0,1,'10:43:49','10:43:49',NULL,'2022-12-31 11:30:44','2022-12-31 11:30:44'),(1182,88,88,2,1,2,'12:54:58','12:34:32',NULL,'2022-12-31 11:30:44','2022-12-31 11:30:44'),(1183,88,88,3,2,NULL,NULL,NULL,1,'2022-12-31 11:30:44','2022-12-31 11:30:44'),(1184,88,88,4,2,NULL,NULL,NULL,1,'2022-12-31 11:30:44','2022-12-31 11:30:44'),(1185,88,88,5,2,NULL,NULL,NULL,1,'2022-12-31 11:30:44','2022-12-31 11:30:44'),(1186,88,88,6,2,NULL,NULL,NULL,1,'2022-12-31 11:30:44','2022-12-31 11:30:44'),(1187,88,88,7,2,NULL,NULL,NULL,1,'2022-12-31 11:30:44','2022-12-31 11:30:44'),(1188,88,88,8,3,3,'00:00:00','14:23:39',NULL,'2022-12-31 11:30:44','2022-12-31 11:30:44'),(1189,89,89,69,0,29,'16:55:06','16:55:06',NULL,'2022-12-31 11:30:44','2022-12-31 11:30:44'),(1190,89,89,70,1,30,'11:41:06','11:26:06',NULL,'2022-12-31 11:30:44','2022-12-31 11:30:44'),(1191,89,89,71,1,31,'14:40:45','14:18:18',NULL,'2022-12-31 11:30:44','2022-12-31 11:30:44'),(1192,89,89,72,1,32,'16:05:54','16:00:08',NULL,'2022-12-31 11:30:44','2022-12-31 11:30:44'),(1193,89,89,73,2,NULL,NULL,NULL,1,'2022-12-31 11:30:44','2022-12-31 11:30:44'),(1194,89,89,74,2,NULL,NULL,NULL,1,'2022-12-31 11:30:44','2022-12-31 11:30:44'),(1195,89,89,75,2,NULL,NULL,NULL,1,'2022-12-31 11:30:44','2022-12-31 11:30:44'),(1196,89,89,76,2,NULL,NULL,NULL,1,'2022-12-31 11:30:44','2022-12-31 11:30:44'),(1197,89,89,77,2,NULL,NULL,NULL,1,'2022-12-31 11:30:44','2022-12-31 11:30:44'),(1198,89,89,78,2,NULL,NULL,NULL,1,'2022-12-31 11:30:44','2022-12-31 11:30:44'),(1199,89,89,79,2,NULL,NULL,NULL,1,'2022-12-31 11:30:44','2022-12-31 11:30:44'),(1200,89,89,80,2,NULL,NULL,NULL,1,'2022-12-31 11:30:44','2022-12-31 11:30:44'),(1201,89,89,81,2,NULL,NULL,NULL,1,'2022-12-31 11:30:44','2022-12-31 11:30:44'),(1202,89,89,82,2,NULL,NULL,NULL,1,'2022-12-31 11:30:44','2022-12-31 11:30:44'),(1203,89,89,83,2,NULL,NULL,NULL,1,'2022-12-31 11:30:44','2022-12-31 11:30:44'),(1204,89,89,84,2,NULL,NULL,NULL,1,'2022-12-31 11:30:44','2022-12-31 11:30:44'),(1205,89,89,85,3,33,'00:00:00','19:52:30',NULL,'2022-12-31 11:30:44','2022-12-31 11:30:44'),(1206,90,90,26,0,14,'10:27:36','10:27:36',NULL,'2022-12-31 11:30:44','2022-12-31 11:30:44'),(1207,90,90,27,1,15,'11:25:14','11:10:14',NULL,'2022-12-31 11:30:44','2022-12-31 11:30:44'),(1208,90,90,28,1,16,'00:00:00','00:00:00',NULL,'2022-12-31 11:30:44','2022-12-31 11:30:44'),(1209,90,90,29,1,17,'13:55:19','13:46:15',NULL,'2022-12-31 11:30:44','2022-12-31 11:30:44'),(1210,90,90,30,2,NULL,NULL,NULL,1,'2022-12-31 11:30:44','2022-12-31 11:30:44'),(1211,90,90,31,2,NULL,NULL,NULL,1,'2022-12-31 11:30:44','2022-12-31 11:30:44'),(1212,90,90,32,2,NULL,NULL,NULL,1,'2022-12-31 11:30:44','2022-12-31 11:30:44'),(1213,90,90,33,2,NULL,NULL,NULL,1,'2022-12-31 11:30:44','2022-12-31 11:30:44'),(1214,90,90,34,2,NULL,NULL,NULL,1,'2022-12-31 11:30:44','2022-12-31 11:30:44'),(1215,90,90,35,2,NULL,NULL,NULL,1,'2022-12-31 11:30:44','2022-12-31 11:30:44'),(1216,90,90,36,2,NULL,NULL,NULL,1,'2022-12-31 11:30:44','2022-12-31 11:30:44'),(1217,90,90,37,2,NULL,NULL,NULL,1,'2022-12-31 11:30:44','2022-12-31 11:30:44'),(1218,90,90,38,2,NULL,NULL,NULL,1,'2022-12-31 11:30:44','2022-12-31 11:30:44'),(1219,90,90,39,2,NULL,NULL,NULL,1,'2022-12-31 11:30:44','2022-12-31 11:30:44'),(1220,90,90,40,2,NULL,NULL,NULL,1,'2022-12-31 11:30:44','2022-12-31 11:30:44'),(1221,90,90,41,2,NULL,NULL,NULL,1,'2022-12-31 11:30:44','2022-12-31 11:30:44'),(1222,90,90,42,3,18,'00:00:00','15:30:46',NULL,'2022-12-31 11:30:44','2022-12-31 11:30:44'),(1223,91,91,1,0,1,'10:43:28','10:43:28',NULL,'2022-12-31 11:30:44','2022-12-31 11:30:44'),(1224,91,91,2,1,2,'12:55:23','12:34:50',NULL,'2022-12-31 11:30:44','2022-12-31 11:30:44'),(1225,91,91,3,2,NULL,NULL,NULL,1,'2022-12-31 11:30:44','2022-12-31 11:30:44'),(1226,91,91,4,2,NULL,NULL,NULL,1,'2022-12-31 11:30:44','2022-12-31 11:30:44'),(1227,91,91,5,2,NULL,NULL,NULL,1,'2022-12-31 11:30:44','2022-12-31 11:30:44'),(1228,91,91,6,2,NULL,NULL,NULL,1,'2022-12-31 11:30:44','2022-12-31 11:30:44'),(1229,91,91,7,2,NULL,NULL,NULL,1,'2022-12-31 11:30:44','2022-12-31 11:30:44'),(1230,91,91,8,3,3,'00:00:00','14:25:14',NULL,'2022-12-31 11:30:44','2022-12-31 11:30:44'),(1231,92,92,69,0,29,'00:00:00',NULL,NULL,'2022-12-31 11:30:44','2022-12-31 11:30:44'),(1232,92,92,70,1,30,'00:00:00','00:00:00',NULL,'2022-12-31 11:30:44','2022-12-31 11:30:44'),(1233,92,92,71,1,31,'00:00:00','00:00:00',NULL,'2022-12-31 11:30:44','2022-12-31 11:30:44'),(1234,92,92,72,1,32,'00:00:00','00:00:00',NULL,'2022-12-31 11:30:44','2022-12-31 11:30:44'),(1235,92,92,73,2,NULL,NULL,NULL,1,'2022-12-31 11:30:44','2022-12-31 11:30:44'),(1236,92,92,74,2,NULL,NULL,NULL,1,'2022-12-31 11:30:44','2022-12-31 11:30:44'),(1237,92,92,75,2,NULL,NULL,NULL,1,'2022-12-31 11:30:44','2022-12-31 11:30:44'),(1238,92,92,76,2,NULL,NULL,NULL,1,'2022-12-31 11:30:44','2022-12-31 11:30:44'),(1239,92,92,77,2,NULL,NULL,NULL,1,'2022-12-31 11:30:44','2022-12-31 11:30:44'),(1240,92,92,78,2,NULL,NULL,NULL,1,'2022-12-31 11:30:44','2022-12-31 11:30:44'),(1241,92,92,79,2,NULL,NULL,NULL,1,'2022-12-31 11:30:44','2022-12-31 11:30:44'),(1242,92,92,80,2,NULL,NULL,NULL,1,'2022-12-31 11:30:44','2022-12-31 11:30:44'),(1243,92,92,81,2,NULL,NULL,NULL,1,'2022-12-31 11:30:44','2022-12-31 11:30:44'),(1244,92,92,82,2,NULL,NULL,NULL,1,'2022-12-31 11:30:44','2022-12-31 11:30:44'),(1245,92,92,83,2,NULL,NULL,NULL,1,'2022-12-31 11:30:44','2022-12-31 11:30:44'),(1246,92,92,84,2,NULL,NULL,NULL,1,'2022-12-31 11:30:44','2022-12-31 11:30:44'),(1247,92,92,85,3,33,NULL,'00:00:00',NULL,'2022-12-31 11:30:44','2022-12-31 11:30:44'),(1248,93,93,26,0,14,'00:00:00',NULL,NULL,'2022-12-31 11:30:44','2022-12-31 11:30:44'),(1249,93,93,27,1,15,'00:00:00','00:00:00',NULL,'2022-12-31 11:30:44','2022-12-31 11:30:44'),(1250,93,93,28,1,16,'00:00:00','00:00:00',NULL,'2022-12-31 11:30:44','2022-12-31 11:30:44'),(1251,93,93,29,1,17,'00:00:00','00:00:00',NULL,'2022-12-31 11:30:44','2022-12-31 11:30:44'),(1252,93,93,30,2,NULL,NULL,NULL,1,'2022-12-31 11:30:44','2022-12-31 11:30:44'),(1253,93,93,31,2,NULL,NULL,NULL,1,'2022-12-31 11:30:44','2022-12-31 11:30:44'),(1254,93,93,32,2,NULL,NULL,NULL,1,'2022-12-31 11:30:44','2022-12-31 11:30:44'),(1255,93,93,33,2,NULL,NULL,NULL,1,'2022-12-31 11:30:44','2022-12-31 11:30:44'),(1256,93,93,34,2,NULL,NULL,NULL,1,'2022-12-31 11:30:44','2022-12-31 11:30:44'),(1257,93,93,35,2,NULL,NULL,NULL,1,'2022-12-31 11:30:44','2022-12-31 11:30:44'),(1258,93,93,36,2,NULL,NULL,NULL,1,'2022-12-31 11:30:44','2022-12-31 11:30:44'),(1259,93,93,37,2,NULL,NULL,NULL,1,'2022-12-31 11:30:44','2022-12-31 11:30:44'),(1260,93,93,38,2,NULL,NULL,NULL,1,'2022-12-31 11:30:44','2022-12-31 11:30:44'),(1261,93,93,39,2,NULL,NULL,NULL,1,'2022-12-31 11:30:44','2022-12-31 11:30:44'),(1262,93,93,40,2,NULL,NULL,NULL,1,'2022-12-31 11:30:44','2022-12-31 11:30:44'),(1263,93,93,41,2,NULL,NULL,NULL,1,'2022-12-31 11:30:44','2022-12-31 11:30:44'),(1264,93,93,42,3,18,NULL,'00:00:00',NULL,'2022-12-31 11:30:44','2022-12-31 11:30:44'),(1265,94,94,26,0,14,'10:05:55','10:05:55',NULL,'2022-12-31 11:30:44','2022-12-31 11:30:44'),(1266,94,94,27,1,15,'11:17:36','11:02:36',NULL,'2022-12-31 11:30:44','2022-12-31 11:30:44'),(1267,94,94,28,1,16,'00:00:00','00:00:00',NULL,'2022-12-31 11:30:44','2022-12-31 11:30:44'),(1268,94,94,29,1,17,'13:48:28','13:41:14',NULL,'2022-12-31 11:30:44','2022-12-31 11:30:44'),(1269,94,94,30,2,NULL,NULL,NULL,1,'2022-12-31 11:30:44','2022-12-31 11:30:44'),(1270,94,94,31,2,NULL,NULL,NULL,1,'2022-12-31 11:30:44','2022-12-31 11:30:44'),(1271,94,94,32,2,NULL,NULL,NULL,1,'2022-12-31 11:30:44','2022-12-31 11:30:44'),(1272,94,94,33,2,NULL,NULL,NULL,1,'2022-12-31 11:30:44','2022-12-31 11:30:44'),(1273,94,94,34,2,NULL,NULL,NULL,1,'2022-12-31 11:30:44','2022-12-31 11:30:44'),(1274,94,94,35,2,NULL,NULL,NULL,1,'2022-12-31 11:30:44','2022-12-31 11:30:44'),(1275,94,94,36,2,NULL,NULL,NULL,1,'2022-12-31 11:30:44','2022-12-31 11:30:44'),(1276,94,94,37,2,NULL,NULL,NULL,1,'2022-12-31 11:30:44','2022-12-31 11:30:44'),(1277,94,94,38,2,NULL,NULL,NULL,1,'2022-12-31 11:30:44','2022-12-31 11:30:44'),(1278,94,94,39,2,NULL,NULL,NULL,1,'2022-12-31 11:30:44','2022-12-31 11:30:44'),(1279,94,94,40,2,NULL,NULL,NULL,1,'2022-12-31 11:30:44','2022-12-31 11:30:44'),(1280,94,94,41,2,NULL,NULL,NULL,1,'2022-12-31 11:30:44','2022-12-31 11:30:44'),(1281,94,94,42,3,18,'00:00:00','16:07:41',NULL,'2022-12-31 11:30:44','2022-12-31 11:30:44'),(1282,95,95,86,0,34,'09:20:39','09:20:39',NULL,'2022-12-31 11:30:44','2022-12-31 11:30:44'),(1283,95,95,87,1,35,'10:18:27','10:09:56',NULL,'2022-12-31 11:30:44','2022-12-31 11:30:44'),(1284,95,95,88,1,36,'11:58:27','11:41:35',NULL,'2022-12-31 11:30:44','2022-12-31 11:30:44'),(1285,95,95,89,1,37,'12:41:08','12:32:42',NULL,'2022-12-31 11:30:44','2022-12-31 11:30:44'),(1286,95,95,90,2,NULL,NULL,NULL,1,'2022-12-31 11:30:44','2022-12-31 11:30:44'),(1287,95,95,91,2,NULL,NULL,NULL,1,'2022-12-31 11:30:44','2022-12-31 11:30:44'),(1288,95,95,92,2,NULL,NULL,NULL,1,'2022-12-31 11:30:44','2022-12-31 11:30:44'),(1289,95,95,93,2,NULL,NULL,NULL,1,'2022-12-31 11:30:44','2022-12-31 11:30:44'),(1290,95,95,94,2,NULL,NULL,NULL,1,'2022-12-31 11:30:44','2022-12-31 11:30:44'),(1291,95,95,95,2,NULL,NULL,NULL,1,'2022-12-31 11:30:44','2022-12-31 11:30:44'),(1292,95,95,96,2,NULL,NULL,NULL,1,'2022-12-31 11:30:44','2022-12-31 11:30:44'),(1293,95,95,97,2,NULL,NULL,NULL,1,'2022-12-31 11:30:44','2022-12-31 11:30:44'),(1294,95,95,98,2,NULL,NULL,NULL,1,'2022-12-31 11:30:44','2022-12-31 11:30:44'),(1295,95,95,99,2,NULL,NULL,NULL,1,'2022-12-31 11:30:44','2022-12-31 11:30:44'),(1296,95,95,100,2,NULL,NULL,NULL,1,'2022-12-31 11:30:44','2022-12-31 11:30:44'),(1297,95,95,101,2,NULL,NULL,NULL,1,'2022-12-31 11:30:44','2022-12-31 11:30:44'),(1298,95,95,102,3,38,'00:00:00','14:57:14',NULL,'2022-12-31 11:30:44','2022-12-31 11:30:44'),(1299,96,96,43,0,19,'09:05:10','09:05:10',NULL,'2022-12-31 11:30:44','2022-12-31 11:30:44'),(1300,96,96,44,1,20,'10:40:24','10:27:23',NULL,'2022-12-31 11:30:44','2022-12-31 11:30:44'),(1301,96,96,45,1,21,'13:23:24','12:56:31',NULL,'2022-12-31 11:30:44','2022-12-31 11:30:44'),(1302,96,96,46,1,22,'14:49:01','14:36:30',NULL,'2022-12-31 11:30:44','2022-12-31 11:30:44'),(1303,96,96,47,2,NULL,NULL,NULL,1,'2022-12-31 11:30:44','2022-12-31 11:30:44'),(1304,96,96,48,2,NULL,NULL,NULL,1,'2022-12-31 11:30:44','2022-12-31 11:30:44'),(1305,96,96,49,2,NULL,NULL,NULL,1,'2022-12-31 11:30:44','2022-12-31 11:30:44'),(1306,96,96,50,2,NULL,NULL,NULL,1,'2022-12-31 11:30:44','2022-12-31 11:30:44'),(1307,96,96,51,2,NULL,NULL,NULL,1,'2022-12-31 11:30:44','2022-12-31 11:30:44'),(1308,96,96,52,2,NULL,NULL,NULL,1,'2022-12-31 11:30:44','2022-12-31 11:30:44'),(1309,96,96,53,2,NULL,NULL,NULL,1,'2022-12-31 11:30:44','2022-12-31 11:30:44'),(1310,96,96,54,2,NULL,NULL,NULL,1,'2022-12-31 11:30:44','2022-12-31 11:30:44'),(1311,96,96,55,3,23,'00:00:00','15:21:59',NULL,'2022-12-31 11:30:44','2022-12-31 11:30:44'),(1312,97,97,9,0,9,'09:59:11','09:59:11',NULL,'2022-12-31 11:30:44','2022-12-31 11:30:44'),(1313,97,97,10,1,10,'11:41:10','11:26:10',NULL,'2022-12-31 11:30:44','2022-12-31 11:30:44'),(1314,97,97,11,1,11,'14:41:04','14:21:42',NULL,'2022-12-31 11:30:44','2022-12-31 11:30:44'),(1315,97,97,12,1,12,'16:07:44','15:59:27',NULL,'2022-12-31 11:30:44','2022-12-31 11:30:44'),(1316,97,97,13,2,NULL,NULL,NULL,1,'2022-12-31 11:30:44','2022-12-31 11:30:44'),(1317,97,97,14,2,NULL,NULL,NULL,1,'2022-12-31 11:30:44','2022-12-31 11:30:44'),(1318,97,97,15,2,NULL,NULL,NULL,1,'2022-12-31 11:30:44','2022-12-31 11:30:44'),(1319,97,97,16,2,NULL,NULL,NULL,1,'2022-12-31 11:30:44','2022-12-31 11:30:44'),(1320,97,97,17,2,NULL,NULL,NULL,1,'2022-12-31 11:30:44','2022-12-31 11:30:44'),(1321,97,97,18,2,NULL,NULL,NULL,1,'2022-12-31 11:30:44','2022-12-31 11:30:44'),(1322,97,97,19,2,NULL,NULL,NULL,1,'2022-12-31 11:30:44','2022-12-31 11:30:44'),(1323,97,97,20,2,NULL,NULL,NULL,1,'2022-12-31 11:30:44','2022-12-31 11:30:44'),(1324,97,97,21,2,NULL,NULL,NULL,1,'2022-12-31 11:30:44','2022-12-31 11:30:44'),(1325,97,97,22,2,NULL,NULL,NULL,1,'2022-12-31 11:30:44','2022-12-31 11:30:44'),(1326,97,97,23,2,NULL,NULL,NULL,1,'2022-12-31 11:30:44','2022-12-31 11:30:44'),(1327,97,97,24,2,NULL,NULL,NULL,1,'2022-12-31 11:30:44','2022-12-31 11:30:44'),(1328,97,97,25,3,13,'00:00:00','20:15:44',NULL,'2022-12-31 11:30:44','2022-12-31 11:30:44'),(1329,98,98,43,0,19,'09:07:41','09:07:41',NULL,'2022-12-31 11:30:44','2022-12-31 11:30:44'),(1330,98,98,44,1,20,'10:50:32','10:35:39',NULL,'2022-12-31 11:30:44','2022-12-31 11:30:44'),(1331,98,98,45,1,21,'13:55:44','13:32:52',NULL,'2022-12-31 11:30:44','2022-12-31 11:30:44'),(1332,98,98,46,1,22,'15:26:01','15:17:21',NULL,'2022-12-31 11:30:44','2022-12-31 11:30:44'),(1333,98,98,47,2,NULL,NULL,NULL,1,'2022-12-31 11:30:44','2022-12-31 11:30:44'),(1334,98,98,48,2,NULL,NULL,NULL,1,'2022-12-31 11:30:44','2022-12-31 11:30:44'),(1335,98,98,49,2,NULL,NULL,NULL,1,'2022-12-31 11:30:44','2022-12-31 11:30:44'),(1336,98,98,50,2,NULL,NULL,NULL,1,'2022-12-31 11:30:44','2022-12-31 11:30:44'),(1337,98,98,51,2,NULL,NULL,NULL,1,'2022-12-31 11:30:44','2022-12-31 11:30:44'),(1338,98,98,52,2,NULL,NULL,NULL,1,'2022-12-31 11:30:44','2022-12-31 11:30:44'),(1339,98,98,53,2,NULL,NULL,NULL,1,'2022-12-31 11:30:44','2022-12-31 11:30:44'),(1340,98,98,54,2,NULL,NULL,NULL,1,'2022-12-31 11:30:44','2022-12-31 11:30:44'),(1341,98,98,55,3,23,'00:00:00','16:00:16',NULL,'2022-12-31 11:30:44','2022-12-31 11:30:44'),(1342,99,99,43,0,19,'09:16:44','09:16:44',NULL,'2022-12-31 11:30:44','2022-12-31 11:30:44'),(1343,99,99,44,1,20,'11:11:54','10:56:54',NULL,'2022-12-31 11:30:44','2022-12-31 11:30:44'),(1344,99,99,45,1,21,'14:56:39','14:27:59',NULL,'2022-12-31 11:30:44','2022-12-31 11:30:44'),(1345,99,99,46,1,22,'16:51:35','16:41:56',NULL,'2022-12-31 11:30:44','2022-12-31 11:30:44'),(1346,99,99,47,2,NULL,NULL,NULL,1,'2022-12-31 11:30:44','2022-12-31 11:30:44'),(1347,99,99,48,2,NULL,NULL,NULL,1,'2022-12-31 11:30:44','2022-12-31 11:30:44'),(1348,99,99,49,2,NULL,NULL,NULL,1,'2022-12-31 11:30:44','2022-12-31 11:30:44'),(1349,99,99,50,2,NULL,NULL,NULL,1,'2022-12-31 11:30:44','2022-12-31 11:30:44'),(1350,99,99,51,2,NULL,NULL,NULL,1,'2022-12-31 11:30:44','2022-12-31 11:30:44'),(1351,99,99,52,2,NULL,NULL,NULL,1,'2022-12-31 11:30:44','2022-12-31 11:30:44'),(1352,99,99,53,2,NULL,NULL,NULL,1,'2022-12-31 11:30:44','2022-12-31 11:30:44'),(1353,99,99,54,2,NULL,NULL,NULL,1,'2022-12-31 11:30:44','2022-12-31 11:30:44'),(1354,99,99,55,3,23,'00:00:00','17:25:04',NULL,'2022-12-31 11:30:44','2022-12-31 11:30:44'),(1355,100,100,43,0,19,'00:00:00',NULL,NULL,'2022-12-31 11:30:44','2022-12-31 11:30:44'),(1356,100,100,44,1,20,'00:00:00','00:00:00',NULL,'2022-12-31 11:30:44','2022-12-31 11:30:44'),(1357,100,100,45,1,21,'00:00:00','00:00:00',NULL,'2022-12-31 11:30:44','2022-12-31 11:30:44'),(1358,100,100,46,1,22,'00:00:00','00:00:00',NULL,'2022-12-31 11:30:44','2022-12-31 11:30:44'),(1359,100,100,47,2,NULL,NULL,NULL,1,'2022-12-31 11:30:44','2022-12-31 11:30:44'),(1360,100,100,48,2,NULL,NULL,NULL,1,'2022-12-31 11:30:44','2022-12-31 11:30:44'),(1361,100,100,49,2,NULL,NULL,NULL,1,'2022-12-31 11:30:44','2022-12-31 11:30:44'),(1362,100,100,50,2,NULL,NULL,NULL,1,'2022-12-31 11:30:44','2022-12-31 11:30:44'),(1363,100,100,51,2,NULL,NULL,NULL,1,'2022-12-31 11:30:44','2022-12-31 11:30:44'),(1364,100,100,52,2,NULL,NULL,NULL,1,'2022-12-31 11:30:44','2022-12-31 11:30:44'),(1365,100,100,53,2,NULL,NULL,NULL,1,'2022-12-31 11:30:44','2022-12-31 11:30:44'),(1366,100,100,54,2,NULL,NULL,NULL,1,'2022-12-31 11:30:44','2022-12-31 11:30:44'),(1367,100,100,55,3,23,NULL,'00:00:00',NULL,'2022-12-31 11:30:44','2022-12-31 11:30:44'),(1368,101,101,43,0,19,'00:00:00',NULL,NULL,'2022-12-31 11:30:44','2022-12-31 11:30:44'),(1369,101,101,44,1,20,'00:00:00','00:00:00',NULL,'2022-12-31 11:30:44','2022-12-31 11:30:44'),(1370,101,101,45,1,21,'00:00:00','00:00:00',NULL,'2022-12-31 11:30:44','2022-12-31 11:30:44'),(1371,101,101,46,1,22,'00:00:00','00:00:00',NULL,'2022-12-31 11:30:44','2022-12-31 11:30:44'),(1372,101,101,47,2,NULL,NULL,NULL,1,'2022-12-31 11:30:44','2022-12-31 11:30:44'),(1373,101,101,48,2,NULL,NULL,NULL,1,'2022-12-31 11:30:44','2022-12-31 11:30:44'),(1374,101,101,49,2,NULL,NULL,NULL,1,'2022-12-31 11:30:44','2022-12-31 11:30:44'),(1375,101,101,50,2,NULL,NULL,NULL,1,'2022-12-31 11:30:44','2022-12-31 11:30:44'),(1376,101,101,51,2,NULL,NULL,NULL,1,'2022-12-31 11:30:44','2022-12-31 11:30:44'),(1377,101,101,52,2,NULL,NULL,NULL,1,'2022-12-31 11:30:44','2022-12-31 11:30:44'),(1378,101,101,53,2,NULL,NULL,NULL,1,'2022-12-31 11:30:44','2022-12-31 11:30:44'),(1379,101,101,54,2,NULL,NULL,NULL,1,'2022-12-31 11:30:44','2022-12-31 11:30:44'),(1380,101,101,55,3,23,NULL,'00:00:00',NULL,'2022-12-31 11:30:44','2022-12-31 11:30:44'),(1381,102,102,43,0,19,'00:00:00',NULL,NULL,'2022-12-31 11:30:44','2022-12-31 11:30:44'),(1382,102,102,44,1,20,'00:00:00','00:00:00',NULL,'2022-12-31 11:30:44','2022-12-31 11:30:44'),(1383,102,102,45,1,21,'00:00:00','00:00:00',NULL,'2022-12-31 11:30:44','2022-12-31 11:30:44'),(1384,102,102,46,1,22,'00:00:00','00:00:00',NULL,'2022-12-31 11:30:44','2022-12-31 11:30:44'),(1385,102,102,47,2,NULL,NULL,NULL,1,'2022-12-31 11:30:44','2022-12-31 11:30:44'),(1386,102,102,48,2,NULL,NULL,NULL,1,'2022-12-31 11:30:44','2022-12-31 11:30:44'),(1387,102,102,49,2,NULL,NULL,NULL,1,'2022-12-31 11:30:44','2022-12-31 11:30:44'),(1388,102,102,50,2,NULL,NULL,NULL,1,'2022-12-31 11:30:44','2022-12-31 11:30:44'),(1389,102,102,51,2,NULL,NULL,NULL,1,'2022-12-31 11:30:44','2022-12-31 11:30:44'),(1390,102,102,52,2,NULL,NULL,NULL,1,'2022-12-31 11:30:44','2022-12-31 11:30:44'),(1391,102,102,53,2,NULL,NULL,NULL,1,'2022-12-31 11:30:44','2022-12-31 11:30:44'),(1392,102,102,54,2,NULL,NULL,NULL,1,'2022-12-31 11:30:44','2022-12-31 11:30:44'),(1393,102,102,55,3,23,NULL,'00:00:00',NULL,'2022-12-31 11:30:44','2022-12-31 11:30:44'),(1394,103,103,43,0,19,'09:18:38','09:18:38',NULL,'2022-12-31 11:30:44','2022-12-31 11:30:44'),(1395,103,103,44,1,20,'10:33:00','10:20:21',NULL,'2022-12-31 11:30:44','2022-12-31 11:30:44'),(1396,103,103,45,1,21,'12:59:14','12:29:14',NULL,'2022-12-31 11:30:44','2022-12-31 11:30:44'),(1397,103,103,46,1,22,'14:25:23','14:10:23',NULL,'2022-12-31 11:30:44','2022-12-31 11:30:44'),(1398,103,103,47,2,NULL,NULL,NULL,1,'2022-12-31 11:30:44','2022-12-31 11:30:44'),(1399,103,103,48,2,NULL,NULL,NULL,1,'2022-12-31 11:30:44','2022-12-31 11:30:44'),(1400,103,103,49,2,NULL,NULL,NULL,1,'2022-12-31 11:30:44','2022-12-31 11:30:44'),(1401,103,103,50,2,NULL,NULL,NULL,1,'2022-12-31 11:30:44','2022-12-31 11:30:44'),(1402,103,103,51,2,NULL,NULL,NULL,1,'2022-12-31 11:30:44','2022-12-31 11:30:44'),(1403,103,103,52,2,NULL,NULL,NULL,1,'2022-12-31 11:30:44','2022-12-31 11:30:44'),(1404,103,103,53,2,NULL,NULL,NULL,1,'2022-12-31 11:30:44','2022-12-31 11:30:44'),(1405,103,103,54,2,NULL,NULL,NULL,1,'2022-12-31 11:30:44','2022-12-31 11:30:44'),(1406,103,103,55,3,23,'00:00:00','15:01:24',NULL,'2022-12-31 11:30:44','2022-12-31 11:30:44');
/*!40000 ALTER TABLE `raidmontan_participations_entries` ENABLE KEYS */;
UNLOCK TABLES;

--
-- Table structure for table `raidmontan_stations`
--

DROP TABLE IF EXISTS `raidmontan_stations`;
/*!40101 SET @saved_cs_client     = @@character_set_client */;
/*!40101 SET character_set_client = utf8 */;
CREATE TABLE `raidmontan_stations` (
  `id` int(11) NOT NULL AUTO_INCREMENT,
  `category_id` int(11) NOT NULL,
  `station_type` tinyint(2) NOT NULL COMMENT '0 = START, 1 = PA, 2 = PFA, 3 = FINISH',
  `maximum_time` mediumint(11) DEFAULT NULL,
  `points` mediumint(11) DEFAULT NULL,
  `created_at` timestamp NULL DEFAULT NULL,
  `updated_at` timestamp NULL DEFAULT NULL,
  PRIMARY KEY (`id`)
) ENGINE=InnoDB AUTO_INCREMENT=103 DEFAULT CHARSET=latin1 COLLATE=latin1_swedish_ci;
/*!40101 SET character_set_client = @saved_cs_client */;

--
-- Dumping data for table `raidmontan_stations`
--

LOCK TABLES `raidmontan_stations` WRITE;
/*!40000 ALTER TABLE `raidmontan_stations` DISABLE KEYS */;
INSERT INTO `raidmontan_stations` VALUES (1,1,0,NULL,NULL,'2022-12-24 06:30:10','2022-12-24 06:30:10'),(2,1,1,130,NULL,'2022-12-24 06:30:10','2022-12-24 06:30:10'),(3,1,2,NULL,300,'2022-12-24 06:30:10','2022-12-24 06:30:10'),(4,1,2,NULL,300,'2022-12-24 06:30:10','2022-12-24 06:30:10'),(5,1,2,NULL,300,'2022-12-24 06:30:10','2022-12-24 06:30:10'),(6,1,2,NULL,300,'2022-12-24 06:30:10','2022-12-24 06:30:10'),(7,1,2,NULL,300,'2022-12-24 06:30:10','2022-12-24 06:30:10'),(8,1,3,110,NULL,'2022-12-24 06:30:10','2022-12-24 06:30:10'),(9,2,0,NULL,NULL,'2022-12-24 06:31:17','2022-12-24 06:31:17'),(10,2,1,70,NULL,'2022-12-24 06:31:17','2022-12-24 06:31:17'),(11,2,1,115,NULL,'2022-12-24 06:31:17','2022-12-24 06:31:17'),(12,2,1,500,NULL,'2022-12-24 06:31:17','2022-12-24 06:31:17'),(13,2,2,NULL,300,'2022-12-24 06:31:17','2022-12-24 06:31:17'),(14,2,2,NULL,300,'2022-12-24 06:31:17','2022-12-24 06:31:17'),(15,2,2,NULL,300,'2022-12-24 06:31:17','2022-12-24 06:31:17'),(16,2,2,NULL,300,'2022-12-24 06:31:17','2022-12-24 06:31:17'),(17,2,2,NULL,300,'2022-12-24 06:31:17','2022-12-24 06:31:17'),(18,2,2,NULL,300,'2022-12-24 06:31:17','2022-12-24 06:31:17'),(19,2,2,NULL,300,'2022-12-24 06:31:17','2022-12-24 06:31:17'),(20,2,2,NULL,300,'2022-12-24 06:31:17','2022-12-24 06:31:17'),(21,2,2,NULL,300,'2022-12-24 06:31:17','2022-12-24 06:31:17'),(22,2,2,NULL,300,'2022-12-24 06:31:17','2022-12-24 06:31:17'),(23,2,2,NULL,300,'2022-12-24 06:31:17','2022-12-24 06:31:17'),(24,2,2,NULL,300,'2022-12-24 06:31:17','2022-12-24 06:31:17'),(25,2,3,175,NULL,'2022-12-24 06:31:17','2022-12-24 06:31:17'),(26,3,0,NULL,NULL,'2022-12-24 06:32:58','2022-12-24 06:32:58'),(27,3,1,45,NULL,'2022-12-24 06:32:58','2022-12-24 06:32:58'),(28,3,1,90,NULL,'2022-12-24 06:32:58','2022-12-24 06:32:58'),(29,3,1,500,NULL,'2022-12-24 06:32:58','2022-12-24 06:32:58'),(30,3,2,NULL,300,'2022-12-24 06:32:58','2022-12-24 06:32:58'),(31,3,2,NULL,300,'2022-12-24 06:32:58','2022-12-24 06:32:58'),(32,3,2,NULL,300,'2022-12-24 06:32:58','2022-12-24 06:32:58'),(33,3,2,NULL,300,'2022-12-24 06:32:58','2022-12-24 06:32:58'),(34,3,2,NULL,300,'2022-12-24 06:32:58','2022-12-24 06:32:58'),(35,3,2,NULL,300,'2022-12-24 06:32:58','2022-12-24 06:32:58'),(36,3,2,NULL,300,'2022-12-24 06:32:58','2022-12-24 06:32:58'),(37,3,2,NULL,300,'2022-12-24 06:32:58','2022-12-24 06:32:58'),(38,3,2,NULL,300,'2022-12-24 06:32:58','2022-12-24 06:32:58'),(39,3,2,NULL,300,'2022-12-24 06:32:58','2022-12-24 06:32:58'),(40,3,2,NULL,300,'2022-12-24 06:32:58','2022-12-24 06:32:58'),(41,3,2,NULL,300,'2022-12-24 06:32:58','2022-12-24 06:32:58'),(42,3,3,125,NULL,'2022-12-24 06:32:58','2022-12-24 06:32:58'),(43,4,0,NULL,NULL,'2022-12-24 06:34:03','2022-12-24 06:34:03'),(44,4,1,90,NULL,'2022-12-24 06:34:03','2022-12-24 06:34:03'),(45,4,1,145,NULL,'2022-12-24 06:34:03','2022-12-24 06:34:03'),(46,4,1,500,NULL,'2022-12-24 06:34:03','2022-12-24 06:34:03'),(47,4,2,NULL,300,'2022-12-24 06:34:03','2022-12-24 06:34:03'),(48,4,2,NULL,300,'2022-12-24 06:34:03','2022-12-24 06:34:03'),(49,4,2,NULL,300,'2022-12-24 06:34:03','2022-12-24 06:34:03'),(50,4,2,NULL,300,'2022-12-24 06:34:03','2022-12-24 06:34:03'),(51,4,2,NULL,300,'2022-12-24 06:34:03','2022-12-24 06:34:03'),(52,4,2,NULL,300,'2022-12-24 06:34:03','2022-12-24 06:34:03'),(53,4,2,NULL,300,'2022-12-24 06:34:03','2022-12-24 06:34:03'),(54,4,2,NULL,300,'2022-12-24 06:34:03','2022-12-24 06:34:03'),(55,4,3,25,NULL,'2022-12-24 06:34:03','2022-12-24 06:34:03'),(56,5,0,NULL,NULL,'2022-12-24 06:35:38','2022-12-24 06:35:38'),(57,5,1,75,NULL,'2022-12-24 06:35:38','2022-12-24 06:35:38'),(58,5,1,125,NULL,'2022-12-24 06:35:38','2022-12-24 06:35:38'),(59,5,1,500,NULL,'2022-12-24 06:35:38','2022-12-24 06:35:38'),(60,5,2,NULL,300,'2022-12-24 06:35:38','2022-12-24 06:35:38'),(61,5,2,NULL,300,'2022-12-24 06:35:38','2022-12-24 06:35:38'),(62,5,2,NULL,300,'2022-12-24 06:35:38','2022-12-24 06:35:38'),(63,5,2,NULL,300,'2022-12-24 06:35:38','2022-12-24 06:35:38'),(64,5,2,NULL,300,'2022-12-24 06:35:38','2022-12-24 06:35:38'),(65,5,2,NULL,300,'2022-12-24 06:35:38','2022-12-24 06:35:38'),(66,5,2,NULL,300,'2022-12-24 06:35:38','2022-12-24 06:35:38'),(67,5,2,NULL,300,'2022-12-24 06:35:38','2022-12-24 06:35:38'),(68,5,3,25,NULL,'2022-12-24 06:35:38','2022-12-24 06:35:38'),(69,6,0,NULL,NULL,'2022-12-24 06:36:24','2022-12-24 06:36:24'),(70,6,1,65,NULL,'2022-12-24 06:36:24','2022-12-24 06:36:24'),(71,6,1,115,NULL,'2022-12-24 06:36:24','2022-12-24 06:36:24'),(72,6,1,500,NULL,'2022-12-24 06:36:24','2022-12-24 06:36:24'),(73,6,2,NULL,300,'2022-12-24 06:36:24','2022-12-24 06:36:24'),(74,6,2,NULL,300,'2022-12-24 06:36:24','2022-12-24 06:36:24'),(75,6,2,NULL,300,'2022-12-24 06:36:24','2022-12-24 06:36:24'),(76,6,2,NULL,300,'2022-12-24 06:36:24','2022-12-24 06:36:24'),(77,6,2,NULL,300,'2022-12-24 06:36:24','2022-12-24 06:36:24'),(78,6,2,NULL,300,'2022-12-24 06:36:24','2022-12-24 06:36:24'),(79,6,2,NULL,300,'2022-12-24 06:36:24','2022-12-24 06:36:24'),(80,6,2,NULL,300,'2022-12-24 06:36:24','2022-12-24 06:36:24'),(81,6,2,NULL,300,'2022-12-24 06:36:24','2022-12-24 06:36:24'),(82,6,2,NULL,300,'2022-12-24 06:36:24','2022-12-24 06:36:24'),(83,6,2,NULL,300,'2022-12-24 06:36:24','2022-12-24 06:36:24'),(84,6,2,NULL,300,'2022-12-24 06:36:24','2022-12-24 06:36:24'),(85,6,3,165,NULL,'2022-12-24 06:36:24','2022-12-24 06:36:24'),(86,7,0,NULL,NULL,'2022-12-24 06:37:54','2022-12-24 06:37:54'),(87,7,1,55,NULL,'2022-12-24 06:37:54','2022-12-24 06:37:54'),(88,7,1,110,NULL,'2022-12-24 06:37:54','2022-12-24 06:37:54'),(89,7,1,500,NULL,'2022-12-24 06:37:54','2022-12-24 06:37:54'),(90,7,2,NULL,300,'2022-12-24 06:37:54','2022-12-24 06:37:54'),(91,7,2,NULL,300,'2022-12-24 06:37:54','2022-12-24 06:37:54'),(92,7,2,NULL,300,'2022-12-24 06:37:54','2022-12-24 06:37:54'),(93,7,2,NULL,300,'2022-12-24 06:37:54','2022-12-24 06:37:54'),(94,7,2,NULL,300,'2022-12-24 06:37:54','2022-12-24 06:37:54'),(95,7,2,NULL,300,'2022-12-24 06:37:54','2022-12-24 06:37:54'),(96,7,2,NULL,300,'2022-12-24 06:37:54','2022-12-24 06:37:54'),(97,7,2,NULL,300,'2022-12-24 06:37:54','2022-12-24 06:37:54'),(98,7,2,NULL,300,'2022-12-24 06:37:54','2022-12-24 06:37:54'),(99,7,2,NULL,300,'2022-12-24 06:37:54','2022-12-24 06:37:54'),(100,7,2,NULL,300,'2022-12-24 06:37:54','2022-12-24 06:37:54'),(101,7,2,NULL,300,'2022-12-24 06:37:54','2022-12-24 06:37:54'),(102,7,3,150,NULL,'2022-12-24 06:37:54','2022-12-24 06:37:54');
/*!40000 ALTER TABLE `raidmontan_stations` ENABLE KEYS */;
UNLOCK TABLES;

--
-- Table structure for table `raidmontan_stations_stages`
--

DROP TABLE IF EXISTS `raidmontan_stations_stages`;
/*!40101 SET @saved_cs_client     = @@character_set_client */;
/*!40101 SET character_set_client = utf8 */;
CREATE TABLE `raidmontan_stations_stages` (
  `id` int(11) NOT NULL AUTO_INCREMENT,
  `category_id` int(11) NOT NULL,
  `post` int(11) NOT NULL,
  `time` int(11) DEFAULT NULL,
  `created_at` timestamp NULL DEFAULT NULL,
  `updated_at` timestamp NULL DEFAULT NULL,
  PRIMARY KEY (`id`)
) ENGINE=InnoDB AUTO_INCREMENT=39 DEFAULT CHARSET=latin1 COLLATE=latin1_swedish_ci;
/*!40101 SET character_set_client = @saved_cs_client */;

--
-- Dumping data for table `raidmontan_stations_stages`
--

LOCK TABLES `raidmontan_stations_stages` WRITE;
/*!40000 ALTER TABLE `raidmontan_stations_stages` DISABLE KEYS */;
INSERT INTO `raidmontan_stations_stages` VALUES (1,1,251,NULL,'2022-12-24 06:38:42','2022-12-24 06:38:42'),(2,1,1,30,'2022-12-24 06:38:42','2022-12-24 06:38:42'),(3,1,252,NULL,'2022-12-24 06:38:42','2022-12-24 06:38:42'),(9,2,251,NULL,'2022-12-24 06:38:56','2022-12-24 06:38:56'),(10,2,1,15,'2022-12-24 06:38:56','2022-12-24 06:38:56'),(11,2,2,30,'2022-12-24 06:38:56','2022-12-24 06:38:56'),(12,2,3,15,'2022-12-24 06:38:56','2022-12-24 06:38:56'),(13,2,252,NULL,'2022-12-24 06:38:56','2022-12-24 06:38:56'),(14,3,251,NULL,'2022-12-24 06:39:15','2022-12-24 06:39:15'),(15,3,1,15,'2022-12-24 06:39:15','2022-12-24 06:39:15'),(16,3,1,30,'2022-12-24 06:39:15','2022-12-24 06:39:15'),(17,3,3,15,'2022-12-24 06:39:15','2022-12-24 06:39:15'),(18,3,252,NULL,'2022-12-24 06:39:15','2022-12-24 06:39:15'),(19,4,251,NULL,'2022-12-24 06:39:46','2022-12-24 06:39:46'),(20,4,1,15,'2022-12-24 06:39:46','2022-12-24 06:39:46'),(21,4,2,30,'2022-12-24 06:39:46','2022-12-24 06:39:46'),(22,4,3,15,'2022-12-24 06:39:46','2022-12-24 06:39:46'),(23,4,252,NULL,'2022-12-24 06:39:46','2022-12-24 06:39:46'),(24,5,251,NULL,'2022-12-24 06:40:02','2022-12-24 06:40:02'),(25,5,1,15,'2022-12-24 06:40:02','2022-12-24 06:40:02'),(26,5,2,30,'2022-12-24 06:40:02','2022-12-24 06:40:02'),(27,5,3,15,'2022-12-24 06:40:02','2022-12-24 06:40:02'),(28,5,252,NULL,'2022-12-24 06:40:02','2022-12-24 06:40:02'),(29,6,251,NULL,'2022-12-24 06:40:19','2022-12-24 06:40:19'),(30,6,1,15,'2022-12-24 06:40:19','2022-12-24 06:40:19'),(31,6,2,30,'2022-12-24 06:40:19','2022-12-24 06:40:19'),(32,6,3,15,'2022-12-24 06:40:19','2022-12-24 06:40:19'),(33,6,252,NULL,'2022-12-24 06:40:19','2022-12-24 06:40:19'),(34,7,251,NULL,'2022-12-24 06:40:32','2022-12-24 06:40:32'),(35,7,1,15,'2022-12-24 06:40:32','2022-12-24 06:40:32'),(36,7,2,30,'2022-12-24 06:40:32','2022-12-24 06:40:32'),(37,7,3,15,'2022-12-24 06:40:32','2022-12-24 06:40:32'),(38,7,252,NULL,'2022-12-24 06:40:32','2022-12-24 06:40:32');
/*!40000 ALTER TABLE `raidmontan_stations_stages` ENABLE KEYS */;
UNLOCK TABLES;

--
-- Table structure for table `team_order_start`
--

DROP TABLE IF EXISTS `team_order_start`;
/*!40101 SET @saved_cs_client     = @@character_set_client */;
/*!40101 SET character_set_client = utf8 */;
CREATE TABLE `team_order_start` (
  `id` int(11) NOT NULL AUTO_INCREMENT,
  `order_date_start` varchar(255) DEFAULT NULL,
  `order_start_minutes` int(11) NOT NULL DEFAULT 1,
  `created_at` timestamp NULL DEFAULT '0000-00-00 00:00:00',
  `updated_at` timestamp NULL DEFAULT '0000-00-00 00:00:00',
  PRIMARY KEY (`id`)
) ENGINE=InnoDB AUTO_INCREMENT=2 DEFAULT CHARSET=latin1 COLLATE=latin1_swedish_ci;
/*!40101 SET character_set_client = @saved_cs_client */;

--
-- Dumping data for table `team_order_start`
--

LOCK TABLES `team_order_start` WRITE;
/*!40000 ALTER TABLE `team_order_start` DISABLE KEYS */;
INSERT INTO `team_order_start` VALUES (1,'09:00:00',1,'2022-12-26 19:54:46','2022-12-27 18:53:23');
/*!40000 ALTER TABLE `team_order_start` ENABLE KEYS */;
UNLOCK TABLES;

--
-- Table structure for table `teams`
--

DROP TABLE IF EXISTS `teams`;
/*!40101 SET @saved_cs_client     = @@character_set_client */;
/*!40101 SET character_set_client = utf8 */;
CREATE TABLE `teams` (
  `id` int(11) NOT NULL AUTO_INCREMENT,
  `number` int(11) NOT NULL,
  `name` varchar(255) CHARACTER SET latin1 COLLATE latin1_swedish_ci NOT NULL,
  `uuid_card_orienteering_id` int(11) NOT NULL,
  `uuid_card_raid_id` int(11) NOT NULL,
  `club_id` int(11) NOT NULL,
  `category_id` int(11) NOT NULL,
  `created_at` timestamp NULL DEFAULT NULL,
  `updated_at` timestamp NULL DEFAULT NULL,
  PRIMARY KEY (`id`)
) ENGINE=InnoDB AUTO_INCREMENT=104 DEFAULT CHARSET=utf8 COLLATE=utf8_general_ci;
/*!40101 SET character_set_client = @saved_cs_client */;

--
-- Dumping data for table `teams`
--

LOCK TABLES `teams` WRITE;
/*!40000 ALTER TABLE `teams` DISABLE KEYS */;
INSERT INTO `teams` VALUES (1,200,'ABSOLUT!',1,1,15,2,'2022-12-24 07:10:23','2022-12-24 22:01:44'),(2,201,'SOIMII AURII',2,2,15,1,'2022-12-24 07:10:38','2022-12-24 22:01:44'),(3,202,'POWER GIRLS',3,3,15,1,'2022-12-24 07:10:57','2022-12-24 22:01:44'),(4,203,'SOIMII PRO BIKE',4,4,15,7,'2022-12-24 07:11:09','2022-12-24 22:01:44'),(5,204,'AIURITII PIERDE-VARA',5,5,11,4,'2022-12-24 07:11:23','2022-12-24 22:01:44'),(6,205,'CIOATA MANGA BONG',6,6,30,4,'2022-12-24 07:11:51','2022-12-24 22:01:44'),(7,206,'WHITE BONG SUMMER',7,7,30,4,'2022-12-24 07:12:42','2022-12-24 22:01:44'),(8,207,'ALPIN CLUB PRO-MONT',8,8,7,2,'2022-12-24 07:12:58','2022-12-24 22:01:44'),(9,208,'MATEUTII',9,9,7,1,'2022-12-24 07:13:13','2022-12-24 22:01:44'),(10,209,'ALPIN CLUB PROMONT',10,10,7,4,'2022-12-24 07:13:34','2022-12-24 22:01:44'),(11,210,'ARC FORCE ONE',11,11,16,4,'2022-12-24 07:14:02','2022-12-24 22:01:44'),(12,211,'PIATRA',12,12,16,4,'2022-12-24 07:14:17','2022-12-24 22:01:44'),(13,212,'FIRE FOX',13,13,16,4,'2022-12-24 07:14:39','2022-12-24 22:01:44'),(14,213,'LICURICI',14,14,16,4,'2022-12-24 07:43:32','2022-12-24 22:01:44'),(15,214,'CTV VALCEA',15,15,16,7,'2022-12-24 07:44:52','2022-12-24 22:01:44'),(16,215,'CROCODILII',16,16,26,4,'2022-12-24 07:45:09','2022-12-24 22:01:44'),(17,216,'VIPERELE',17,17,26,4,'2022-12-24 07:45:23','2022-12-24 22:01:44'),(18,217,'HANNAH MONTANA',18,18,26,4,'2022-12-24 07:45:38','2022-12-24 22:01:44'),(19,218,'SENIORII \'PRO-PARANG\'',19,19,22,7,'2022-12-24 07:45:53','2022-12-24 22:01:44'),(20,219,'VETERANII \'PRO-PARANG\'',20,20,22,5,'2022-12-24 07:46:17','2022-12-24 22:01:44'),(21,220,'GASKA DIN BUILA',21,21,13,4,'2022-12-24 07:46:34','2022-12-24 22:01:44'),(22,221,'SAURON',22,22,22,4,'2022-12-24 07:46:45','2022-12-24 22:01:44'),(23,222,'SURORILE SISTERS',23,23,13,6,'2022-12-24 07:46:59','2022-12-24 22:01:44'),(24,223,'ELECTRONISTII',24,24,13,3,'2022-12-24 07:47:13','2022-12-24 22:01:44'),(25,224,'SILUETII DIN BUILA',25,25,13,7,'2022-12-24 07:47:30','2022-12-24 22:01:44'),(26,225,'CARUL MARE',26,26,17,4,'2022-12-24 07:47:50','2022-12-24 22:01:44'),(27,226,'FETELE PUF-PUF',27,27,21,4,'2022-12-24 07:48:03','2022-12-24 22:01:44'),(28,227,'HUHUREZII',28,28,5,2,'2022-12-24 07:48:27','2022-12-24 22:01:44'),(29,228,'SCORHSI',29,29,5,5,'2022-12-24 07:48:42','2022-12-24 22:01:44'),(30,229,'SALOOT',30,30,5,4,'2022-12-24 07:48:56','2022-12-24 22:01:44'),(31,230,'FLOARE DE COLTUN',31,31,5,4,'2022-12-24 07:49:06','2022-12-24 22:01:44'),(32,231,'NOMADIA TRAVEL',32,32,5,4,'2022-12-24 07:49:18','2022-12-24 22:01:44'),(33,232,'NOI VENITII',33,33,5,1,'2022-12-24 07:49:30','2022-12-24 22:01:44'),(34,233,'HOTOAICA',34,34,5,4,'2022-12-24 07:49:45','2022-12-24 22:01:44'),(35,234,'PUICUTELE',35,35,5,6,'2022-12-24 07:49:59','2022-12-24 22:01:44'),(36,235,'EDI',36,36,5,1,'2022-12-24 07:50:12','2022-12-24 22:01:44'),(37,236,'CIOCOLATA ROM',37,37,5,4,'2022-12-24 07:50:31','2022-12-24 22:01:44'),(38,237,'COCOSUL DE MUNTE 1',38,38,5,3,'2022-12-24 07:50:46','2022-12-24 22:01:44'),(39,238,'ALEGRIA',39,39,5,4,'2022-12-24 07:51:06','2022-12-24 22:01:44'),(40,239,'HORINCA RACERS',40,40,5,3,'2022-12-24 07:51:17','2022-12-24 22:01:44'),(41,240,'MOROMETII',41,41,5,7,'2022-12-24 07:51:30','2022-12-24 22:01:44'),(42,241,'TOMA&CO',42,42,1,1,'2022-12-24 07:51:41','2022-12-24 22:01:44'),(43,242,'GASKA SENIORI',43,43,1,7,'2022-12-24 07:51:51','2022-12-24 22:01:44'),(44,243,'GASKA LESINATA',44,44,5,4,'2022-12-24 07:52:03','2022-12-24 22:01:44'),(45,244,'GASKA OPEN',45,45,1,4,'2022-12-24 07:52:21','2022-12-24 22:01:44'),(46,245,'LUGU LUGU',46,46,12,4,'2022-12-24 07:52:33','2022-12-24 22:01:44'),(47,246,'DECAT 3A SI...',47,47,12,4,'2022-12-24 07:52:45','2022-12-24 22:01:44'),(48,247,'TRIO TRAIL',48,48,12,6,'2022-12-24 07:53:03','2022-12-24 22:01:44'),(49,248,'HAI HUI PE MUNTE',49,49,12,3,'2022-12-24 07:53:17','2022-12-24 22:01:44'),(50,249,'Iii',50,50,2,4,'2022-12-24 07:53:29','2022-12-24 22:01:44'),(51,250,'LATRONII',51,51,3,4,'2022-12-24 07:53:51','2022-12-24 22:01:44'),(52,251,'LOCALNICII',52,52,31,1,'2022-12-24 07:54:03','2022-12-24 22:01:44'),(53,252,'PALARIOSUL SI FLORILE',53,53,18,5,'2022-12-24 07:54:14','2022-12-24 22:01:44'),(54,253,'SOIMUL SI MARMOTELE',54,54,19,5,'2022-12-24 07:54:26','2022-12-24 22:01:44'),(55,254,'MARMOTELE MAHMURE X2',55,55,19,4,'2022-12-24 07:54:39','2022-12-24 22:01:44'),(56,255,'MARMOTELE TESTATE',56,56,19,7,'2022-12-24 07:54:57','2022-12-24 22:01:44'),(57,256,'NOI 3 ZEN',57,57,25,4,'2022-12-24 07:55:10','2022-12-24 22:01:44'),(58,257,'PMCF',58,58,8,4,'2022-12-24 07:55:25','2022-12-24 22:01:44'),(59,258,'PRASTIE CU LUNETA',59,59,6,4,'2022-12-24 07:55:41','2022-12-24 22:01:44'),(60,259,'REX',60,60,23,1,'2022-12-24 07:56:00','2022-12-24 22:01:44'),(61,260,'SVEN',61,61,29,1,'2022-12-24 07:56:13','2022-12-24 22:01:44'),(62,261,'ZEBRELE JAPONEZE',62,62,29,1,'2022-12-24 07:56:43','2022-12-24 22:01:44'),(63,262,'TREI DE ZANE',63,63,14,6,'2022-12-24 07:56:59','2022-12-24 22:01:44'),(64,263,'VARUTII',64,64,24,4,'2022-12-24 07:57:11','2022-12-24 22:01:44'),(65,264,'VASILICII',65,65,20,1,'2022-12-24 07:57:27','2022-12-24 22:01:44'),(66,265,'VEVERITELE NEINFRICATE',66,66,28,4,'2022-12-24 07:57:40','2022-12-24 22:01:44'),(67,266,'SOIMII PADURII',67,67,28,4,'2022-12-24 07:57:56','2022-12-24 22:01:44'),(68,267,'VOINTA 3',68,68,10,4,'2022-12-24 07:58:19','2022-12-24 22:01:44'),(69,268,'VOINTA 1',69,69,10,4,'2022-12-24 07:58:35','2022-12-24 22:01:44'),(70,269,'VOINTA 4',70,70,10,4,'2022-12-24 07:58:47','2022-12-24 22:01:44'),(71,270,'VOINTA 2',71,71,10,4,'2022-12-24 07:59:02','2022-12-24 22:01:44'),(72,271,'DAC',72,72,9,4,'2022-12-24 07:59:15','2022-12-24 22:01:44'),(73,272,'4-TEAM-STEFICA',73,73,9,4,'2022-12-24 07:59:29','2022-12-24 22:01:44'),(74,273,'ZIMBRII FANTASTICI',74,74,4,2,'2022-12-24 07:59:46','2022-12-24 22:01:44'),(75,274,'ZIMBRII DUBMARI',75,75,4,4,'2022-12-24 08:00:04','2022-12-24 22:01:44'),(76,275,'ZIMBRII BABUINI',76,76,4,2,'2022-12-24 08:00:21','2022-12-24 22:01:44'),(77,276,'ZIMBRII AMBULANTI',77,77,4,4,'2022-12-24 08:00:32','2022-12-24 22:01:44'),(78,277,'ZIMBRUTELE INDECISE',78,78,4,4,'2022-12-24 08:00:40','2022-12-24 22:01:44'),(79,278,'ZIMBRII CILEALA',79,79,4,4,'2022-12-24 08:00:53','2022-12-24 22:01:44'),(80,279,'ZIMBRII BUIMACI',80,80,4,4,'2022-12-24 08:01:03','2022-12-24 22:01:44'),(81,280,'ZIMBRII DE LA LOFT',81,81,4,3,'2022-12-24 08:01:16','2022-12-24 22:01:44'),(82,281,'ZIMBRUTII TIKI TAKA',82,82,4,4,'2022-12-24 08:01:27','2022-12-24 22:01:44'),(83,282,'ZIMBRII VERZI',83,83,4,3,'2022-12-24 08:01:41','2022-12-24 22:01:44'),(84,283,'ZIMBRELE SI LUNA',84,84,4,6,'2022-12-24 08:01:52','2022-12-24 22:01:44'),(85,284,'ZIMBRII FIERARII',85,85,4,3,'2022-12-24 08:02:33','2022-12-24 22:01:44'),(86,285,'ZIMBRUTELE VESELE',86,86,4,6,'2022-12-24 08:02:43','2022-12-24 22:01:44'),(87,286,'ZIMBRII BERE',87,87,4,3,'2022-12-24 08:02:52','2022-12-24 22:01:44'),(88,287,'ZIMBRISORII DDD',88,88,4,1,'2022-12-24 08:03:03','2022-12-24 22:01:44'),(89,288,'ZIMBRUTELE TABOO',89,89,4,6,'2022-12-24 08:03:15','2022-12-24 22:01:44'),(90,289,'ZIMBRII INVENCIBILI',90,90,4,3,'2022-12-24 08:03:34','2022-12-24 22:01:44'),(91,290,'ZIMBRII NEGRI',91,91,4,1,'2022-12-24 08:03:44','2022-12-24 22:01:44'),(92,291,'ZIMBRUTELE 007',92,92,4,6,'2022-12-24 08:03:54','2022-12-24 22:01:44'),(93,292,'ZIMBRII NORDICI',93,93,4,3,'2022-12-24 08:04:04','2022-12-24 22:01:44'),(94,293,'ZIMBRII CENUSII',94,94,4,3,'2022-12-24 08:04:20','2022-12-24 22:01:44'),(95,294,'ZIMBRII ZUZULAND',95,95,4,7,'2022-12-24 08:04:29','2022-12-24 22:01:44'),(96,295,'ZIMBRII LEPROSI',96,96,4,4,'2022-12-24 08:04:43','2022-12-24 22:01:44'),(97,296,'ZIMBRII FURIOSI',97,97,4,2,'2022-12-24 08:04:54','2022-12-24 22:01:44'),(98,297,'ZIMB-BOABA',98,98,4,4,'2022-12-24 08:05:05','2022-12-24 22:01:44'),(99,298,'LEOAICELE',99,99,27,4,'2022-12-24 08:05:19','2022-12-24 22:01:44'),(100,299,'STA-FETELE',100,100,27,4,'2022-12-24 08:05:28','2022-12-24 22:01:44'),(101,300,'LENEA',101,101,27,4,'2022-12-24 08:05:50','2022-12-24 22:01:44'),(102,301,'PISICILE SALBATICE',102,102,27,4,'2022-12-24 08:06:08','2022-12-24 22:01:44'),(103,302,'SACALII IMPERIALI',103,103,27,4,'2022-12-24 08:06:21','2022-12-24 22:01:44');
/*!40000 ALTER TABLE `teams` ENABLE KEYS */;
UNLOCK TABLES;

--
-- Table structure for table `uuids_orienteering`
--

DROP TABLE IF EXISTS `uuids_orienteering`;
/*!40101 SET @saved_cs_client     = @@character_set_client */;
/*!40101 SET character_set_client = utf8 */;
CREATE TABLE `uuids_orienteering` (
  `id` int(8) NOT NULL AUTO_INCREMENT,
  `name` varchar(255) CHARACTER SET utf8 COLLATE utf8_bin NOT NULL,
  PRIMARY KEY (`id`),
  UNIQUE KEY `uuid_name` (`name`)
) ENGINE=InnoDB AUTO_INCREMENT=145 DEFAULT CHARSET=utf8 COLLATE=utf8_general_ci;
/*!40101 SET character_set_client = @saved_cs_client */;

--
-- Dumping data for table `uuids_orienteering`
--

LOCK TABLES `uuids_orienteering` WRITE;
/*!40000 ALTER TABLE `uuids_orienteering` DISABLE KEYS */;
INSERT INTO `uuids_orienteering` VALUES (2,'03 10 75 C2'),(72,'03 1F 3D C2'),(100,'03 63 36 C2'),(111,'03 6F 36 C2'),(114,'03 77 36 C2'),(68,'03 83 35 C2'),(91,'03 B7 3E C2'),(77,'03 BF 41 C2'),(138,'03 D2 3F C2'),(133,'03 D5 33 C2'),(58,'03 D8 36 C2'),(8,'03 DC 37 C2'),(49,'03 E0 37 C2'),(83,'03 E4 38 C2'),(129,'13 1A 38 C2'),(43,'13 2B 3D C2'),(107,'13 30 3A C2'),(67,'13 52 34 C2'),(93,'13 56 38 C2'),(82,'13 62 36 C2'),(74,'13 75 41 C2'),(70,'13 89 36 C2'),(79,'13 F0 34 C2'),(122,'23 0C 35 C2'),(18,'23 13 3A C2'),(115,'23 37 38 C2'),(143,'23 4C 3D C2'),(112,'23 58 3D C2'),(140,'23 D4 35 C2'),(13,'23 F5 35 C2'),(99,'23 F5 36 C2'),(40,'33 07 42 C2'),(39,'33 16 3E C2'),(123,'33 2C 38 C2'),(6,'33 3A 3E C2'),(33,'33 5E 36 C2'),(21,'33 67 3D C2'),(132,'33 89 36 C2'),(113,'33 C1 37 C2'),(106,'33 F5 36 C2'),(64,'43 1E 3A C2'),(20,'43 22 37 C2'),(37,'43 33 3C C2'),(52,'43 3A 42 C2'),(22,'43 6F 3C C2'),(119,'43 70 74 C2'),(1,'43 C2 41 C2'),(59,'43 C8 3A C2'),(51,'43 D1 37 C2'),(50,'43 EB 74 C2'),(54,'53 0B 3A C2'),(26,'53 3D 75 C2'),(127,'53 3E 42 C2'),(92,'53 50 38 C2'),(63,'53 9F 36 C2'),(34,'53 AA 41 C2'),(61,'53 D8 38 C2'),(84,'53 E2 41 C2'),(116,'53 E4 3D C2'),(121,'53 F0 36 C2'),(53,'63 3E 38 C2'),(94,'63 49 3E C2'),(65,'63 9B 37 C2'),(19,'63 DD 38 C2'),(23,'63 E5 37 C2'),(89,'63 EC 38 C2'),(62,'63 F0 39 C2'),(105,'73 17 3F C2'),(71,'73 26 37 C2'),(9,'73 2A 38 C2'),(55,'73 30 3A C2'),(31,'73 35 37 C2'),(136,'73 3C 36 C2'),(45,'73 64 38 C2'),(142,'73 7C 38 C2'),(38,'73 9A 3A C2'),(98,'73 A2 38 C2'),(110,'73 D0 41 C2'),(102,'73 E2 3D C2'),(12,'73 FF 41 C2'),(135,'83 2B 3F C2'),(124,'83 46 3E C2'),(95,'83 EF 41 C2'),(86,'93 28 3A C2'),(101,'93 29 35 C2'),(57,'93 40 38 C2'),(85,'93 51 3D C2'),(16,'93 5A 3F C2'),(17,'93 81 35 C2'),(24,'93 95 74 C2'),(109,'93 A6 3C C2'),(15,'93 BF 3D C2'),(78,'93 CB 36 C2'),(81,'93 D0 35 C2'),(104,'A3 11 36 C2'),(27,'A3 16 37 C2'),(90,'A3 46 38 C2'),(48,'A3 88 35 C2'),(5,'A3 EB 74 C2'),(103,'A9 AB 89 AB'),(88,'A9 C2 89 AB'),(66,'B3 75 38 C2'),(139,'B3 A1 3F C2'),(30,'B3 C5 37 C2'),(47,'B3 C5 3F C2'),(69,'B3 C9 37 C2'),(76,'B3 D0 36 C2'),(32,'B3 ED 35 C2'),(130,'C3 07 40 C2'),(44,'C3 15 42 C2'),(141,'C3 65 3D C2'),(96,'C3 AD 3B C2'),(73,'C3 CD 37 C2'),(28,'C3 DB 34 C2'),(56,'C3 DC 38 C2'),(29,'D3 15 37 C2'),(80,'D3 26 3E C2'),(87,'D3 31 42 C2'),(14,'D3 46 34 C2'),(46,'D3 4F 38 C2'),(128,'D3 6E 74 C2'),(120,'D3 A6 40 C2'),(144,'D3 C2 3D C2'),(75,'D3 DE 35 C2'),(134,'D3 EB 41 C2'),(60,'D3 FC 39 C2'),(3,'E3 0A 37 C2'),(118,'E3 11 36 C2'),(7,'E3 28 40 C2'),(137,'E3 2D 39 C2'),(117,'E3 40 38 C2'),(36,'E3 48 3D C2'),(42,'E3 4C 3D C2'),(108,'E3 5E 36 C2'),(131,'E3 64 36 C2'),(97,'E3 81 37 C2'),(35,'E3 88 39 C2'),(11,'E3 90 3D C2'),(125,'F3 20 3F C2'),(41,'F3 82 36 C2'),(10,'F3 94 3D C2'),(126,'F3 9B 36 C2'),(25,'F3 AA 41 C2'),(4,'F9 DD 89 AB');
/*!40000 ALTER TABLE `uuids_orienteering` ENABLE KEYS */;
UNLOCK TABLES;

--
-- Table structure for table `uuids_raid`
--

DROP TABLE IF EXISTS `uuids_raid`;
/*!40101 SET @saved_cs_client     = @@character_set_client */;
/*!40101 SET character_set_client = utf8 */;
CREATE TABLE `uuids_raid` (
  `id` int(11) NOT NULL AUTO_INCREMENT,
  `name` varchar(200) DEFAULT NULL,
  UNIQUE KEY `A` (`id`)
) ENGINE=InnoDB AUTO_INCREMENT=145 DEFAULT CHARSET=utf8 COLLATE=utf8_general_ci;
/*!40101 SET character_set_client = @saved_cs_client */;

--
-- Dumping data for table `uuids_raid`
--

LOCK TABLES `uuids_raid` WRITE;
/*!40000 ALTER TABLE `uuids_raid` DISABLE KEYS */;
INSERT INTO `uuids_raid` VALUES (1,'83 39 35 C2'),(2,'6B FE D0 1F'),(3,'13 F2 33 C2'),(4,'E3 01 40 C2'),(5,'F3 1B 35 C2'),(6,'43 1A 38 C2'),(7,'AB 41 E7 1F'),(8,'9B 2D CC 1F'),(9,'BB BA E5 1F'),(10,'BB 23 D4 1F'),(11,'9B 6A CB 1F'),(12,'DB A2 DB 1F'),(13,'7B 01 D5 1F'),(14,'FB 56 C7 1F'),(15,'6B 70 D1 1F'),(16,'6B 98 D0 1F'),(17,'3B 56 E2 1F'),(18,'FB 17 DA 1F'),(19,'0B 22 D4 1F'),(20,'6B 31 E2 1F'),(21,'9B F0 D6 1F'),(22,'9B 96 DB 1F'),(23,'CB 97 C8 1F'),(24,'6B C8 E5 1F'),(25,'13 22 36 C2'),(26,'AB D5 DC 1F'),(27,'1B C5 DA 1F'),(28,'DB D3 CB 1F'),(29,'DB 78 D2 1F'),(30,'1B 36 C6 1F'),(31,'3B F6 C7 1F'),(32,'0B 48 D9 1F'),(33,'AB EC D3 1F'),(34,'4B C4 E5 1F'),(35,'8B D1 D5 1F'),(36,'93 70 74 C2'),(37,'3B 50 DA 1F'),(38,'EB 24 DA 1F'),(39,'83 75 38 C2'),(40,'3B 6D E8 1F'),(41,'8B E6 DF 1F'),(42,'C3 33 37 C2'),(43,'BB 73 DE 1F'),(44,'FB 79 D3 1F'),(45,'BB 23 C5 1F'),(46,'FB 98 D0 1F'),(47,'DB A8 D5 1F'),(48,'AB 11 D6 1F'),(49,'0B 26 E4 1F'),(50,'CB 78 D9 1F'),(51,'4B D8 E0 1F'),(52,'DB 8C D7 1F'),(53,'5B 52 CF 1F'),(54,'AB 7E C6 1F'),(55,'4B 2F C4 1F'),(56,'AB AC D2 1F'),(57,'3B FD C8 1F'),(58,'7B 6A C4 1F'),(59,'13 B6 36 C2'),(60,'13 32 39 C2'),(61,'A3 1F 3F C2'),(62,'33 33 37 C2'),(63,'CB 95 CC 1F'),(64,'8B 88 C4 1F'),(65,'CB FA C8 1F'),(66,'AB 64 D3 1F'),(67,'FB B4 DF 1F'),(68,'2B CB D7 1F'),(69,'EB BD DB 1F'),(70,'5B 13 DE 1F'),(71,'2B F5 DA 1F'),(72,'CB C8 CF 1F'),(73,'EB FA D0 1F'),(74,'FB 09 D5 1F'),(75,'7B A3 DB 1F'),(76,'5B 45 DF 1F'),(77,'DB 97 CC 1F'),(78,'CB 75 DE 1F'),(79,'6B A5 EF 1B'),(80,'DB EF CC 1F'),(81,'7B 77 E3 1F'),(82,'5B 4C C9 1F'),(83,'AB D8 DC 1F'),(84,'1B F7 D0 1F'),(85,'5B 75 D9 1F'),(86,'8B 87 D6 1F'),(87,'8B F3 C9 1F'),(88,'1B 61 CD 1F'),(89,'FB 39 C6 1F'),(90,'9B E5 DF 1F'),(91,'3B 46 D9 1F'),(92,'3B CF DA 1F'),(93,'BB 01 DC 1F'),(94,'6B 65 CD 1F'),(95,'AB FB C8 1F'),(96,'7B 8D DD 1F'),(97,'DB 2A CE 1F'),(98,'4B 9D C8 1F'),(99,'2B 3C D4 1F'),(100,'BB 0E E2 1F'),(101,'5B 4E D2 1F'),(102,'BB A6 DB 1F'),(103,'FB AD C7 1F'),(104,'5B 4C D2 1F'),(105,'CB 3E C4 1F'),(106,'1B BE E7 1F'),(107,'2B 0D C7 1F'),(108,'AB BA D6 1F'),(109,'8B 2B C4 1F'),(110,'5B 48 E7 1F'),(111,'AB 44 DF 1F'),(112,'A3 D5 36 C2'),(113,'93 8D 39 C2'),(114,'D3 CA 36 C2'),(115,'F3 7C 41 C2'),(116,'C3 8D 37 C2'),(117,'33 F0 39 C2'),(118,'43 01 36 C2'),(119,'69 1E 8A AB'),(120,'23 E4 41 C2'),(121,'73 B7 33 C2'),(122,'03 4A 42 C2'),(123,'A3 DA 3B C2'),(124,'43 3F 3A C2'),(125,'73 AA 3D C2'),(126,'73 E8 37 C2'),(127,'B3 FE 35 C2'),(128,'D3 E1 35 C2'),(129,'53 E8 37 C2'),(130,'D3 C5 3F C2'),(131,'D3 DC 37 C2'),(132,'E3 48 37 C2'),(133,'99 B5 89 AB'),(134,'23 77 36 C2'),(135,'69 CF 8C AB'),(136,'43 E5 33 C2'),(137,'03 58 37 C2'),(138,'53 66 3A C2'),(139,'F3 17 35 C2'),(140,'B3 6B 36 C2'),(141,'D3 3F 42 C2'),(142,'83 0A 40 C2'),(143,'13 8D 39 C2'),(144,'43 44 35 C2');
/*!40000 ALTER TABLE `uuids_raid` ENABLE KEYS */;
UNLOCK TABLES;
/*!40103 SET TIME_ZONE=@OLD_TIME_ZONE */;

/*!40101 SET SQL_MODE=@OLD_SQL_MODE */;
/*!40014 SET FOREIGN_KEY_CHECKS=@OLD_FOREIGN_KEY_CHECKS */;
/*!40014 SET UNIQUE_CHECKS=@OLD_UNIQUE_CHECKS */;
/*!40101 SET CHARACTER_SET_CLIENT=@OLD_CHARACTER_SET_CLIENT */;
/*!40101 SET CHARACTER_SET_RESULTS=@OLD_CHARACTER_SET_RESULTS */;
/*!40101 SET COLLATION_CONNECTION=@OLD_COLLATION_CONNECTION */;
/*!40111 SET SQL_NOTES=@OLD_SQL_NOTES */;

-- Dump completed on 2023-01-14 17:55:02
