-- phpMyAdmin SQL Dump
-- version 5.1.1
-- https://www.phpmyadmin.net/
--
-- Host: localhost
-- Generation Time: Dec 31, 2022 at 09:45 PM
-- Server version: 10.5.15-MariaDB-0+deb11u1
-- PHP Version: 8.1.11

SET SQL_MODE = "NO_AUTO_VALUE_ON_ZERO";
START TRANSACTION;
SET time_zone = "+00:00";


/*!40101 SET @OLD_CHARACTER_SET_CLIENT=@@CHARACTER_SET_CLIENT */;
/*!40101 SET @OLD_CHARACTER_SET_RESULTS=@@CHARACTER_SET_RESULTS */;
/*!40101 SET @OLD_COLLATION_CONNECTION=@@COLLATION_CONNECTION */;
/*!40101 SET NAMES utf8mb4 */;

--
-- Database: `stafetamuntilor`
--

--
-- Truncate table before insert `clubs`
--

TRUNCATE TABLE `clubs`;
--
-- Dumping data for table `clubs`
--

INSERT INTO `clubs` (`id`, `name`, `created_at`, `updated_at`) VALUES
(1, 'ASOCIATIA DE TURISM MONTAN VIA RETEZAT', '2022-12-03 18:27:09', '2022-12-03 18:27:09'),
(2, 'FARA CLUB', '2022-12-03 18:27:09', '2022-12-03 18:27:09'),
(3, 'ALPIN CLUB PRO-MONT BUCURESTI', '2022-12-03 18:27:09', '2022-12-03 18:27:09'),
(4, 'FRIENDS TEAM', '2022-12-03 18:27:09', '2022-12-03 18:27:09'),
(5, 'ALPIN TEMERARII', '2022-12-03 18:27:09', '2022-12-03 18:27:09'),
(6, 'VARUTII', '2022-12-03 18:27:09', '2022-12-03 18:27:09'),
(7, 'COCOSUL DE MUNTE', '2022-12-03 18:27:09', '2022-12-03 18:27:09'),
(8, 'MARMOTELE MAHMURE', '2022-12-03 18:27:09', '2022-12-03 18:27:09'),
(9, 'PRO-PARANG PETROSANI', '2022-12-03 18:27:09', '2022-12-03 18:27:09'),
(10, 'ANONYMUS GALATI', '2022-12-03 18:27:09', '2022-12-03 18:27:09'),
(11, 'CURIOSII BUCURESTI', '2022-12-03 18:27:09', '2022-12-03 18:27:09'),
(12, 'A.E. SOIMII DUNARENI', '2022-12-03 18:27:09', '2022-12-03 18:27:09'),
(13, 'C.T.E. BUILA VANTURARITA', '2022-12-03 18:27:09', '2022-12-03 18:27:09'),
(14, 'PUPA', '2022-12-03 18:27:09', '2022-12-03 18:27:09'),
(15, 'TWIX', '2022-12-03 18:27:09', '2022-12-03 18:27:09'),
(16, 'MDM-AVENTURIERII', '2022-12-03 18:27:09', '2022-12-03 18:27:09'),
(17, 'HAI PE MUNTE IASI', '2022-12-03 18:27:09', '2022-12-03 18:27:09'),
(18, 'ZIMBRUL CARPATIN ARGES', '2022-12-03 18:27:09', '2022-12-03 18:27:09'),
(19, 'JNEPENII', '2022-12-03 18:27:09', '2022-12-03 18:27:09'),
(20, 'ASOCIATIA ECOLOGICA ARCUL CARPATIN', '2022-12-03 18:27:09', '2022-12-03 18:27:09'),
(21, 'ASOCIATIA DRUMETII MONTANE', '2022-12-03 18:27:35', '2022-12-03 18:27:35'),
(22, 'AVENTURA IN NATURA', '2022-12-03 18:27:35', '2022-12-03 18:27:35'),
(23, 'A.T.S.E. HAI-HUI', '2022-12-03 18:27:35', '2022-12-03 18:27:35'),
(24, 'MONTAN CLUB FLOAREA REGINEI V.S.', '2022-12-03 18:27:35', '2022-12-03 18:27:35');

--
-- Truncate table before insert `cultural`
--

TRUNCATE TABLE `cultural`;
--
-- Truncate table before insert `knowledges`
--

TRUNCATE TABLE `knowledges`;
--
-- Dumping data for table `knowledges`
--

INSERT INTO `knowledges` (`id`, `team_id`, `wrong_answers`, `time`, `scor`, `abandon`, `wrong_questions`, `created_at`, `updated_at`) VALUES
(1, 31, 1, '00:02:10', 280, 0, '3', '2022-12-03 19:24:20', '2022-12-03 19:24:20'),
(2, 7, 1, '00:01:33', 280, 0, '8', '2022-12-03 19:24:37', '2022-12-03 19:24:37'),
(3, 21, 8, '00:04:21', 140, 0, '1,2,3,6,7,10,11,15', '2022-12-03 19:24:54', '2022-12-03 19:24:54'),
(4, 10, 2, '00:01:02', 260, 0, '4,12', '2022-12-03 19:25:15', '2022-12-03 19:25:15'),
(5, 17, 2, '00:01:24', 260, 0, '2,4', '2022-12-03 19:25:31', '2022-12-03 19:25:31'),
(6, 15, 1, '00:02:04', 280, 0, '2', '2022-12-03 19:25:45', '2022-12-03 19:25:45'),
(7, 14, 10, '00:04:14', 100, 0, '1,2,3,4,5,6,7,8,11,12', '2022-12-03 19:26:01', '2022-12-03 19:26:01'),
(8, 19, 1, '00:02:39', 280, 0, '2', '2022-12-03 19:26:19', '2022-12-03 19:26:19'),
(9, 20, 9, '00:03:34', 120, 0, '1,2,3,4,5,8,10,12,14', '2022-12-03 19:26:36', '2022-12-03 19:26:36'),
(10, 22, 0, '00:02:40', 300, 0, '0', '2022-12-03 19:27:09', '2022-12-03 19:27:09'),
(11, 24, 0, '00:01:33', 300, 0, '0', '2022-12-03 19:27:26', '2022-12-03 19:27:26'),
(12, 11, 5, '00:03:48', 200, 0, '1,4,7,11,14', '2022-12-03 19:27:40', '2022-12-03 19:27:40'),
(13, 13, 0, '00:04:04', 300, 0, '0', '2022-12-03 19:27:51', '2022-12-03 19:27:51'),
(14, 8, 0, '00:02:11', 300, 0, '0', '2022-12-03 19:28:01', '2022-12-03 19:28:01'),
(15, 9, 2, '00:02:56', 260, 0, '5,13', '2022-12-03 19:28:16', '2022-12-03 19:28:16'),
(16, 29, 1, '00:01:13', 280, 0, '1', '2022-12-03 19:28:29', '2022-12-03 19:28:29'),
(17, 16, 3, '00:01:53', 240, 0, '4,11,12', '2022-12-03 19:28:43', '2022-12-03 19:28:43'),
(18, 2, 3, '00:02:28', 240, 0, '4,8,9', '2022-12-03 19:28:59', '2022-12-03 19:28:59'),
(19, 32, 2, '00:04:09', 260, 0, '2,5', '2022-12-03 19:29:36', '2022-12-03 19:29:36'),
(20, 1, 0, '00:02:01', 300, 0, '0', '2022-12-03 19:29:45', '2022-12-04 17:28:16'),
(21, 12, 1, '00:01:40', 280, 0, '12', '2022-12-03 19:29:55', '2022-12-03 19:30:18'),
(22, 23, 0, '00:01:52', 300, 0, '0', '2022-12-03 19:30:08', '2022-12-03 19:30:08'),
(23, 18, 1, '00:02:47', 280, 0, '3', '2022-12-03 19:30:32', '2022-12-03 19:30:32'),
(24, 6, 0, '00:01:44', 300, 0, '0', '2022-12-03 19:30:43', '2022-12-03 19:30:43'),
(25, 25, 0, '00:00:00', 0, 1, '0', '2022-12-03 19:30:54', '2022-12-03 19:30:54'),
(26, 4, 0, '00:00:00', 0, 1, '0', '2022-12-03 19:31:00', '2022-12-03 19:31:00'),
(27, 28, 0, '00:00:00', 0, 1, '0', '2022-12-03 19:31:07', '2022-12-03 19:31:07'),
(28, 5, 0, '00:00:00', 0, 1, '0', '2022-12-03 19:31:14', '2022-12-03 19:31:14'),
(29, 3, 0, '00:00:00', 0, 1, '0', '2022-12-03 19:31:22', '2022-12-03 19:31:22'),
(30, 27, 0, '00:00:00', 0, 1, '0', '2022-12-03 19:31:31', '2022-12-03 19:31:31'),
(31, 30, 0, '00:00:00', 0, 2, '0', '2022-12-03 19:31:40', '2022-12-03 19:50:09'),
(32, 63, 0, '00:01:43', 300, 0, '0', '2022-12-16 16:39:54', '2022-12-16 16:39:54'),
(33, 64, 2, '00:01:18', 260, 0, '8,12', '2022-12-16 16:40:12', '2022-12-16 16:40:12'),
(34, 70, 2, '00:01:48', 260, 0, '2,7', '2022-12-16 17:44:16', '2022-12-16 17:44:16'),
(35, 74, 4, '00:01:49', 220, 0, '7,10,11,13', '2022-12-16 17:45:06', '2022-12-16 17:45:06'),
(36, 71, 2, '00:01:31', 260, 0, '8,10', '2022-12-16 17:45:27', '2022-12-16 17:45:27'),
(37, 76, 0, '00:01:10', 300, 0, '0', '2022-12-16 17:46:25', '2022-12-16 17:46:25'),
(38, 67, 0, '00:01:11', 300, 0, '0', '2022-12-16 17:47:03', '2022-12-16 17:47:03'),
(39, 72, 0, '00:01:02', 300, 0, '0', '2022-12-16 17:47:16', '2022-12-16 17:47:16'),
(40, 73, 1, '00:01:02', 280, 0, '8', '2022-12-16 17:47:41', '2022-12-16 17:47:41'),
(41, 75, 2, '00:02:03', 260, 0, '8,11', '2022-12-16 17:47:58', '2022-12-16 17:47:58'),
(42, 68, 2, '00:01:55', 260, 0, '7,15', '2022-12-16 17:48:16', '2022-12-16 17:48:16'),
(43, 69, 0, '00:01:28', 300, 0, '0', '2022-12-16 17:48:31', '2022-12-16 17:48:31'),
(44, 79, 1, '00:01:46', 280, 0, '6', '2022-12-16 18:39:05', '2022-12-16 18:39:14'),
(45, 81, 1, '00:01:26', 280, 0, '10', '2022-12-16 18:39:30', '2022-12-16 18:39:30'),
(46, 77, 2, '00:02:34', 260, 0, '3,13', '2022-12-16 18:39:45', '2022-12-16 18:39:45'),
(47, 80, 0, '00:02:46', 300, 0, '0', '2022-12-16 18:39:56', '2022-12-16 18:39:56'),
(48, 78, 2, '00:02:31', 260, 0, '6,7', '2022-12-16 18:40:10', '2022-12-16 18:40:10'),
(49, 85, 3, '00:01:26', 240, 0, '2,7,8', '2022-12-16 18:53:54', '2022-12-16 18:53:54'),
(50, 83, 1, '00:02:45', 280, 0, '10', '2022-12-16 18:54:08', '2022-12-16 18:54:08'),
(51, 82, 0, '00:01:38', 300, 0, '0', '2022-12-16 18:54:21', '2022-12-16 18:54:21'),
(52, 87, 3, '00:01:25', 240, 0, '7,8,12', '2022-12-16 18:54:36', '2022-12-16 18:54:36'),
(53, 86, 0, '00:01:15', 300, 0, '0', '2022-12-16 18:54:46', '2022-12-16 18:54:46'),
(54, 84, 0, '00:01:29', 300, 0, '0', '2022-12-16 18:54:58', '2022-12-16 18:54:58'),
(55, 88, 1, '00:01:51', 280, 0, '4', '2022-12-16 19:06:48', '2022-12-16 19:06:48'),
(56, 89, 1, '00:01:54', 280, 0, '13', '2022-12-16 19:07:10', '2022-12-16 19:07:10'),
(57, 90, 1, '00:02:17', 280, 0, '7', '2022-12-16 19:07:25', '2022-12-16 19:07:25'),
(58, 91, 1, '00:03:26', 280, 0, '8', '2022-12-16 19:07:42', '2022-12-16 19:07:42'),
(59, 92, 0, '00:01:42', 300, 0, '0', '2022-12-16 19:07:52', '2022-12-16 19:07:52'),
(60, 93, 3, '00:01:58', 240, 0, '4,7,15', '2022-12-16 19:08:09', '2022-12-16 19:08:09'),
(61, 47, 2, '00:01:12', 260, 0, '2', '2022-12-16 19:17:33', '2022-12-16 19:17:33'),
(62, 62, 6, '00:02:22', 180, 0, '2,3,4,5,8,15', '2022-12-16 19:17:48', '2022-12-16 19:17:48'),
(63, 39, 0, '00:01:17', 300, 0, '0', '2022-12-16 19:18:04', '2022-12-16 19:18:04'),
(64, 34, 5, '00:03:02', 200, 0, '2,3,4,8,12', '2022-12-16 19:18:22', '2022-12-16 19:18:22'),
(65, 60, 2, '00:01:56', 260, 0, '8,12', '2022-12-16 19:18:35', '2022-12-16 19:18:35'),
(66, 44, 0, '00:01:52', 300, 0, '0', '2022-12-16 19:18:49', '2022-12-16 19:18:49'),
(67, 58, 6, '00:01:52', 180, 0, '5,6,7,8,10,14', '2022-12-16 19:19:06', '2022-12-16 19:19:06'),
(68, 33, 2, '00:02:15', 260, 0, '2,4', '2022-12-16 19:19:19', '2022-12-16 19:19:19'),
(69, 55, 3, '00:02:06', 240, 0, '3,8,15', '2022-12-16 19:19:35', '2022-12-16 19:19:35'),
(70, 51, 0, '00:01:34', 300, 0, '0', '2022-12-16 19:19:51', '2022-12-16 19:19:51'),
(71, 40, 1, '00:01:46', 280, 0, '11', '2022-12-16 19:20:23', '2022-12-16 19:20:23'),
(72, 41, 0, '00:01:41', 300, 0, '0', '2022-12-16 19:20:36', '2022-12-16 19:20:36'),
(73, 38, 2, '00:01:31', 260, 0, '1,4', '2022-12-16 19:20:51', '2022-12-16 19:20:51'),
(74, 56, 0, '00:02:36', 300, 0, '0', '2022-12-16 19:21:02', '2022-12-16 19:21:02'),
(75, 46, 2, '00:01:15', 260, 0, '4,12', '2022-12-16 19:21:17', '2022-12-16 19:21:17'),
(76, 45, 1, '00:02:44', 280, 0, '2', '2022-12-16 19:21:45', '2022-12-16 19:21:45'),
(77, 35, 0, '00:01:16', 300, 0, '0', '2022-12-16 19:22:02', '2022-12-16 19:22:02'),
(78, 43, 0, '00:01:32', 300, 0, '0', '2022-12-16 19:22:21', '2022-12-16 19:22:21'),
(79, 54, 0, '00:01:32', 300, 0, '0', '2022-12-16 19:22:35', '2022-12-16 19:22:35'),
(80, 50, 0, '00:01:19', 300, 0, '0', '2022-12-16 19:22:49', '2022-12-16 19:22:49'),
(81, 36, 1, '00:01:51', 280, 0, '15', '2022-12-16 19:23:16', '2022-12-16 19:23:16'),
(82, 48, 0, '00:00:00', 0, 1, '0', '2022-12-16 19:23:32', '2022-12-16 19:23:32'),
(83, 61, 6, '00:03:17', 180, 0, '6,7,8,10,11,12', '2022-12-16 19:23:59', '2022-12-16 19:23:59'),
(84, 59, 1, '00:01:35', 280, 0, '12', '2022-12-16 19:24:16', '2022-12-16 19:24:16'),
(85, 57, 0, '00:01:37', 300, 0, '0', '2022-12-16 19:24:34', '2022-12-16 19:24:34'),
(86, 49, 0, '00:01:08', 300, 0, '0', '2022-12-16 19:24:48', '2022-12-16 19:24:48'),
(87, 52, 1, '00:01:31', 280, 0, '3', '2022-12-16 19:25:07', '2022-12-16 19:25:07'),
(88, 53, 2, '00:01:14', 260, 0, '1,3', '2022-12-16 19:25:24', '2022-12-16 19:25:24'),
(89, 37, 4, '00:01:28', 220, 0, '2,3,4,12', '2022-12-16 19:25:52', '2022-12-16 19:25:52'),
(90, 42, 0, '00:01:12', 300, 0, '0', '2022-12-16 19:26:06', '2022-12-17 18:30:22');

--
-- Truncate table before insert `organizer_stages`
--

TRUNCATE TABLE `organizer_stages`;
--
-- Dumping data for table `organizer_stages`
--

INSERT INTO `organizer_stages` (`id`, `name_stage`, `name_organizer`, `stage_number`, `software`, `created_at`, `updated_at`) VALUES
(1, 'Trofeul Demo 1', 'Asociatia Demo 1', 4, 'Software Stafeta Muntilor v4.1.2 by Asociatia Drumetii Montane', '2022-10-29 13:33:26', '2022-11-06 17:48:20');

--
-- Truncate table before insert `orienteering`
--

TRUNCATE TABLE `orienteering`;
--
-- Dumping data for table `orienteering`
--

INSERT INTO `orienteering` (`id`, `team_id`, `start_time`, `finish_time`, `total_time`, `abandon`, `missed_posts`, `order_posts`, `created_at`, `updated_at`) VALUES
(1, 10, '11:08:55', '11:26:18', '00:17:23', 0, '', '[{\"post\":\"251\",\"time\":\"1672484935\"},{\"post\":\"10\",\"time\":\"1672484995\"},{\"post\":\"15\",\"time\":\"1672484995\"},{\"post\":\"18\",\"time\":\"1672484995\"},{\"post\":\"11\",\"time\":\"1672484995\"},{\"post\":\"22\",\"time\":\"1672484995\"},{\"post\":\"35\",\"time\":\"1672484995\"},{\"post\":\"38\",\"time\":\"1672484995\"},{\"post\":\"45\",\"time\":\"1672484995\"},{\"post\":\"60\",\"time\":\"1672484995\"},{\"post\":\"65\",\"time\":\"1672484995\"},{\"post\":\"252\",\"time\":\"1672485978\"}]', '2022-12-03 20:27:47', '2022-12-03 20:27:47'),
(2, 18, '10:01:31', '10:27:28', '00:25:57', 2, '100,31,67,33,45,101,19,20,60,22,252', '[{\"post\":\"251\",\"time\":\"1658565620\"},{\"post\":\"31\",\"time\":\"1658565699\"},{\"post\":\"100\",\"time\":\"1658566366\"},{\"post\":\"31\",\"time\":\"1658566415\"},{\"post\":\"67\",\"time\":\"1658566464\"},{\"post\":\"33\",\"time\":\"1658566520\"},{\"post\":\"45\",\"time\":\"1658566592\"},{\"post\":\"101\",\"time\":\"1658566677\"},{\"post\":\"19\",\"time\":\"1658566743\"},{\"post\":\"20\",\"time\":\"1658566817\"},{\"post\":\"60\",\"time\":\"1658566855\"},{\"post\":\"22\",\"time\":\"1658566902\"},{\"post\":\"252\",\"time\":\"1658566950\"}]', '2022-12-03 20:28:11', '2022-12-04 05:47:05'),
(3, 11, '00:00:00', '00:00:00', '00:00:00', 1, NULL, '[{\"post\":\"251\",\"time\":\"1658565620\"},{\"post\":\"31\",\"time\":\"1658565699\"},{\"post\":\"100\",\"time\":\"1658566366\"},{\"post\":\"31\",\"time\":\"1658566415\"},{\"post\":\"67\",\"time\":\"1658566464\"},{\"post\":\"33\",\"time\":\"1658566520\"},{\"post\":\"45\",\"time\":\"1658566592\"},{\"post\":\"101\",\"time\":\"1658566677\"},{\"post\":\"19\",\"time\":\"1658566743\"},{\"post\":\"20\",\"time\":\"1658566817\"},{\"post\":\"60\",\"time\":\"1658566855\"},{\"post\":\"22\",\"time\":\"1658566902\"},{\"post\":\"252\",\"time\":\"1658566950\"}]', '2022-12-03 20:28:33', '2022-12-03 20:28:33'),
(4, 2, '10:29:23', '11:03:47', '00:34:24', 2, '100,31,67,33,45,101,19,20,60,22,252', '[{\"post\":\"251\",\"time\":\"1658565620\"},{\"post\":\"31\",\"time\":\"1658565699\"},{\"post\":\"100\",\"time\":\"1658566366\"},{\"post\":\"31\",\"time\":\"1658566415\"},{\"post\":\"67\",\"time\":\"1658566464\"},{\"post\":\"33\",\"time\":\"1658566520\"},{\"post\":\"45\",\"time\":\"1658566592\"},{\"post\":\"101\",\"time\":\"1658566677\"},{\"post\":\"19\",\"time\":\"1658566743\"},{\"post\":\"20\",\"time\":\"1658566817\"},{\"post\":\"60\",\"time\":\"1658566855\"},{\"post\":\"22\",\"time\":\"1658566902\"},{\"post\":\"252\",\"time\":\"1658566950\"}]', '2022-12-03 20:28:54', '2022-12-04 05:46:47'),
(5, 7, '11:11:13', '11:44:48', '00:33:35', 0, '', '[{\"post\":\"251\",\"time\":\"1672485073\"},{\"post\":\"10\",\"time\":\"1672485133\"},{\"post\":\"15\",\"time\":\"1672485133\"},{\"post\":\"18\",\"time\":\"1672485133\"},{\"post\":\"11\",\"time\":\"1672485133\"},{\"post\":\"22\",\"time\":\"1672485133\"},{\"post\":\"35\",\"time\":\"1672485133\"},{\"post\":\"38\",\"time\":\"1672485133\"},{\"post\":\"45\",\"time\":\"1672485133\"},{\"post\":\"60\",\"time\":\"1672485133\"},{\"post\":\"65\",\"time\":\"1672485133\"},{\"post\":\"252\",\"time\":\"1672487088\"}]', '2022-12-03 20:29:13', '2022-12-03 20:29:13'),
(6, 5, '11:11:15', '11:48:10', '00:36:55', 0, '', '[{\"post\":\"251\",\"time\":\"1672485075\"},{\"post\":\"10\",\"time\":\"1672485135\"},{\"post\":\"15\",\"time\":\"1672485135\"},{\"post\":\"18\",\"time\":\"1672485135\"},{\"post\":\"11\",\"time\":\"1672485135\"},{\"post\":\"22\",\"time\":\"1672485135\"},{\"post\":\"35\",\"time\":\"1672485135\"},{\"post\":\"38\",\"time\":\"1672485135\"},{\"post\":\"45\",\"time\":\"1672485135\"},{\"post\":\"60\",\"time\":\"1672485135\"},{\"post\":\"65\",\"time\":\"1672485135\"},{\"post\":\"252\",\"time\":\"1672487290\"}]', '2022-12-03 20:29:29', '2022-12-03 20:29:29'),
(7, 9, '10:45:58', '11:06:37', '00:20:39', 0, '', '[{\"post\":\"251\",\"time\":\"1672483558\"},{\"post\":\"10\",\"time\":\"1672483618\"},{\"post\":\"15\",\"time\":\"1672483618\"},{\"post\":\"18\",\"time\":\"1672483618\"},{\"post\":\"11\",\"time\":\"1672483618\"},{\"post\":\"22\",\"time\":\"1672483618\"},{\"post\":\"35\",\"time\":\"1672483618\"},{\"post\":\"38\",\"time\":\"1672483618\"},{\"post\":\"45\",\"time\":\"1672483618\"},{\"post\":\"60\",\"time\":\"1672483618\"},{\"post\":\"65\",\"time\":\"1672483618\"},{\"post\":\"252\",\"time\":\"1672484797\"}]', '2022-12-03 20:29:49', '2022-12-03 20:29:49'),
(8, 1, '10:21:17', '10:58:30', '00:37:13', 2, '31,67,33,45,101,19,20,60,22,252', '[{\"post\":\"251\",\"time\":\"1658565620\"},{\"post\":\"31\",\"time\":\"1658565699\"},{\"post\":\"100\",\"time\":\"1658566366\"},{\"post\":\"31\",\"time\":\"1658566415\"},{\"post\":\"67\",\"time\":\"1658566464\"},{\"post\":\"33\",\"time\":\"1658566520\"},{\"post\":\"45\",\"time\":\"1658566592\"},{\"post\":\"101\",\"time\":\"1658566677\"},{\"post\":\"19\",\"time\":\"1658566743\"},{\"post\":\"20\",\"time\":\"1658566817\"},{\"post\":\"60\",\"time\":\"1658566855\"},{\"post\":\"22\",\"time\":\"1658566902\"},{\"post\":\"252\",\"time\":\"1658566950\"}]', '2022-12-03 20:30:07', '2022-12-04 05:46:36'),
(9, 6, '09:29:47', '09:55:06', '00:25:19', 0, '', '[{\"post\":\"251\",\"time\":\"1672478987\"},{\"post\":\"10\",\"time\":\"1672479047\"},{\"post\":\"15\",\"time\":\"1672479047\"},{\"post\":\"18\",\"time\":\"1672479047\"},{\"post\":\"11\",\"time\":\"1672479047\"},{\"post\":\"22\",\"time\":\"1672479047\"},{\"post\":\"35\",\"time\":\"1672479047\"},{\"post\":\"38\",\"time\":\"1672479047\"},{\"post\":\"45\",\"time\":\"1672479047\"},{\"post\":\"60\",\"time\":\"1672479047\"},{\"post\":\"65\",\"time\":\"1672479047\"},{\"post\":\"252\",\"time\":\"1672480506\"}]', '2022-12-03 20:30:21', '2022-12-03 20:30:21'),
(10, 8, '11:07:16', '11:25:19', '00:18:03', 2, '100,31,67,33,45,101,19,20,60,22,252', '[{\"post\":\"251\",\"time\":\"1658565620\"},{\"post\":\"31\",\"time\":\"1658565699\"},{\"post\":\"100\",\"time\":\"1658566366\"},{\"post\":\"31\",\"time\":\"1658566415\"},{\"post\":\"67\",\"time\":\"1658566464\"},{\"post\":\"33\",\"time\":\"1658566520\"},{\"post\":\"45\",\"time\":\"1658566592\"},{\"post\":\"101\",\"time\":\"1658566677\"},{\"post\":\"19\",\"time\":\"1658566743\"},{\"post\":\"20\",\"time\":\"1658566817\"},{\"post\":\"60\",\"time\":\"1658566855\"},{\"post\":\"22\",\"time\":\"1658566902\"},{\"post\":\"252\",\"time\":\"1658566950\"}]', '2022-12-03 20:30:36', '2022-12-04 06:30:57'),
(11, 23, '10:02:58', '10:27:56', '00:24:58', 0, '', '[{\"post\":\"251\",\"time\":\"1672480978\"},{\"post\":\"10\",\"time\":\"1672481038\"},{\"post\":\"15\",\"time\":\"1672481038\"},{\"post\":\"18\",\"time\":\"1672481038\"},{\"post\":\"11\",\"time\":\"1672481038\"},{\"post\":\"22\",\"time\":\"1672481038\"},{\"post\":\"35\",\"time\":\"1672481038\"},{\"post\":\"38\",\"time\":\"1672481038\"},{\"post\":\"45\",\"time\":\"1672481038\"},{\"post\":\"60\",\"time\":\"1672481038\"},{\"post\":\"65\",\"time\":\"1672481038\"},{\"post\":\"252\",\"time\":\"1672482476\"}]', '2022-12-03 20:30:53', '2022-12-03 20:30:53'),
(12, 21, '10:58:18', '11:24:14', '00:25:56', 0, '', '[{\"post\":\"251\",\"time\":\"1672484298\"},{\"post\":\"10\",\"time\":\"1672484358\"},{\"post\":\"15\",\"time\":\"1672484358\"},{\"post\":\"18\",\"time\":\"1672484358\"},{\"post\":\"11\",\"time\":\"1672484358\"},{\"post\":\"22\",\"time\":\"1672484358\"},{\"post\":\"35\",\"time\":\"1672484358\"},{\"post\":\"38\",\"time\":\"1672484358\"},{\"post\":\"45\",\"time\":\"1672484358\"},{\"post\":\"60\",\"time\":\"1672484358\"},{\"post\":\"65\",\"time\":\"1672484358\"},{\"post\":\"252\",\"time\":\"1672485854\"}]', '2022-12-03 20:31:07', '2022-12-03 20:31:07'),
(13, 20, '10:56:55', '11:24:41', '00:27:46', 0, '', '[{\"post\":\"251\",\"time\":\"1672484215\"},{\"post\":\"10\",\"time\":\"1672484275\"},{\"post\":\"15\",\"time\":\"1672484275\"},{\"post\":\"18\",\"time\":\"1672484275\"},{\"post\":\"11\",\"time\":\"1672484275\"},{\"post\":\"22\",\"time\":\"1672484275\"},{\"post\":\"35\",\"time\":\"1672484275\"},{\"post\":\"38\",\"time\":\"1672484275\"},{\"post\":\"45\",\"time\":\"1672484275\"},{\"post\":\"60\",\"time\":\"1672484275\"},{\"post\":\"65\",\"time\":\"1672484275\"},{\"post\":\"252\",\"time\":\"1672485881\"}]', '2022-12-03 20:31:21', '2022-12-03 20:31:21'),
(14, 12, '10:09:53', '10:38:11', '00:28:18', 0, '', '[{\"post\":\"251\",\"time\":\"1672481393\"},{\"post\":\"10\",\"time\":\"1672481453\"},{\"post\":\"15\",\"time\":\"1672481453\"},{\"post\":\"18\",\"time\":\"1672481453\"},{\"post\":\"11\",\"time\":\"1672481453\"},{\"post\":\"22\",\"time\":\"1672481453\"},{\"post\":\"35\",\"time\":\"1672481453\"},{\"post\":\"38\",\"time\":\"1672481453\"},{\"post\":\"45\",\"time\":\"1672481453\"},{\"post\":\"60\",\"time\":\"1672481453\"},{\"post\":\"65\",\"time\":\"1672481453\"},{\"post\":\"252\",\"time\":\"1672483091\"}]', '2022-12-03 20:31:44', '2022-12-03 20:31:44'),
(15, 13, '00:00:00', '00:00:00', '00:00:00', 1, NULL, '[{\"post\":\"251\",\"time\":\"1658565620\"},{\"post\":\"31\",\"time\":\"1658565699\"},{\"post\":\"100\",\"time\":\"1658566366\"},{\"post\":\"31\",\"time\":\"1658566415\"},{\"post\":\"67\",\"time\":\"1658566464\"},{\"post\":\"33\",\"time\":\"1658566520\"},{\"post\":\"45\",\"time\":\"1658566592\"},{\"post\":\"101\",\"time\":\"1658566677\"},{\"post\":\"19\",\"time\":\"1658566743\"},{\"post\":\"20\",\"time\":\"1658566817\"},{\"post\":\"60\",\"time\":\"1658566855\"},{\"post\":\"22\",\"time\":\"1658566902\"},{\"post\":\"252\",\"time\":\"1658566950\"}]', '2022-12-03 20:31:54', '2022-12-03 20:31:54'),
(16, 16, '10:25:01', '10:41:10', '00:16:09', 0, '', '[{\"post\":\"251\",\"time\":\"1672482301\"},{\"post\":\"10\",\"time\":\"1672482361\"},{\"post\":\"15\",\"time\":\"1672482361\"},{\"post\":\"18\",\"time\":\"1672482361\"},{\"post\":\"11\",\"time\":\"1672482361\"},{\"post\":\"22\",\"time\":\"1672482361\"},{\"post\":\"35\",\"time\":\"1672482361\"},{\"post\":\"38\",\"time\":\"1672482361\"},{\"post\":\"45\",\"time\":\"1672482361\"},{\"post\":\"60\",\"time\":\"1672482361\"},{\"post\":\"65\",\"time\":\"1672482361\"},{\"post\":\"252\",\"time\":\"1672483270\"}]', '2022-12-03 20:32:08', '2022-12-16 19:37:28'),
(17, 19, '11:01:56', '11:26:17', '00:24:21', 0, '', '[{\"post\":\"251\",\"time\":\"1672484516\"},{\"post\":\"10\",\"time\":\"1672484576\"},{\"post\":\"15\",\"time\":\"1672484576\"},{\"post\":\"18\",\"time\":\"1672484576\"},{\"post\":\"11\",\"time\":\"1672484576\"},{\"post\":\"22\",\"time\":\"1672484576\"},{\"post\":\"35\",\"time\":\"1672484576\"},{\"post\":\"38\",\"time\":\"1672484576\"},{\"post\":\"45\",\"time\":\"1672484576\"},{\"post\":\"60\",\"time\":\"1672484576\"},{\"post\":\"65\",\"time\":\"1672484576\"},{\"post\":\"252\",\"time\":\"1672485977\"}]', '2022-12-03 20:32:25', '2022-12-03 20:32:25'),
(18, 15, '11:00:53', '11:25:31', '00:24:38', 0, '', '[{\"post\":\"251\",\"time\":\"1672484453\"},{\"post\":\"10\",\"time\":\"1672484513\"},{\"post\":\"15\",\"time\":\"1672484513\"},{\"post\":\"18\",\"time\":\"1672484513\"},{\"post\":\"11\",\"time\":\"1672484513\"},{\"post\":\"22\",\"time\":\"1672484513\"},{\"post\":\"35\",\"time\":\"1672484513\"},{\"post\":\"38\",\"time\":\"1672484513\"},{\"post\":\"45\",\"time\":\"1672484513\"},{\"post\":\"60\",\"time\":\"1672484513\"},{\"post\":\"65\",\"time\":\"1672484513\"},{\"post\":\"252\",\"time\":\"1672485931\"}]', '2022-12-03 20:32:40', '2022-12-03 20:32:40'),
(19, 17, '11:05:52', '11:26:39', '00:20:47', 0, '', '[{\"post\":\"251\",\"time\":\"1672484752\"},{\"post\":\"10\",\"time\":\"1672484812\"},{\"post\":\"15\",\"time\":\"1672484812\"},{\"post\":\"18\",\"time\":\"1672484812\"},{\"post\":\"11\",\"time\":\"1672484812\"},{\"post\":\"22\",\"time\":\"1672484812\"},{\"post\":\"35\",\"time\":\"1672484812\"},{\"post\":\"38\",\"time\":\"1672484812\"},{\"post\":\"45\",\"time\":\"1672484812\"},{\"post\":\"60\",\"time\":\"1672484812\"},{\"post\":\"65\",\"time\":\"1672484812\"},{\"post\":\"252\",\"time\":\"1672485999\"}]', '2022-12-03 20:32:54', '2022-12-03 20:32:54'),
(20, 14, '11:04:40', '11:26:43', '00:22:03', 2, '100,31,67,33,45,101,19,20,60,22,252', '[{\"post\":\"251\",\"time\":\"1658565620\"},{\"post\":\"31\",\"time\":\"1658565699\"},{\"post\":\"100\",\"time\":\"1658566366\"},{\"post\":\"31\",\"time\":\"1658566415\"},{\"post\":\"67\",\"time\":\"1658566464\"},{\"post\":\"33\",\"time\":\"1658566520\"},{\"post\":\"45\",\"time\":\"1658566592\"},{\"post\":\"101\",\"time\":\"1658566677\"},{\"post\":\"19\",\"time\":\"1658566743\"},{\"post\":\"20\",\"time\":\"1658566817\"},{\"post\":\"60\",\"time\":\"1658566855\"},{\"post\":\"22\",\"time\":\"1658566902\"},{\"post\":\"252\",\"time\":\"1658566950\"}]', '2022-12-03 20:33:49', '2022-12-04 05:47:00'),
(21, 29, '10:44:03', '10:59:26', '00:15:23', 2, '31,67,33,45,101,19,20,60,22,252', '[{\"post\":\"251\",\"time\":\"1658565620\"},{\"post\":\"31\",\"time\":\"1658565699\"},{\"post\":\"100\",\"time\":\"1658566366\"},{\"post\":\"31\",\"time\":\"1658566415\"},{\"post\":\"67\",\"time\":\"1658566464\"},{\"post\":\"33\",\"time\":\"1658566520\"},{\"post\":\"45\",\"time\":\"1658566592\"},{\"post\":\"101\",\"time\":\"1658566677\"},{\"post\":\"19\",\"time\":\"1658566743\"},{\"post\":\"20\",\"time\":\"1658566817\"},{\"post\":\"60\",\"time\":\"1658566855\"},{\"post\":\"22\",\"time\":\"1658566902\"},{\"post\":\"252\",\"time\":\"1658566950\"}]', '2022-12-03 20:34:13', '2022-12-04 05:47:18'),
(22, 24, '10:33:26', '10:55:12', '00:21:46', 0, '', '[{\"post\":\"251\",\"time\":\"1672482806\"},{\"post\":\"10\",\"time\":\"1672482866\"},{\"post\":\"15\",\"time\":\"1672482866\"},{\"post\":\"18\",\"time\":\"1672482866\"},{\"post\":\"11\",\"time\":\"1672482866\"},{\"post\":\"22\",\"time\":\"1672482866\"},{\"post\":\"35\",\"time\":\"1672482866\"},{\"post\":\"38\",\"time\":\"1672482866\"},{\"post\":\"45\",\"time\":\"1672482866\"},{\"post\":\"60\",\"time\":\"1672482866\"},{\"post\":\"65\",\"time\":\"1672482866\"},{\"post\":\"252\",\"time\":\"1672484112\"}]', '2022-12-03 20:34:40', '2022-12-03 20:34:40'),
(23, 28, '00:00:00', '00:00:00', '00:00:00', 1, NULL, '[{\"post\":\"251\",\"time\":\"1658565620\"},{\"post\":\"31\",\"time\":\"1658565699\"},{\"post\":\"100\",\"time\":\"1658566366\"},{\"post\":\"31\",\"time\":\"1658566415\"},{\"post\":\"67\",\"time\":\"1658566464\"},{\"post\":\"33\",\"time\":\"1658566520\"},{\"post\":\"45\",\"time\":\"1658566592\"},{\"post\":\"101\",\"time\":\"1658566677\"},{\"post\":\"19\",\"time\":\"1658566743\"},{\"post\":\"20\",\"time\":\"1658566817\"},{\"post\":\"60\",\"time\":\"1658566855\"},{\"post\":\"22\",\"time\":\"1658566902\"},{\"post\":\"252\",\"time\":\"1658566950\"}]', '2022-12-03 20:34:53', '2022-12-03 20:34:53'),
(24, 32, '10:48:51', '11:07:40', '00:18:49', 0, '', '[{\"post\":\"251\",\"time\":\"1672483731\"},{\"post\":\"10\",\"time\":\"1672483791\"},{\"post\":\"15\",\"time\":\"1672483791\"},{\"post\":\"18\",\"time\":\"1672483791\"},{\"post\":\"11\",\"time\":\"1672483791\"},{\"post\":\"22\",\"time\":\"1672483791\"},{\"post\":\"35\",\"time\":\"1672483791\"},{\"post\":\"38\",\"time\":\"1672483791\"},{\"post\":\"45\",\"time\":\"1672483791\"},{\"post\":\"60\",\"time\":\"1672483791\"},{\"post\":\"65\",\"time\":\"1672483791\"},{\"post\":\"252\",\"time\":\"1672484860\"}]', '2022-12-03 20:35:09', '2022-12-03 20:35:09'),
(25, 27, '00:00:00', '00:00:00', '00:00:00', 1, NULL, '[{\"post\":\"251\",\"time\":\"1658565620\"},{\"post\":\"31\",\"time\":\"1658565699\"},{\"post\":\"100\",\"time\":\"1658566366\"},{\"post\":\"31\",\"time\":\"1658566415\"},{\"post\":\"67\",\"time\":\"1658566464\"},{\"post\":\"33\",\"time\":\"1658566520\"},{\"post\":\"45\",\"time\":\"1658566592\"},{\"post\":\"101\",\"time\":\"1658566677\"},{\"post\":\"19\",\"time\":\"1658566743\"},{\"post\":\"20\",\"time\":\"1658566817\"},{\"post\":\"60\",\"time\":\"1658566855\"},{\"post\":\"22\",\"time\":\"1658566902\"},{\"post\":\"252\",\"time\":\"1658566950\"}]', '2022-12-03 20:35:21', '2022-12-03 20:35:21'),
(26, 30, '00:00:00', '00:00:00', '00:00:00', 1, NULL, '[{\"post\":\"251\",\"time\":\"1658565620\"},{\"post\":\"31\",\"time\":\"1658565699\"},{\"post\":\"100\",\"time\":\"1658566366\"},{\"post\":\"31\",\"time\":\"1658566415\"},{\"post\":\"67\",\"time\":\"1658566464\"},{\"post\":\"33\",\"time\":\"1658566520\"},{\"post\":\"45\",\"time\":\"1658566592\"},{\"post\":\"101\",\"time\":\"1658566677\"},{\"post\":\"19\",\"time\":\"1658566743\"},{\"post\":\"20\",\"time\":\"1658566817\"},{\"post\":\"60\",\"time\":\"1658566855\"},{\"post\":\"22\",\"time\":\"1658566902\"},{\"post\":\"252\",\"time\":\"1658566950\"}]', '2022-12-03 20:35:29', '2022-12-03 20:35:29'),
(27, 25, '00:00:00', '00:00:00', '00:00:00', 1, NULL, '[{\"post\":\"251\",\"time\":\"1658565620\"},{\"post\":\"31\",\"time\":\"1658565699\"},{\"post\":\"100\",\"time\":\"1658566366\"},{\"post\":\"31\",\"time\":\"1658566415\"},{\"post\":\"67\",\"time\":\"1658566464\"},{\"post\":\"33\",\"time\":\"1658566520\"},{\"post\":\"45\",\"time\":\"1658566592\"},{\"post\":\"101\",\"time\":\"1658566677\"},{\"post\":\"19\",\"time\":\"1658566743\"},{\"post\":\"20\",\"time\":\"1658566817\"},{\"post\":\"60\",\"time\":\"1658566855\"},{\"post\":\"22\",\"time\":\"1658566902\"},{\"post\":\"252\",\"time\":\"1658566950\"}]', '2022-12-03 20:35:36', '2022-12-03 20:35:36'),
(28, 22, '10:42:34', '10:56:40', '00:14:06', 0, '', '[{\"post\":\"251\",\"time\":\"1672483354\"},{\"post\":\"10\",\"time\":\"1672483414\"},{\"post\":\"15\",\"time\":\"1672483414\"},{\"post\":\"18\",\"time\":\"1672483414\"},{\"post\":\"11\",\"time\":\"1672483414\"},{\"post\":\"22\",\"time\":\"1672483414\"},{\"post\":\"35\",\"time\":\"1672483414\"},{\"post\":\"38\",\"time\":\"1672483414\"},{\"post\":\"45\",\"time\":\"1672483414\"},{\"post\":\"60\",\"time\":\"1672483414\"},{\"post\":\"65\",\"time\":\"1672483414\"},{\"post\":\"252\",\"time\":\"1672484200\"}]', '2022-12-03 20:35:48', '2022-12-03 20:35:48'),
(29, 4, '00:00:00', '00:00:00', '00:00:00', 1, NULL, '[{\"post\":\"251\",\"time\":\"1658565620\"},{\"post\":\"31\",\"time\":\"1658565699\"},{\"post\":\"100\",\"time\":\"1658566366\"},{\"post\":\"31\",\"time\":\"1658566415\"},{\"post\":\"67\",\"time\":\"1658566464\"},{\"post\":\"33\",\"time\":\"1658566520\"},{\"post\":\"45\",\"time\":\"1658566592\"},{\"post\":\"101\",\"time\":\"1658566677\"},{\"post\":\"19\",\"time\":\"1658566743\"},{\"post\":\"20\",\"time\":\"1658566817\"},{\"post\":\"60\",\"time\":\"1658566855\"},{\"post\":\"22\",\"time\":\"1658566902\"},{\"post\":\"252\",\"time\":\"1658566950\"}]', '2022-12-03 20:35:59', '2022-12-03 20:35:59'),
(30, 3, '00:00:00', '00:00:00', '00:00:00', 1, NULL, '[{\"post\":\"251\",\"time\":\"1658565620\"},{\"post\":\"31\",\"time\":\"1658565699\"},{\"post\":\"100\",\"time\":\"1658566366\"},{\"post\":\"31\",\"time\":\"1658566415\"},{\"post\":\"67\",\"time\":\"1658566464\"},{\"post\":\"33\",\"time\":\"1658566520\"},{\"post\":\"45\",\"time\":\"1658566592\"},{\"post\":\"101\",\"time\":\"1658566677\"},{\"post\":\"19\",\"time\":\"1658566743\"},{\"post\":\"20\",\"time\":\"1658566817\"},{\"post\":\"60\",\"time\":\"1658566855\"},{\"post\":\"22\",\"time\":\"1658566902\"},{\"post\":\"252\",\"time\":\"1658566950\"}]', '2022-12-03 20:36:05', '2022-12-03 20:36:05'),
(31, 31, '10:56:20', '11:25:44', '00:29:24', 0, '', '[{\"post\":\"251\",\"time\":\"1672484180\"},{\"post\":\"10\",\"time\":\"1672484240\"},{\"post\":\"15\",\"time\":\"1672484240\"},{\"post\":\"18\",\"time\":\"1672484240\"},{\"post\":\"11\",\"time\":\"1672484240\"},{\"post\":\"22\",\"time\":\"1672484240\"},{\"post\":\"35\",\"time\":\"1672484240\"},{\"post\":\"38\",\"time\":\"1672484240\"},{\"post\":\"45\",\"time\":\"1672484240\"},{\"post\":\"60\",\"time\":\"1672484240\"},{\"post\":\"65\",\"time\":\"1672484240\"},{\"post\":\"252\",\"time\":\"1672485944\"}]', '2022-12-03 20:36:19', '2022-12-03 20:36:19'),
(32, 63, '10:26:58', '10:37:03', '00:10:05', 0, '', '[{\"post\":\"251\",\"time\":\"1672482418\"},{\"post\":\"10\",\"time\":\"1672482478\"},{\"post\":\"15\",\"time\":\"1672482478\"},{\"post\":\"18\",\"time\":\"1672482478\"},{\"post\":\"11\",\"time\":\"1672482478\"},{\"post\":\"22\",\"time\":\"1672482478\"},{\"post\":\"35\",\"time\":\"1672482478\"},{\"post\":\"38\",\"time\":\"1672482478\"},{\"post\":\"45\",\"time\":\"1672482478\"},{\"post\":\"60\",\"time\":\"1672482478\"},{\"post\":\"65\",\"time\":\"1672482478\"},{\"post\":\"252\",\"time\":\"1672483023\"}]', '2022-12-16 16:40:56', '2022-12-16 16:40:56'),
(33, 64, '08:37:11', '08:50:44', '00:13:33', 0, '', '[{\"post\":\"251\",\"time\":\"1672475831\"},{\"post\":\"10\",\"time\":\"1672475891\"},{\"post\":\"15\",\"time\":\"1672475891\"},{\"post\":\"18\",\"time\":\"1672475891\"},{\"post\":\"11\",\"time\":\"1672475891\"},{\"post\":\"22\",\"time\":\"1672475891\"},{\"post\":\"35\",\"time\":\"1672475891\"},{\"post\":\"38\",\"time\":\"1672475891\"},{\"post\":\"45\",\"time\":\"1672475891\"},{\"post\":\"60\",\"time\":\"1672475891\"},{\"post\":\"65\",\"time\":\"1672475891\"},{\"post\":\"252\",\"time\":\"1672476644\"}]', '2022-12-16 16:41:07', '2022-12-16 16:41:07'),
(34, 75, '09:16:57', '09:28:17', '00:11:20', 0, '', '[{\"post\":\"251\",\"time\":\"1672478217\"},{\"post\":\"10\",\"time\":\"1672478277\"},{\"post\":\"15\",\"time\":\"1672478277\"},{\"post\":\"18\",\"time\":\"1672478277\"},{\"post\":\"11\",\"time\":\"1672478277\"},{\"post\":\"22\",\"time\":\"1672478277\"},{\"post\":\"35\",\"time\":\"1672478277\"},{\"post\":\"38\",\"time\":\"1672478277\"},{\"post\":\"45\",\"time\":\"1672478277\"},{\"post\":\"60\",\"time\":\"1672478277\"},{\"post\":\"65\",\"time\":\"1672478277\"},{\"post\":\"252\",\"time\":\"1672478897\"}]', '2022-12-16 18:26:57', '2022-12-16 18:26:57'),
(35, 74, '08:28:21', '08:50:24', '00:22:03', 0, '', '[{\"post\":\"251\",\"time\":\"1672475301\"},{\"post\":\"10\",\"time\":\"1672475361\"},{\"post\":\"15\",\"time\":\"1672475361\"},{\"post\":\"18\",\"time\":\"1672475361\"},{\"post\":\"11\",\"time\":\"1672475361\"},{\"post\":\"22\",\"time\":\"1672475361\"},{\"post\":\"35\",\"time\":\"1672475361\"},{\"post\":\"38\",\"time\":\"1672475361\"},{\"post\":\"45\",\"time\":\"1672475361\"},{\"post\":\"60\",\"time\":\"1672475361\"},{\"post\":\"65\",\"time\":\"1672475361\"},{\"post\":\"252\",\"time\":\"1672476624\"}]', '2022-12-16 18:27:17', '2022-12-16 18:27:17'),
(36, 76, '09:00:08', '09:12:21', '00:12:13', 0, '', '[{\"post\":\"251\",\"time\":\"1672477208\"},{\"post\":\"10\",\"time\":\"1672477268\"},{\"post\":\"15\",\"time\":\"1672477268\"},{\"post\":\"18\",\"time\":\"1672477268\"},{\"post\":\"11\",\"time\":\"1672477268\"},{\"post\":\"22\",\"time\":\"1672477268\"},{\"post\":\"35\",\"time\":\"1672477268\"},{\"post\":\"38\",\"time\":\"1672477268\"},{\"post\":\"45\",\"time\":\"1672477268\"},{\"post\":\"60\",\"time\":\"1672477268\"},{\"post\":\"65\",\"time\":\"1672477268\"},{\"post\":\"252\",\"time\":\"1672477941\"}]', '2022-12-16 18:27:37', '2022-12-16 18:27:37'),
(37, 72, '09:11:26', '09:22:55', '00:11:29', 0, '', '[{\"post\":\"251\",\"time\":\"1672477886\"},{\"post\":\"10\",\"time\":\"1672477946\"},{\"post\":\"15\",\"time\":\"1672477946\"},{\"post\":\"18\",\"time\":\"1672477946\"},{\"post\":\"11\",\"time\":\"1672477946\"},{\"post\":\"22\",\"time\":\"1672477946\"},{\"post\":\"35\",\"time\":\"1672477946\"},{\"post\":\"38\",\"time\":\"1672477946\"},{\"post\":\"45\",\"time\":\"1672477946\"},{\"post\":\"60\",\"time\":\"1672477946\"},{\"post\":\"65\",\"time\":\"1672477946\"},{\"post\":\"252\",\"time\":\"1672478575\"}]', '2022-12-16 18:27:54', '2022-12-16 18:27:54'),
(38, 73, '09:38:35', '09:51:04', '00:12:29', 0, '', '[{\"post\":\"251\",\"time\":\"1672479515\"},{\"post\":\"10\",\"time\":\"1672479575\"},{\"post\":\"15\",\"time\":\"1672479575\"},{\"post\":\"18\",\"time\":\"1672479575\"},{\"post\":\"11\",\"time\":\"1672479575\"},{\"post\":\"22\",\"time\":\"1672479575\"},{\"post\":\"35\",\"time\":\"1672479575\"},{\"post\":\"38\",\"time\":\"1672479575\"},{\"post\":\"45\",\"time\":\"1672479575\"},{\"post\":\"60\",\"time\":\"1672479575\"},{\"post\":\"65\",\"time\":\"1672479575\"},{\"post\":\"252\",\"time\":\"1672480264\"}]', '2022-12-16 18:28:13', '2022-12-16 18:28:13'),
(39, 71, '08:17:16', '08:35:00', '00:17:44', 0, '', '[{\"post\":\"251\",\"time\":\"1672474636\"},{\"post\":\"10\",\"time\":\"1672474696\"},{\"post\":\"15\",\"time\":\"1672474696\"},{\"post\":\"18\",\"time\":\"1672474696\"},{\"post\":\"11\",\"time\":\"1672474696\"},{\"post\":\"22\",\"time\":\"1672474696\"},{\"post\":\"35\",\"time\":\"1672474696\"},{\"post\":\"38\",\"time\":\"1672474696\"},{\"post\":\"45\",\"time\":\"1672474696\"},{\"post\":\"60\",\"time\":\"1672474696\"},{\"post\":\"65\",\"time\":\"1672474696\"},{\"post\":\"252\",\"time\":\"1672475700\"}]', '2022-12-16 18:28:29', '2022-12-16 18:28:29'),
(40, 70, '09:03:05', '09:23:39', '00:20:34', 0, '', '[{\"post\":\"251\",\"time\":\"1672477385\"},{\"post\":\"10\",\"time\":\"1672477445\"},{\"post\":\"15\",\"time\":\"1672477445\"},{\"post\":\"18\",\"time\":\"1672477445\"},{\"post\":\"11\",\"time\":\"1672477445\"},{\"post\":\"22\",\"time\":\"1672477445\"},{\"post\":\"35\",\"time\":\"1672477445\"},{\"post\":\"38\",\"time\":\"1672477445\"},{\"post\":\"45\",\"time\":\"1672477445\"},{\"post\":\"60\",\"time\":\"1672477445\"},{\"post\":\"65\",\"time\":\"1672477445\"},{\"post\":\"252\",\"time\":\"1672478619\"}]', '2022-12-16 18:28:47', '2022-12-16 18:28:47'),
(41, 68, '08:26:03', '08:51:26', '00:25:23', 0, '', '[{\"post\":\"251\",\"time\":\"1672475163\"},{\"post\":\"10\",\"time\":\"1672475223\"},{\"post\":\"15\",\"time\":\"1672475223\"},{\"post\":\"18\",\"time\":\"1672475223\"},{\"post\":\"11\",\"time\":\"1672475223\"},{\"post\":\"22\",\"time\":\"1672475223\"},{\"post\":\"35\",\"time\":\"1672475223\"},{\"post\":\"38\",\"time\":\"1672475223\"},{\"post\":\"45\",\"time\":\"1672475223\"},{\"post\":\"60\",\"time\":\"1672475223\"},{\"post\":\"65\",\"time\":\"1672475223\"},{\"post\":\"252\",\"time\":\"1672476686\"}]', '2022-12-16 18:29:02', '2022-12-16 18:29:02'),
(42, 67, '09:07:24', '09:23:03', '00:15:39', 0, '', '[{\"post\":\"251\",\"time\":\"1672477644\"},{\"post\":\"10\",\"time\":\"1672477704\"},{\"post\":\"15\",\"time\":\"1672477704\"},{\"post\":\"18\",\"time\":\"1672477704\"},{\"post\":\"11\",\"time\":\"1672477704\"},{\"post\":\"22\",\"time\":\"1672477704\"},{\"post\":\"35\",\"time\":\"1672477704\"},{\"post\":\"38\",\"time\":\"1672477704\"},{\"post\":\"45\",\"time\":\"1672477704\"},{\"post\":\"60\",\"time\":\"1672477704\"},{\"post\":\"65\",\"time\":\"1672477704\"},{\"post\":\"252\",\"time\":\"1672478583\"}]', '2022-12-16 18:29:17', '2022-12-16 18:29:17'),
(43, 69, '08:40:20', '09:02:30', '00:22:10', 0, '', '[{\"post\":\"251\",\"time\":\"1672476020\"},{\"post\":\"10\",\"time\":\"1672476080\"},{\"post\":\"15\",\"time\":\"1672476080\"},{\"post\":\"18\",\"time\":\"1672476080\"},{\"post\":\"11\",\"time\":\"1672476080\"},{\"post\":\"22\",\"time\":\"1672476080\"},{\"post\":\"35\",\"time\":\"1672476080\"},{\"post\":\"38\",\"time\":\"1672476080\"},{\"post\":\"45\",\"time\":\"1672476080\"},{\"post\":\"60\",\"time\":\"1672476080\"},{\"post\":\"65\",\"time\":\"1672476080\"},{\"post\":\"252\",\"time\":\"1672477350\"}]', '2022-12-16 18:29:34', '2022-12-16 18:29:34'),
(44, 80, '09:42:06', '09:56:57', '00:14:51', 0, '', '[{\"post\":\"251\",\"time\":\"1672479726\"},{\"post\":\"10\",\"time\":\"1672479786\"},{\"post\":\"15\",\"time\":\"1672479786\"},{\"post\":\"18\",\"time\":\"1672479786\"},{\"post\":\"11\",\"time\":\"1672479786\"},{\"post\":\"22\",\"time\":\"1672479786\"},{\"post\":\"35\",\"time\":\"1672479786\"},{\"post\":\"38\",\"time\":\"1672479786\"},{\"post\":\"45\",\"time\":\"1672479786\"},{\"post\":\"60\",\"time\":\"1672479786\"},{\"post\":\"65\",\"time\":\"1672479786\"},{\"post\":\"252\",\"time\":\"1672480617\"}]', '2022-12-16 18:41:26', '2022-12-16 18:41:26'),
(45, 78, '09:39:59', '09:54:25', '00:14:26', 0, '', '[{\"post\":\"251\",\"time\":\"1672479599\"},{\"post\":\"10\",\"time\":\"1672479659\"},{\"post\":\"15\",\"time\":\"1672479659\"},{\"post\":\"18\",\"time\":\"1672479659\"},{\"post\":\"11\",\"time\":\"1672479659\"},{\"post\":\"22\",\"time\":\"1672479659\"},{\"post\":\"35\",\"time\":\"1672479659\"},{\"post\":\"38\",\"time\":\"1672479659\"},{\"post\":\"45\",\"time\":\"1672479659\"},{\"post\":\"60\",\"time\":\"1672479659\"},{\"post\":\"65\",\"time\":\"1672479659\"},{\"post\":\"252\",\"time\":\"1672480465\"}]', '2022-12-16 18:41:36', '2022-12-16 18:41:36'),
(46, 77, '09:46:53', '10:03:23', '00:16:30', 0, '', '[{\"post\":\"251\",\"time\":\"1672480013\"},{\"post\":\"10\",\"time\":\"1672480073\"},{\"post\":\"15\",\"time\":\"1672480073\"},{\"post\":\"18\",\"time\":\"1672480073\"},{\"post\":\"11\",\"time\":\"1672480073\"},{\"post\":\"22\",\"time\":\"1672480073\"},{\"post\":\"35\",\"time\":\"1672480073\"},{\"post\":\"38\",\"time\":\"1672480073\"},{\"post\":\"45\",\"time\":\"1672480073\"},{\"post\":\"60\",\"time\":\"1672480073\"},{\"post\":\"65\",\"time\":\"1672480073\"},{\"post\":\"252\",\"time\":\"1672481003\"}]', '2022-12-16 18:41:47', '2022-12-16 18:41:47'),
(47, 81, '08:19:48', '08:42:59', '00:23:11', 0, '', '[{\"post\":\"251\",\"time\":\"1672474788\"},{\"post\":\"10\",\"time\":\"1672474848\"},{\"post\":\"15\",\"time\":\"1672474848\"},{\"post\":\"18\",\"time\":\"1672474848\"},{\"post\":\"11\",\"time\":\"1672474848\"},{\"post\":\"22\",\"time\":\"1672474848\"},{\"post\":\"35\",\"time\":\"1672474848\"},{\"post\":\"38\",\"time\":\"1672474848\"},{\"post\":\"45\",\"time\":\"1672474848\"},{\"post\":\"60\",\"time\":\"1672474848\"},{\"post\":\"65\",\"time\":\"1672474848\"},{\"post\":\"252\",\"time\":\"1672476179\"}]', '2022-12-16 18:41:59', '2022-12-16 18:41:59'),
(48, 79, '09:01:46', '09:28:29', '00:26:43', 0, '', '[{\"post\":\"251\",\"time\":\"1672477306\"},{\"post\":\"10\",\"time\":\"1672477366\"},{\"post\":\"15\",\"time\":\"1672477366\"},{\"post\":\"18\",\"time\":\"1672477366\"},{\"post\":\"11\",\"time\":\"1672477366\"},{\"post\":\"22\",\"time\":\"1672477366\"},{\"post\":\"35\",\"time\":\"1672477366\"},{\"post\":\"38\",\"time\":\"1672477366\"},{\"post\":\"45\",\"time\":\"1672477366\"},{\"post\":\"60\",\"time\":\"1672477366\"},{\"post\":\"65\",\"time\":\"1672477366\"},{\"post\":\"252\",\"time\":\"1672478909\"}]', '2022-12-16 18:42:12', '2022-12-16 18:42:12'),
(49, 87, '10:05:37', '10:29:35', '00:23:58', 0, '', '[{\"post\":\"251\",\"time\":\"1672481137\"},{\"post\":\"10\",\"time\":\"1672481197\"},{\"post\":\"15\",\"time\":\"1672481197\"},{\"post\":\"18\",\"time\":\"1672481197\"},{\"post\":\"11\",\"time\":\"1672481197\"},{\"post\":\"22\",\"time\":\"1672481197\"},{\"post\":\"35\",\"time\":\"1672481197\"},{\"post\":\"38\",\"time\":\"1672481197\"},{\"post\":\"45\",\"time\":\"1672481197\"},{\"post\":\"60\",\"time\":\"1672481197\"},{\"post\":\"65\",\"time\":\"1672481197\"},{\"post\":\"252\",\"time\":\"1672482575\"}]', '2022-12-16 18:56:21', '2022-12-16 18:56:21'),
(50, 86, '09:59:38', '10:10:22', '00:10:44', 2, '19,20,60,22,252', NULL, '2022-12-16 18:56:35', '2022-12-16 18:56:35'),
(51, 83, '09:31:37', '09:50:19', '00:18:42', 0, '', '[{\"post\":\"251\",\"time\":\"1672479097\"},{\"post\":\"10\",\"time\":\"1672479157\"},{\"post\":\"15\",\"time\":\"1672479157\"},{\"post\":\"18\",\"time\":\"1672479157\"},{\"post\":\"11\",\"time\":\"1672479157\"},{\"post\":\"22\",\"time\":\"1672479157\"},{\"post\":\"35\",\"time\":\"1672479157\"},{\"post\":\"38\",\"time\":\"1672479157\"},{\"post\":\"45\",\"time\":\"1672479157\"},{\"post\":\"60\",\"time\":\"1672479157\"},{\"post\":\"65\",\"time\":\"1672479157\"},{\"post\":\"252\",\"time\":\"1672480219\"}]', '2022-12-16 18:56:49', '2022-12-16 18:56:49'),
(52, 85, '09:08:18', '09:29:03', '00:20:45', 0, '', '[{\"post\":\"251\",\"time\":\"1672477698\"},{\"post\":\"10\",\"time\":\"1672477758\"},{\"post\":\"15\",\"time\":\"1672477758\"},{\"post\":\"18\",\"time\":\"1672477758\"},{\"post\":\"11\",\"time\":\"1672477758\"},{\"post\":\"22\",\"time\":\"1672477758\"},{\"post\":\"35\",\"time\":\"1672477758\"},{\"post\":\"38\",\"time\":\"1672477758\"},{\"post\":\"45\",\"time\":\"1672477758\"},{\"post\":\"60\",\"time\":\"1672477758\"},{\"post\":\"65\",\"time\":\"1672477758\"},{\"post\":\"252\",\"time\":\"1672478943\"}]', '2022-12-16 18:57:01', '2022-12-16 18:57:01'),
(53, 82, '10:11:55', '10:27:51', '00:15:56', 0, '', '[{\"post\":\"251\",\"time\":\"1672481515\"},{\"post\":\"10\",\"time\":\"1672481575\"},{\"post\":\"15\",\"time\":\"1672481575\"},{\"post\":\"18\",\"time\":\"1672481575\"},{\"post\":\"11\",\"time\":\"1672481575\"},{\"post\":\"22\",\"time\":\"1672481575\"},{\"post\":\"35\",\"time\":\"1672481575\"},{\"post\":\"38\",\"time\":\"1672481575\"},{\"post\":\"45\",\"time\":\"1672481575\"},{\"post\":\"60\",\"time\":\"1672481575\"},{\"post\":\"65\",\"time\":\"1672481575\"},{\"post\":\"252\",\"time\":\"1672482471\"}]', '2022-12-16 18:57:29', '2022-12-16 18:57:29'),
(54, 84, '08:53:57', '09:13:51', '00:19:54', 0, '', '[{\"post\":\"251\",\"time\":\"1672476837\"},{\"post\":\"10\",\"time\":\"1672476897\"},{\"post\":\"15\",\"time\":\"1672476897\"},{\"post\":\"18\",\"time\":\"1672476897\"},{\"post\":\"11\",\"time\":\"1672476897\"},{\"post\":\"22\",\"time\":\"1672476897\"},{\"post\":\"35\",\"time\":\"1672476897\"},{\"post\":\"38\",\"time\":\"1672476897\"},{\"post\":\"45\",\"time\":\"1672476897\"},{\"post\":\"60\",\"time\":\"1672476897\"},{\"post\":\"65\",\"time\":\"1672476897\"},{\"post\":\"252\",\"time\":\"1672478031\"}]', '2022-12-16 18:58:29', '2022-12-16 18:58:29'),
(55, 93, '09:18:00', '09:33:40', '00:15:40', 0, '', '[{\"post\":\"251\",\"time\":\"1672478280\"},{\"post\":\"10\",\"time\":\"1672478340\"},{\"post\":\"15\",\"time\":\"1672478340\"},{\"post\":\"18\",\"time\":\"1672478340\"},{\"post\":\"11\",\"time\":\"1672478340\"},{\"post\":\"22\",\"time\":\"1672478340\"},{\"post\":\"35\",\"time\":\"1672478340\"},{\"post\":\"38\",\"time\":\"1672478340\"},{\"post\":\"45\",\"time\":\"1672478340\"},{\"post\":\"60\",\"time\":\"1672478340\"},{\"post\":\"65\",\"time\":\"1672478340\"},{\"post\":\"252\",\"time\":\"1672479220\"}]', '2022-12-16 19:09:01', '2022-12-16 19:09:01'),
(56, 92, '09:55:36', '10:08:17', '00:12:41', 0, '', '[{\"post\":\"251\",\"time\":\"1672480536\"},{\"post\":\"10\",\"time\":\"1672480596\"},{\"post\":\"15\",\"time\":\"1672480596\"},{\"post\":\"18\",\"time\":\"1672480596\"},{\"post\":\"11\",\"time\":\"1672480596\"},{\"post\":\"22\",\"time\":\"1672480596\"},{\"post\":\"35\",\"time\":\"1672480596\"},{\"post\":\"38\",\"time\":\"1672480596\"},{\"post\":\"45\",\"time\":\"1672480596\"},{\"post\":\"60\",\"time\":\"1672480596\"},{\"post\":\"65\",\"time\":\"1672480596\"},{\"post\":\"252\",\"time\":\"1672481297\"}]', '2022-12-16 19:09:13', '2022-12-16 19:09:13'),
(57, 91, '09:12:23', '09:28:46', '00:16:23', 0, '', '[{\"post\":\"251\",\"time\":\"1672477943\"},{\"post\":\"10\",\"time\":\"1672478003\"},{\"post\":\"15\",\"time\":\"1672478003\"},{\"post\":\"18\",\"time\":\"1672478003\"},{\"post\":\"11\",\"time\":\"1672478003\"},{\"post\":\"22\",\"time\":\"1672478003\"},{\"post\":\"35\",\"time\":\"1672478003\"},{\"post\":\"38\",\"time\":\"1672478003\"},{\"post\":\"45\",\"time\":\"1672478003\"},{\"post\":\"60\",\"time\":\"1672478003\"},{\"post\":\"65\",\"time\":\"1672478003\"},{\"post\":\"252\",\"time\":\"1672478926\"}]', '2022-12-16 19:09:24', '2022-12-16 19:09:24'),
(58, 88, '08:27:17', '08:45:11', '00:17:54', 0, '', '[{\"post\":\"251\",\"time\":\"1672475237\"},{\"post\":\"10\",\"time\":\"1672475297\"},{\"post\":\"15\",\"time\":\"1672475297\"},{\"post\":\"18\",\"time\":\"1672475297\"},{\"post\":\"11\",\"time\":\"1672475297\"},{\"post\":\"22\",\"time\":\"1672475297\"},{\"post\":\"35\",\"time\":\"1672475297\"},{\"post\":\"38\",\"time\":\"1672475297\"},{\"post\":\"45\",\"time\":\"1672475297\"},{\"post\":\"60\",\"time\":\"1672475297\"},{\"post\":\"65\",\"time\":\"1672475297\"},{\"post\":\"252\",\"time\":\"1672476311\"}]', '2022-12-16 19:09:35', '2022-12-16 19:09:35'),
(59, 89, '08:31:25', '08:54:00', '00:22:35', 0, '', '[{\"post\":\"251\",\"time\":\"1672475485\"},{\"post\":\"10\",\"time\":\"1672475545\"},{\"post\":\"15\",\"time\":\"1672475545\"},{\"post\":\"18\",\"time\":\"1672475545\"},{\"post\":\"11\",\"time\":\"1672475545\"},{\"post\":\"22\",\"time\":\"1672475545\"},{\"post\":\"35\",\"time\":\"1672475545\"},{\"post\":\"38\",\"time\":\"1672475545\"},{\"post\":\"45\",\"time\":\"1672475545\"},{\"post\":\"60\",\"time\":\"1672475545\"},{\"post\":\"65\",\"time\":\"1672475545\"},{\"post\":\"252\",\"time\":\"1672476840\"}]', '2022-12-16 19:09:45', '2022-12-16 19:09:45'),
(60, 90, '08:51:33', '09:18:38', '00:27:05', 0, '', '[{\"post\":\"251\",\"time\":\"1672476693\"},{\"post\":\"10\",\"time\":\"1672476753\"},{\"post\":\"15\",\"time\":\"1672476753\"},{\"post\":\"18\",\"time\":\"1672476753\"},{\"post\":\"11\",\"time\":\"1672476753\"},{\"post\":\"22\",\"time\":\"1672476753\"},{\"post\":\"35\",\"time\":\"1672476753\"},{\"post\":\"38\",\"time\":\"1672476753\"},{\"post\":\"45\",\"time\":\"1672476753\"},{\"post\":\"60\",\"time\":\"1672476753\"},{\"post\":\"65\",\"time\":\"1672476753\"},{\"post\":\"252\",\"time\":\"1672478318\"}]', '2022-12-16 19:09:54', '2022-12-16 19:09:54'),
(61, 52, '09:26:48', '09:43:29', '00:16:41', 0, '', '[{\"post\":\"251\",\"time\":\"1672478808\"},{\"post\":\"10\",\"time\":\"1672478868\"},{\"post\":\"15\",\"time\":\"1672478868\"},{\"post\":\"18\",\"time\":\"1672478868\"},{\"post\":\"11\",\"time\":\"1672478868\"},{\"post\":\"22\",\"time\":\"1672478868\"},{\"post\":\"35\",\"time\":\"1672478868\"},{\"post\":\"38\",\"time\":\"1672478868\"},{\"post\":\"45\",\"time\":\"1672478868\"},{\"post\":\"60\",\"time\":\"1672478868\"},{\"post\":\"65\",\"time\":\"1672478868\"},{\"post\":\"252\",\"time\":\"1672479809\"}]', '2022-12-16 19:27:12', '2022-12-16 19:27:12'),
(62, 39, '10:17:34', '10:32:33', '00:14:59', 0, '', '[{\"post\":\"251\",\"time\":\"1672481854\"},{\"post\":\"10\",\"time\":\"1672481914\"},{\"post\":\"15\",\"time\":\"1672481914\"},{\"post\":\"18\",\"time\":\"1672481914\"},{\"post\":\"11\",\"time\":\"1672481914\"},{\"post\":\"22\",\"time\":\"1672481914\"},{\"post\":\"35\",\"time\":\"1672481914\"},{\"post\":\"38\",\"time\":\"1672481914\"},{\"post\":\"45\",\"time\":\"1672481914\"},{\"post\":\"60\",\"time\":\"1672481914\"},{\"post\":\"65\",\"time\":\"1672481914\"},{\"post\":\"252\",\"time\":\"1672482753\"}]', '2022-12-16 19:27:27', '2022-12-16 19:27:27'),
(63, 41, '09:58:20', '10:21:18', '00:22:58', 0, '', '[{\"post\":\"251\",\"time\":\"1672480700\"},{\"post\":\"10\",\"time\":\"1672480760\"},{\"post\":\"15\",\"time\":\"1672480760\"},{\"post\":\"18\",\"time\":\"1672480760\"},{\"post\":\"11\",\"time\":\"1672480760\"},{\"post\":\"22\",\"time\":\"1672480760\"},{\"post\":\"35\",\"time\":\"1672480760\"},{\"post\":\"38\",\"time\":\"1672480760\"},{\"post\":\"45\",\"time\":\"1672480760\"},{\"post\":\"60\",\"time\":\"1672480760\"},{\"post\":\"65\",\"time\":\"1672480760\"},{\"post\":\"252\",\"time\":\"1672482078\"}]', '2022-12-16 19:27:43', '2022-12-16 19:27:43'),
(64, 40, '10:07:42', '10:27:33', '00:19:51', 0, '', '[{\"post\":\"251\",\"time\":\"1672481262\"},{\"post\":\"10\",\"time\":\"1672481322\"},{\"post\":\"15\",\"time\":\"1672481322\"},{\"post\":\"18\",\"time\":\"1672481322\"},{\"post\":\"11\",\"time\":\"1672481322\"},{\"post\":\"22\",\"time\":\"1672481322\"},{\"post\":\"35\",\"time\":\"1672481322\"},{\"post\":\"38\",\"time\":\"1672481322\"},{\"post\":\"45\",\"time\":\"1672481322\"},{\"post\":\"60\",\"time\":\"1672481322\"},{\"post\":\"65\",\"time\":\"1672481322\"},{\"post\":\"252\",\"time\":\"1672482453\"}]', '2022-12-16 19:27:59', '2022-12-16 19:27:59'),
(65, 42, '09:50:15', '10:14:19', '00:24:04', 2, '31,67,33,45,101,19,20,60,22,252', NULL, '2022-12-16 19:28:25', '2022-12-16 19:28:25'),
(66, 33, '09:45:58', '10:03:08', '00:17:10', 0, '', '[{\"post\":\"251\",\"time\":\"1672479958\"},{\"post\":\"10\",\"time\":\"1672480018\"},{\"post\":\"15\",\"time\":\"1672480018\"},{\"post\":\"18\",\"time\":\"1672480018\"},{\"post\":\"11\",\"time\":\"1672480018\"},{\"post\":\"22\",\"time\":\"1672480018\"},{\"post\":\"35\",\"time\":\"1672480018\"},{\"post\":\"38\",\"time\":\"1672480018\"},{\"post\":\"45\",\"time\":\"1672480018\"},{\"post\":\"60\",\"time\":\"1672480018\"},{\"post\":\"65\",\"time\":\"1672480018\"},{\"post\":\"252\",\"time\":\"1672480988\"}]', '2022-12-16 19:28:49', '2022-12-16 19:28:49'),
(67, 50, '10:16:30', '10:32:16', '00:15:46', 0, '', '[{\"post\":\"251\",\"time\":\"1672481790\"},{\"post\":\"10\",\"time\":\"1672481850\"},{\"post\":\"15\",\"time\":\"1672481850\"},{\"post\":\"18\",\"time\":\"1672481850\"},{\"post\":\"11\",\"time\":\"1672481850\"},{\"post\":\"22\",\"time\":\"1672481850\"},{\"post\":\"35\",\"time\":\"1672481850\"},{\"post\":\"38\",\"time\":\"1672481850\"},{\"post\":\"45\",\"time\":\"1672481850\"},{\"post\":\"60\",\"time\":\"1672481850\"},{\"post\":\"65\",\"time\":\"1672481850\"},{\"post\":\"252\",\"time\":\"1672482736\"}]', '2022-12-16 19:29:06', '2022-12-16 19:29:06'),
(68, 49, '09:35:01', '09:50:15', '00:15:14', 0, '', '[{\"post\":\"251\",\"time\":\"1672479301\"},{\"post\":\"10\",\"time\":\"1672479361\"},{\"post\":\"15\",\"time\":\"1672479361\"},{\"post\":\"18\",\"time\":\"1672479361\"},{\"post\":\"11\",\"time\":\"1672479361\"},{\"post\":\"22\",\"time\":\"1672479361\"},{\"post\":\"35\",\"time\":\"1672479361\"},{\"post\":\"38\",\"time\":\"1672479361\"},{\"post\":\"45\",\"time\":\"1672479361\"},{\"post\":\"60\",\"time\":\"1672479361\"},{\"post\":\"65\",\"time\":\"1672479361\"},{\"post\":\"252\",\"time\":\"1672480215\"}]', '2022-12-16 19:29:18', '2022-12-16 19:29:18'),
(69, 54, '09:05:05', '09:29:05', '00:24:00', 0, '', '[{\"post\":\"251\",\"time\":\"1672477505\"},{\"post\":\"10\",\"time\":\"1672477565\"},{\"post\":\"15\",\"time\":\"1672477565\"},{\"post\":\"18\",\"time\":\"1672477565\"},{\"post\":\"11\",\"time\":\"1672477565\"},{\"post\":\"22\",\"time\":\"1672477565\"},{\"post\":\"35\",\"time\":\"1672477565\"},{\"post\":\"38\",\"time\":\"1672477565\"},{\"post\":\"45\",\"time\":\"1672477565\"},{\"post\":\"60\",\"time\":\"1672477565\"},{\"post\":\"65\",\"time\":\"1672477565\"},{\"post\":\"252\",\"time\":\"1672478945\"}]', '2022-12-16 19:29:31', '2022-12-16 19:29:31'),
(70, 35, '09:40:50', '09:54:01', '00:13:11', 0, '', '[{\"post\":\"251\",\"time\":\"1672479650\"},{\"post\":\"10\",\"time\":\"1672479710\"},{\"post\":\"15\",\"time\":\"1672479710\"},{\"post\":\"18\",\"time\":\"1672479710\"},{\"post\":\"11\",\"time\":\"1672479710\"},{\"post\":\"22\",\"time\":\"1672479710\"},{\"post\":\"35\",\"time\":\"1672479710\"},{\"post\":\"38\",\"time\":\"1672479710\"},{\"post\":\"45\",\"time\":\"1672479710\"},{\"post\":\"60\",\"time\":\"1672479710\"},{\"post\":\"65\",\"time\":\"1672479710\"},{\"post\":\"252\",\"time\":\"1672480441\"}]', '2022-12-16 19:29:43', '2022-12-16 19:29:43'),
(71, 61, '09:20:30', '09:39:56', '00:19:26', 0, '', '[{\"post\":\"251\",\"time\":\"1672478430\"},{\"post\":\"10\",\"time\":\"1672478490\"},{\"post\":\"15\",\"time\":\"1672478490\"},{\"post\":\"18\",\"time\":\"1672478490\"},{\"post\":\"11\",\"time\":\"1672478490\"},{\"post\":\"22\",\"time\":\"1672478490\"},{\"post\":\"35\",\"time\":\"1672478490\"},{\"post\":\"38\",\"time\":\"1672478490\"},{\"post\":\"45\",\"time\":\"1672478490\"},{\"post\":\"60\",\"time\":\"1672478490\"},{\"post\":\"65\",\"time\":\"1672478490\"},{\"post\":\"252\",\"time\":\"1672479596\"}]', '2022-12-16 19:30:12', '2022-12-16 19:30:12'),
(72, 57, '08:48:39', '09:02:24', '00:13:45', 0, '', '[{\"post\":\"251\",\"time\":\"1672476519\"},{\"post\":\"10\",\"time\":\"1672476579\"},{\"post\":\"15\",\"time\":\"1672476579\"},{\"post\":\"18\",\"time\":\"1672476579\"},{\"post\":\"11\",\"time\":\"1672476579\"},{\"post\":\"22\",\"time\":\"1672476579\"},{\"post\":\"35\",\"time\":\"1672476579\"},{\"post\":\"38\",\"time\":\"1672476579\"},{\"post\":\"45\",\"time\":\"1672476579\"},{\"post\":\"60\",\"time\":\"1672476579\"},{\"post\":\"65\",\"time\":\"1672476579\"},{\"post\":\"252\",\"time\":\"1672477344\"}]', '2022-12-16 19:30:31', '2022-12-16 19:30:31'),
(73, 62, '10:21:27', '10:37:42', '00:16:15', 2, '100,31,67,33,45,101,19,20,60,22,252', NULL, '2022-12-16 19:30:46', '2022-12-16 19:30:46'),
(74, 58, '10:23:32', '10:46:52', '00:23:20', 2, '22,252', NULL, '2022-12-16 19:31:07', '2022-12-16 19:31:07'),
(75, 55, '08:55:03', '09:16:23', '00:21:20', 0, '', '[{\"post\":\"251\",\"time\":\"1672476903\"},{\"post\":\"10\",\"time\":\"1672476963\"},{\"post\":\"15\",\"time\":\"1672476963\"},{\"post\":\"18\",\"time\":\"1672476963\"},{\"post\":\"11\",\"time\":\"1672476963\"},{\"post\":\"22\",\"time\":\"1672476963\"},{\"post\":\"35\",\"time\":\"1672476963\"},{\"post\":\"38\",\"time\":\"1672476963\"},{\"post\":\"45\",\"time\":\"1672476963\"},{\"post\":\"60\",\"time\":\"1672476963\"},{\"post\":\"65\",\"time\":\"1672476963\"},{\"post\":\"252\",\"time\":\"1672478183\"}]', '2022-12-16 19:31:22', '2022-12-16 19:31:22'),
(76, 60, '10:40:51', '10:53:15', '00:12:24', 0, '', '[{\"post\":\"251\",\"time\":\"1672483251\"},{\"post\":\"10\",\"time\":\"1672483311\"},{\"post\":\"15\",\"time\":\"1672483311\"},{\"post\":\"18\",\"time\":\"1672483311\"},{\"post\":\"11\",\"time\":\"1672483311\"},{\"post\":\"22\",\"time\":\"1672483311\"},{\"post\":\"35\",\"time\":\"1672483311\"},{\"post\":\"38\",\"time\":\"1672483311\"},{\"post\":\"45\",\"time\":\"1672483311\"},{\"post\":\"60\",\"time\":\"1672483311\"},{\"post\":\"65\",\"time\":\"1672483311\"},{\"post\":\"252\",\"time\":\"1672483995\"}]', '2022-12-16 19:31:34', '2022-12-16 19:31:34'),
(77, 46, '09:25:43', '09:40:00', '00:14:17', 0, '', '[{\"post\":\"251\",\"time\":\"1672478743\"},{\"post\":\"10\",\"time\":\"1672478803\"},{\"post\":\"15\",\"time\":\"1672478803\"},{\"post\":\"18\",\"time\":\"1672478803\"},{\"post\":\"11\",\"time\":\"1672478803\"},{\"post\":\"22\",\"time\":\"1672478803\"},{\"post\":\"35\",\"time\":\"1672478803\"},{\"post\":\"38\",\"time\":\"1672478803\"},{\"post\":\"45\",\"time\":\"1672478803\"},{\"post\":\"60\",\"time\":\"1672478803\"},{\"post\":\"65\",\"time\":\"1672478803\"},{\"post\":\"252\",\"time\":\"1672479600\"}]', '2022-12-16 19:31:52', '2022-12-16 19:31:52'),
(78, 48, '00:00:00', '00:00:00', '00:00:00', 1, NULL, NULL, '2022-12-16 19:32:03', '2022-12-16 19:32:03'),
(79, 47, '10:37:08', '10:56:23', '00:19:15', 0, '', '[{\"post\":\"251\",\"time\":\"1672483028\"},{\"post\":\"10\",\"time\":\"1672483088\"},{\"post\":\"15\",\"time\":\"1672483088\"},{\"post\":\"18\",\"time\":\"1672483088\"},{\"post\":\"11\",\"time\":\"1672483088\"},{\"post\":\"22\",\"time\":\"1672483088\"},{\"post\":\"35\",\"time\":\"1672483088\"},{\"post\":\"38\",\"time\":\"1672483088\"},{\"post\":\"45\",\"time\":\"1672483088\"},{\"post\":\"60\",\"time\":\"1672483088\"},{\"post\":\"65\",\"time\":\"1672483088\"},{\"post\":\"252\",\"time\":\"1672484183\"}]', '2022-12-16 19:32:18', '2022-12-16 19:32:18'),
(80, 45, '09:36:18', '09:53:43', '00:17:25', 0, '', '[{\"post\":\"251\",\"time\":\"1672479378\"},{\"post\":\"10\",\"time\":\"1672479438\"},{\"post\":\"15\",\"time\":\"1672479438\"},{\"post\":\"18\",\"time\":\"1672479438\"},{\"post\":\"11\",\"time\":\"1672479438\"},{\"post\":\"22\",\"time\":\"1672479438\"},{\"post\":\"35\",\"time\":\"1672479438\"},{\"post\":\"38\",\"time\":\"1672479438\"},{\"post\":\"45\",\"time\":\"1672479438\"},{\"post\":\"60\",\"time\":\"1672479438\"},{\"post\":\"65\",\"time\":\"1672479438\"},{\"post\":\"252\",\"time\":\"1672480423\"}]', '2022-12-16 19:32:37', '2022-12-16 19:32:37'),
(81, 44, '10:13:33', '10:34:04', '00:20:31', 0, '', '[{\"post\":\"251\",\"time\":\"1672481613\"},{\"post\":\"10\",\"time\":\"1672481673\"},{\"post\":\"15\",\"time\":\"1672481673\"},{\"post\":\"18\",\"time\":\"1672481673\"},{\"post\":\"11\",\"time\":\"1672481673\"},{\"post\":\"22\",\"time\":\"1672481673\"},{\"post\":\"35\",\"time\":\"1672481673\"},{\"post\":\"38\",\"time\":\"1672481673\"},{\"post\":\"45\",\"time\":\"1672481673\"},{\"post\":\"60\",\"time\":\"1672481673\"},{\"post\":\"65\",\"time\":\"1672481673\"},{\"post\":\"252\",\"time\":\"1672482844\"}]', '2022-12-16 19:32:53', '2022-12-16 19:32:53'),
(82, 43, '08:58:23', '09:17:54', '00:19:31', 0, '', '[{\"post\":\"251\",\"time\":\"1672477103\"},{\"post\":\"10\",\"time\":\"1672477163\"},{\"post\":\"15\",\"time\":\"1672477163\"},{\"post\":\"18\",\"time\":\"1672477163\"},{\"post\":\"11\",\"time\":\"1672477163\"},{\"post\":\"22\",\"time\":\"1672477163\"},{\"post\":\"35\",\"time\":\"1672477163\"},{\"post\":\"38\",\"time\":\"1672477163\"},{\"post\":\"45\",\"time\":\"1672477163\"},{\"post\":\"60\",\"time\":\"1672477163\"},{\"post\":\"65\",\"time\":\"1672477163\"},{\"post\":\"252\",\"time\":\"1672478274\"}]', '2022-12-16 19:33:05', '2022-12-16 19:33:05'),
(83, 53, '09:53:00', '10:14:07', '00:21:07', 0, '', '[{\"post\":\"251\",\"time\":\"1672480380\"},{\"post\":\"10\",\"time\":\"1672480440\"},{\"post\":\"15\",\"time\":\"1672480440\"},{\"post\":\"18\",\"time\":\"1672480440\"},{\"post\":\"11\",\"time\":\"1672480440\"},{\"post\":\"22\",\"time\":\"1672480440\"},{\"post\":\"35\",\"time\":\"1672480440\"},{\"post\":\"38\",\"time\":\"1672480440\"},{\"post\":\"45\",\"time\":\"1672480440\"},{\"post\":\"60\",\"time\":\"1672480440\"},{\"post\":\"65\",\"time\":\"1672480440\"},{\"post\":\"252\",\"time\":\"1672481647\"}]', '2022-12-16 19:33:17', '2022-12-16 19:33:17'),
(84, 36, '10:20:18', '10:37:12', '00:16:54', 0, '', '[{\"post\":\"251\",\"time\":\"1672482018\"},{\"post\":\"10\",\"time\":\"1672482078\"},{\"post\":\"15\",\"time\":\"1672482078\"},{\"post\":\"18\",\"time\":\"1672482078\"},{\"post\":\"11\",\"time\":\"1672482078\"},{\"post\":\"22\",\"time\":\"1672482078\"},{\"post\":\"35\",\"time\":\"1672482078\"},{\"post\":\"38\",\"time\":\"1672482078\"},{\"post\":\"45\",\"time\":\"1672482078\"},{\"post\":\"60\",\"time\":\"1672482078\"},{\"post\":\"65\",\"time\":\"1672482078\"},{\"post\":\"252\",\"time\":\"1672483032\"}]', '2022-12-16 19:33:50', '2022-12-16 19:33:50');
INSERT INTO `orienteering` (`id`, `team_id`, `start_time`, `finish_time`, `total_time`, `abandon`, `missed_posts`, `order_posts`, `created_at`, `updated_at`) VALUES
(85, 37, '09:56:21', '10:14:09', '00:17:48', 0, '', '[{\"post\":\"251\",\"time\":\"1672480581\"},{\"post\":\"10\",\"time\":\"1672480641\"},{\"post\":\"15\",\"time\":\"1672480641\"},{\"post\":\"18\",\"time\":\"1672480641\"},{\"post\":\"11\",\"time\":\"1672480641\"},{\"post\":\"22\",\"time\":\"1672480641\"},{\"post\":\"35\",\"time\":\"1672480641\"},{\"post\":\"38\",\"time\":\"1672480641\"},{\"post\":\"45\",\"time\":\"1672480641\"},{\"post\":\"60\",\"time\":\"1672480641\"},{\"post\":\"65\",\"time\":\"1672480641\"},{\"post\":\"252\",\"time\":\"1672481649\"}]', '2022-12-16 19:34:03', '2022-12-16 19:34:03'),
(86, 38, '08:34:01', '08:54:14', '00:20:13', 2, '45,101,19,20,60,22,252', NULL, '2022-12-16 19:34:17', '2022-12-16 19:34:17'),
(87, 34, '10:31:38', '10:52:16', '00:20:38', 0, '', '[{\"post\":\"251\",\"time\":\"1672482698\"},{\"post\":\"10\",\"time\":\"1672482758\"},{\"post\":\"15\",\"time\":\"1672482758\"},{\"post\":\"18\",\"time\":\"1672482758\"},{\"post\":\"11\",\"time\":\"1672482758\"},{\"post\":\"22\",\"time\":\"1672482758\"},{\"post\":\"35\",\"time\":\"1672482758\"},{\"post\":\"38\",\"time\":\"1672482758\"},{\"post\":\"45\",\"time\":\"1672482758\"},{\"post\":\"60\",\"time\":\"1672482758\"},{\"post\":\"65\",\"time\":\"1672482758\"},{\"post\":\"252\",\"time\":\"1672483936\"}]', '2022-12-16 19:34:32', '2022-12-16 19:34:32'),
(88, 51, '10:15:02', '10:27:26', '00:12:24', 0, '', '[{\"post\":\"251\",\"time\":\"1672481702\"},{\"post\":\"10\",\"time\":\"1672481762\"},{\"post\":\"15\",\"time\":\"1672481762\"},{\"post\":\"18\",\"time\":\"1672481762\"},{\"post\":\"11\",\"time\":\"1672481762\"},{\"post\":\"22\",\"time\":\"1672481762\"},{\"post\":\"35\",\"time\":\"1672481762\"},{\"post\":\"38\",\"time\":\"1672481762\"},{\"post\":\"45\",\"time\":\"1672481762\"},{\"post\":\"60\",\"time\":\"1672481762\"},{\"post\":\"65\",\"time\":\"1672481762\"},{\"post\":\"252\",\"time\":\"1672482446\"}]', '2022-12-16 19:34:44', '2022-12-16 19:34:44'),
(89, 59, '09:48:24', '09:59:51', '00:11:27', 0, '', '[{\"post\":\"251\",\"time\":\"1672480104\"},{\"post\":\"10\",\"time\":\"1672480164\"},{\"post\":\"15\",\"time\":\"1672480164\"},{\"post\":\"18\",\"time\":\"1672480164\"},{\"post\":\"11\",\"time\":\"1672480164\"},{\"post\":\"22\",\"time\":\"1672480164\"},{\"post\":\"35\",\"time\":\"1672480164\"},{\"post\":\"38\",\"time\":\"1672480164\"},{\"post\":\"45\",\"time\":\"1672480164\"},{\"post\":\"60\",\"time\":\"1672480164\"},{\"post\":\"65\",\"time\":\"1672480164\"},{\"post\":\"252\",\"time\":\"1672480791\"}]', '2022-12-16 19:34:57', '2022-12-16 19:34:57'),
(90, 56, '09:22:12', '09:37:18', '00:15:06', 2, '22,252', NULL, '2022-12-16 19:35:15', '2022-12-16 19:35:15');

--
-- Truncate table before insert `orienteering_stations_stages`
--

TRUNCATE TABLE `orienteering_stations_stages`;
--
-- Dumping data for table `orienteering_stations_stages`
--

INSERT INTO `orienteering_stations_stages` (`id`, `category_id`, `post`, `created_at`, `updated_at`) VALUES
(55, 1, 251, '2022-12-31 17:41:19', '2022-12-31 17:41:19'),
(56, 1, 10, '2022-12-31 17:41:19', '2022-12-31 17:41:19'),
(57, 1, 15, '2022-12-31 17:41:19', '2022-12-31 17:41:19'),
(58, 1, 18, '2022-12-31 17:41:19', '2022-12-31 17:41:19'),
(59, 1, 11, '2022-12-31 17:41:19', '2022-12-31 17:41:19'),
(60, 1, 22, '2022-12-31 17:41:19', '2022-12-31 17:41:19'),
(61, 1, 35, '2022-12-31 17:41:19', '2022-12-31 17:41:19'),
(62, 1, 38, '2022-12-31 17:41:19', '2022-12-31 17:41:19'),
(63, 1, 45, '2022-12-31 17:41:19', '2022-12-31 17:41:19'),
(64, 1, 60, '2022-12-31 17:41:19', '2022-12-31 17:41:19'),
(65, 1, 65, '2022-12-31 17:41:19', '2022-12-31 17:41:19'),
(66, 1, 252, '2022-12-31 17:41:19', '2022-12-31 17:41:19'),
(67, 2, 251, '2022-12-31 17:41:50', '2022-12-31 17:41:50'),
(68, 2, 10, '2022-12-31 17:41:50', '2022-12-31 17:41:50'),
(69, 2, 15, '2022-12-31 17:41:50', '2022-12-31 17:41:50'),
(70, 2, 18, '2022-12-31 17:41:50', '2022-12-31 17:41:50'),
(71, 2, 11, '2022-12-31 17:41:50', '2022-12-31 17:41:50'),
(72, 2, 22, '2022-12-31 17:41:50', '2022-12-31 17:41:50'),
(73, 2, 35, '2022-12-31 17:41:50', '2022-12-31 17:41:50'),
(74, 2, 38, '2022-12-31 17:41:50', '2022-12-31 17:41:50'),
(75, 2, 45, '2022-12-31 17:41:50', '2022-12-31 17:41:50'),
(76, 2, 60, '2022-12-31 17:41:50', '2022-12-31 17:41:50'),
(77, 2, 65, '2022-12-31 17:41:50', '2022-12-31 17:41:50'),
(78, 2, 252, '2022-12-31 17:41:50', '2022-12-31 17:41:50'),
(79, 3, 251, '2022-12-31 17:42:17', '2022-12-31 17:42:17'),
(80, 3, 10, '2022-12-31 17:42:17', '2022-12-31 17:42:17'),
(81, 3, 15, '2022-12-31 17:42:17', '2022-12-31 17:42:17'),
(82, 3, 18, '2022-12-31 17:42:17', '2022-12-31 17:42:17'),
(83, 3, 11, '2022-12-31 17:42:17', '2022-12-31 17:42:17'),
(84, 3, 22, '2022-12-31 17:42:17', '2022-12-31 17:42:17'),
(85, 3, 35, '2022-12-31 17:42:17', '2022-12-31 17:42:17'),
(86, 3, 38, '2022-12-31 17:42:17', '2022-12-31 17:42:17'),
(87, 3, 45, '2022-12-31 17:42:17', '2022-12-31 17:42:17'),
(88, 3, 60, '2022-12-31 17:42:17', '2022-12-31 17:42:17'),
(89, 3, 65, '2022-12-31 17:42:17', '2022-12-31 17:42:17'),
(90, 3, 252, '2022-12-31 17:42:17', '2022-12-31 17:42:17'),
(91, 4, 251, '2022-12-31 17:42:46', '2022-12-31 17:42:46'),
(92, 4, 10, '2022-12-31 17:42:46', '2022-12-31 17:42:46'),
(93, 4, 15, '2022-12-31 17:42:46', '2022-12-31 17:42:46'),
(94, 4, 18, '2022-12-31 17:42:46', '2022-12-31 17:42:46'),
(95, 4, 11, '2022-12-31 17:42:46', '2022-12-31 17:42:46'),
(96, 4, 22, '2022-12-31 17:42:46', '2022-12-31 17:42:46'),
(97, 4, 35, '2022-12-31 17:42:46', '2022-12-31 17:42:46'),
(98, 4, 38, '2022-12-31 17:42:46', '2022-12-31 17:42:46'),
(99, 4, 45, '2022-12-31 17:42:46', '2022-12-31 17:42:46'),
(100, 4, 60, '2022-12-31 17:42:46', '2022-12-31 17:42:46'),
(101, 4, 65, '2022-12-31 17:42:46', '2022-12-31 17:42:46'),
(102, 4, 252, '2022-12-31 17:42:46', '2022-12-31 17:42:46'),
(103, 5, 251, '2022-12-31 17:43:07', '2022-12-31 17:43:07'),
(104, 5, 10, '2022-12-31 17:43:07', '2022-12-31 17:43:07'),
(105, 5, 15, '2022-12-31 17:43:07', '2022-12-31 17:43:07'),
(106, 5, 18, '2022-12-31 17:43:07', '2022-12-31 17:43:07'),
(107, 5, 11, '2022-12-31 17:43:07', '2022-12-31 17:43:07'),
(108, 5, 22, '2022-12-31 17:43:07', '2022-12-31 17:43:07'),
(109, 5, 35, '2022-12-31 17:43:07', '2022-12-31 17:43:07'),
(110, 5, 38, '2022-12-31 17:43:07', '2022-12-31 17:43:07'),
(111, 5, 45, '2022-12-31 17:43:07', '2022-12-31 17:43:07'),
(112, 5, 60, '2022-12-31 17:43:07', '2022-12-31 17:43:07'),
(113, 5, 65, '2022-12-31 17:43:07', '2022-12-31 17:43:07'),
(114, 5, 252, '2022-12-31 17:43:07', '2022-12-31 17:43:07'),
(115, 6, 251, '2022-12-31 17:43:31', '2022-12-31 17:43:31'),
(116, 6, 10, '2022-12-31 17:43:31', '2022-12-31 17:43:31'),
(117, 6, 15, '2022-12-31 17:43:31', '2022-12-31 17:43:31'),
(118, 6, 18, '2022-12-31 17:43:31', '2022-12-31 17:43:31'),
(119, 6, 11, '2022-12-31 17:43:31', '2022-12-31 17:43:31'),
(120, 6, 22, '2022-12-31 17:43:31', '2022-12-31 17:43:31'),
(121, 6, 35, '2022-12-31 17:43:31', '2022-12-31 17:43:31'),
(122, 6, 38, '2022-12-31 17:43:31', '2022-12-31 17:43:31'),
(123, 6, 45, '2022-12-31 17:43:31', '2022-12-31 17:43:31'),
(124, 6, 60, '2022-12-31 17:43:31', '2022-12-31 17:43:31'),
(125, 6, 65, '2022-12-31 17:43:31', '2022-12-31 17:43:31'),
(126, 6, 252, '2022-12-31 17:43:31', '2022-12-31 17:43:31'),
(127, 7, 251, '2022-12-31 17:43:57', '2022-12-31 17:43:57'),
(128, 7, 10, '2022-12-31 17:43:57', '2022-12-31 17:43:57'),
(129, 7, 15, '2022-12-31 17:43:57', '2022-12-31 17:43:57'),
(130, 7, 18, '2022-12-31 17:43:57', '2022-12-31 17:43:57'),
(131, 7, 11, '2022-12-31 17:43:57', '2022-12-31 17:43:57'),
(132, 7, 22, '2022-12-31 17:43:57', '2022-12-31 17:43:57'),
(133, 7, 35, '2022-12-31 17:43:57', '2022-12-31 17:43:57'),
(134, 7, 38, '2022-12-31 17:43:57', '2022-12-31 17:43:57'),
(135, 7, 45, '2022-12-31 17:43:57', '2022-12-31 17:43:57'),
(136, 7, 60, '2022-12-31 17:43:57', '2022-12-31 17:43:57'),
(137, 7, 65, '2022-12-31 17:43:57', '2022-12-31 17:43:57'),
(138, 7, 252, '2022-12-31 17:43:57', '2022-12-31 17:43:57');

--
-- Truncate table before insert `raidmontan_participations`
--

TRUNCATE TABLE `raidmontan_participations`;
--
-- Dumping data for table `raidmontan_participations`
--

INSERT INTO `raidmontan_participations` (`id`, `team_id`, `missing_equipment_items`, `missing_footwear`, `abandon`, `minimum_distance_penalty`, `created_at`, `updated_at`) VALUES
(1, 10, 0, 0, 0, 0, '2022-12-11 17:25:15', '2022-12-11 17:25:15'),
(2, 18, 0, 0, 0, 0, '2022-12-11 17:26:06', '2022-12-11 17:26:06'),
(3, 11, 0, 0, 1, 0, '2022-12-11 17:26:26', '2022-12-11 17:26:26'),
(5, 7, 0, 0, 1, 0, '2022-12-11 17:28:15', '2022-12-11 17:28:15'),
(6, 5, 0, 0, 1, 0, '2022-12-11 17:28:27', '2022-12-11 17:28:27'),
(7, 9, 0, 0, 0, 0, '2022-12-11 17:29:05', '2022-12-11 17:29:05'),
(9, 6, 0, 0, 0, 0, '2022-12-11 17:31:32', '2022-12-11 17:31:32'),
(10, 8, 0, 0, 1, 0, '2022-12-11 17:31:46', '2022-12-11 17:31:46'),
(11, 23, 0, 0, 0, 0, '2022-12-11 17:32:13', '2022-12-11 17:32:13'),
(12, 21, 0, 0, 0, 0, '2022-12-11 17:33:17', '2022-12-11 17:33:17'),
(13, 20, 0, 0, 0, 0, '2022-12-11 17:33:42', '2022-12-11 17:33:42'),
(14, 12, 0, 0, 0, 0, '2022-12-11 17:34:15', '2022-12-11 17:34:15'),
(15, 13, 0, 0, 1, 0, '2022-12-11 17:34:32', '2022-12-11 17:34:32'),
(17, 19, 0, 0, 0, 0, '2022-12-11 17:36:03', '2022-12-11 17:36:03'),
(18, 15, 0, 0, 0, 0, '2022-12-11 17:36:41', '2022-12-11 17:36:41'),
(19, 17, 0, 0, 0, 0, '2022-12-11 17:37:08', '2022-12-11 17:37:08'),
(20, 14, 0, 0, 0, 0, '2022-12-11 17:37:30', '2022-12-11 17:37:30'),
(22, 24, 0, 0, 0, 0, '2022-12-11 17:38:47', '2022-12-11 17:38:47'),
(23, 28, 0, 0, 1, 0, '2022-12-11 17:39:12', '2022-12-11 17:39:12'),
(25, 27, 0, 0, 1, 0, '2022-12-11 17:39:50', '2022-12-11 17:39:50'),
(26, 30, 0, 0, 1, 0, '2022-12-11 17:40:02', '2022-12-11 17:40:02'),
(27, 25, 0, 0, 1, 0, '2022-12-11 17:40:37', '2022-12-11 17:40:37'),
(28, 22, 0, 0, 0, 0, '2022-12-11 17:41:00', '2022-12-11 17:41:00'),
(29, 4, 0, 0, 1, 0, '2022-12-11 17:41:12', '2022-12-11 17:41:12'),
(30, 3, 0, 0, 1, 0, '2022-12-11 17:41:21', '2022-12-11 17:41:21'),
(31, 31, 0, 0, 0, 0, '2022-12-11 17:41:58', '2022-12-11 17:41:58'),
(35, 35, 0, 0, 0, 0, '2022-12-15 16:29:21', '2022-12-15 16:29:21'),
(36, 54, 0, 0, 0, 0, '2022-12-15 16:30:18', '2022-12-15 16:30:18'),
(37, 49, 0, 0, 0, 0, '2022-12-15 16:31:03', '2022-12-15 16:31:03'),
(39, 33, 0, 0, 0, 0, '2022-12-15 16:32:15', '2022-12-15 16:32:15'),
(40, 42, 0, 0, 0, 0, '2022-12-15 16:32:45', '2022-12-15 16:32:45'),
(41, 40, 0, 0, 0, 0, '2022-12-15 16:33:46', '2022-12-15 16:33:46'),
(42, 41, 0, 0, 0, 0, '2022-12-15 16:34:19', '2022-12-15 16:34:19'),
(43, 39, 0, 0, 0, 0, '2022-12-15 16:34:51', '2022-12-15 16:34:51'),
(44, 52, 0, 0, 0, 0, '2022-12-15 16:35:33', '2022-12-15 16:35:33'),
(45, 53, 0, 0, 0, 0, '2022-12-15 16:36:04', '2022-12-15 16:36:04'),
(46, 43, 0, 0, 0, 0, '2022-12-15 16:36:33', '2022-12-15 16:36:33'),
(47, 44, 0, 0, 0, 0, '2022-12-15 16:37:02', '2022-12-15 16:37:02'),
(48, 45, 0, 0, 0, 0, '2022-12-15 16:37:33', '2022-12-15 16:37:33'),
(49, 47, 0, 0, 0, 0, '2022-12-15 16:38:14', '2022-12-15 16:38:14'),
(50, 48, 0, 0, 1, 0, '2022-12-15 16:38:25', '2022-12-15 16:38:25'),
(51, 46, 0, 0, 0, 0, '2022-12-15 16:39:18', '2022-12-15 16:39:18'),
(52, 60, 0, 0, 0, 0, '2022-12-15 16:39:50', '2022-12-15 16:39:50'),
(53, 55, 0, 0, 0, 0, '2022-12-15 16:40:19', '2022-12-15 16:40:19'),
(54, 58, 0, 0, 0, 0, '2022-12-15 16:40:47', '2022-12-15 16:40:47'),
(55, 62, 0, 0, 0, 0, '2022-12-15 16:41:15', '2022-12-15 16:41:15'),
(56, 57, 0, 0, 0, 0, '2022-12-15 16:41:46', '2022-12-15 16:41:46'),
(57, 61, 0, 0, 0, 0, '2022-12-15 16:42:19', '2022-12-15 16:42:19'),
(58, 56, 0, 0, 0, 0, '2022-12-15 16:42:47', '2022-12-15 16:42:47'),
(59, 59, 0, 0, 0, 0, '2022-12-15 16:43:50', '2022-12-15 16:43:50'),
(60, 51, 0, 0, 0, 0, '2022-12-15 16:44:24', '2022-12-15 16:44:24'),
(61, 34, 0, 0, 0, 0, '2022-12-15 16:44:51', '2022-12-15 16:44:51'),
(62, 38, 0, 0, 0, 0, '2022-12-15 16:45:23', '2022-12-15 16:45:23'),
(63, 37, 0, 0, 0, 0, '2022-12-15 16:45:55', '2022-12-15 16:45:55'),
(64, 36, 0, 0, 0, 0, '2022-12-15 16:46:34', '2022-12-15 16:46:34'),
(65, 29, 0, 0, 0, 0, '2022-12-15 18:55:10', '2022-12-15 18:55:10'),
(67, 16, 0, 0, 0, 0, '2022-12-15 18:56:04', '2022-12-15 18:56:04'),
(70, 50, 0, 0, 0, 0, '2022-12-15 19:06:38', '2022-12-15 19:06:38'),
(72, 32, 0, 0, 0, 0, '2022-12-16 16:33:02', '2022-12-16 16:33:02'),
(74, 63, 0, 0, 0, 0, '2022-12-16 16:46:00', '2022-12-16 16:46:00'),
(75, 64, 0, 0, 0, 0, '2022-12-16 16:46:30', '2022-12-16 16:46:30'),
(76, 75, 0, 0, 0, 0, '2022-12-16 18:30:28', '2022-12-16 18:30:28'),
(77, 74, 0, 0, 0, 0, '2022-12-16 18:31:13', '2022-12-16 18:31:13'),
(78, 76, 0, 0, 0, 0, '2022-12-16 18:31:40', '2022-12-16 18:31:40'),
(79, 72, 0, 0, 0, 0, '2022-12-16 18:32:08', '2022-12-16 18:32:08'),
(80, 73, 0, 0, 0, 0, '2022-12-16 18:32:42', '2022-12-16 18:32:42'),
(81, 71, 0, 0, 0, 0, '2022-12-16 18:33:08', '2022-12-16 18:33:08'),
(82, 70, 0, 0, 0, 0, '2022-12-16 18:33:35', '2022-12-16 18:33:35'),
(83, 68, 0, 0, 0, 0, '2022-12-16 18:33:59', '2022-12-16 18:33:59'),
(84, 67, 0, 0, 0, 0, '2022-12-16 18:34:21', '2022-12-16 18:34:21'),
(85, 69, 0, 0, 0, 0, '2022-12-16 18:34:51', '2022-12-16 18:34:51'),
(86, 80, 0, 0, 0, 0, '2022-12-16 18:44:35', '2022-12-16 18:44:35'),
(87, 78, 0, 0, 0, 0, '2022-12-16 18:44:58', '2022-12-16 18:44:58'),
(88, 77, 0, 0, 0, 0, '2022-12-16 18:46:18', '2022-12-16 18:46:18'),
(89, 81, 0, 0, 0, 0, '2022-12-16 18:46:48', '2022-12-16 18:46:48'),
(90, 79, 0, 0, 0, 0, '2022-12-16 18:47:11', '2022-12-16 18:47:11'),
(91, 87, 0, 0, 0, 0, '2022-12-16 18:59:33', '2022-12-16 18:59:33'),
(92, 86, 0, 0, 0, 0, '2022-12-16 18:59:57', '2022-12-16 18:59:57'),
(93, 83, 0, 0, 0, 0, '2022-12-16 19:00:21', '2022-12-16 19:00:21'),
(94, 85, 0, 0, 0, 0, '2022-12-16 19:00:50', '2022-12-16 19:00:50'),
(95, 84, 0, 0, 0, 0, '2022-12-16 19:01:27', '2022-12-16 19:01:27'),
(96, 82, 0, 0, 0, 0, '2022-12-16 19:01:51', '2022-12-16 19:01:51'),
(97, 93, 0, 0, 0, 0, '2022-12-16 19:13:30', '2022-12-16 19:13:30'),
(98, 92, 0, 0, 0, 0, '2022-12-16 19:13:54', '2022-12-16 19:13:54'),
(99, 91, 0, 0, 0, 0, '2022-12-16 19:14:22', '2022-12-16 19:14:22'),
(100, 88, 0, 0, 0, 0, '2022-12-16 19:14:43', '2022-12-16 19:14:43'),
(101, 89, 0, 0, 0, 0, '2022-12-16 19:15:04', '2022-12-16 19:15:04'),
(102, 90, 0, 0, 0, 0, '2022-12-16 19:15:38', '2022-12-16 19:15:38'),
(103, 1, 0, 0, 0, 0, '2022-12-16 19:44:35', '2022-12-16 19:44:35'),
(104, 2, 0, 0, 0, 0, '2022-12-16 19:46:52', '2022-12-16 19:46:52');

--
-- Truncate table before insert `raidmontan_participations_entries`
--

TRUNCATE TABLE `raidmontan_participations_entries`;
--
-- Dumping data for table `raidmontan_participations_entries`
--

INSERT INTO `raidmontan_participations_entries` (`id`, `raidmontan_participations_id`, `team_id`, `raidmontan_stations_id`, `raidmontan_stations_station_type`, `raidmontan_stations_stages_id`, `time_start`, `time_finish`, `hits`, `created_at`, `updated_at`) VALUES
(1, 1, 10, 92, 0, NULL, '11:33:33', NULL, NULL, '2022-12-11 17:25:15', '2022-12-11 17:25:15'),
(2, 1, 10, 93, 1, NULL, '12:18:33', '12:18:34', NULL, '2022-12-11 17:25:15', '2022-12-11 17:25:15'),
(3, 1, 10, 94, 1, NULL, '14:48:42', '14:48:42', NULL, '2022-12-11 17:25:15', '2022-12-11 17:25:15'),
(4, 1, 10, 95, 2, NULL, NULL, NULL, 1, '2022-12-11 17:25:15', '2022-12-11 17:25:15'),
(5, 1, 10, 96, 2, NULL, NULL, NULL, 1, '2022-12-11 17:25:15', '2022-12-11 17:25:15'),
(6, 1, 10, 97, 2, NULL, NULL, NULL, 1, '2022-12-11 17:25:15', '2022-12-11 17:25:15'),
(7, 1, 10, 98, 2, NULL, NULL, NULL, 1, '2022-12-11 17:25:15', '2022-12-11 17:25:15'),
(8, 1, 10, 99, 3, NULL, NULL, '16:51:24', NULL, '2022-12-11 17:25:15', '2022-12-11 17:25:15'),
(9, 2, 18, 92, 0, NULL, '10:33:04', NULL, NULL, '2022-12-11 17:26:06', '2022-12-11 17:26:06'),
(10, 2, 18, 93, 1, NULL, '11:18:04', '11:18:05', NULL, '2022-12-11 17:26:06', '2022-12-11 17:26:06'),
(11, 2, 18, 94, 1, NULL, '12:47:50', '13:12:59', NULL, '2022-12-11 17:26:06', '2022-12-11 17:26:06'),
(12, 2, 18, 95, 2, NULL, NULL, NULL, 1, '2022-12-11 17:26:06', '2022-12-11 17:26:06'),
(13, 2, 18, 96, 2, NULL, NULL, NULL, 1, '2022-12-11 17:26:06', '2022-12-11 17:26:06'),
(14, 2, 18, 97, 2, NULL, NULL, NULL, 1, '2022-12-11 17:26:06', '2022-12-11 17:26:06'),
(15, 2, 18, 98, 2, NULL, NULL, NULL, 1, '2022-12-11 17:26:06', '2022-12-11 17:26:06'),
(16, 2, 18, 99, 3, NULL, NULL, '15:15:35', NULL, '2022-12-11 17:26:06', '2022-12-11 17:26:06'),
(17, 3, 11, 92, 0, NULL, '00:00:00', NULL, NULL, '2022-12-11 17:26:26', '2022-12-11 17:26:26'),
(18, 3, 11, 93, 1, NULL, '00:00:00', '00:00:00', NULL, '2022-12-11 17:26:26', '2022-12-11 17:26:26'),
(19, 3, 11, 94, 1, NULL, '00:00:00', '00:00:00', NULL, '2022-12-11 17:26:26', '2022-12-11 17:26:26'),
(20, 3, 11, 95, 2, NULL, NULL, NULL, 1, '2022-12-11 17:26:26', '2022-12-11 17:26:26'),
(21, 3, 11, 96, 2, NULL, NULL, NULL, 1, '2022-12-11 17:26:26', '2022-12-11 17:26:26'),
(22, 3, 11, 97, 2, NULL, NULL, NULL, 1, '2022-12-11 17:26:26', '2022-12-11 17:26:26'),
(23, 3, 11, 98, 2, NULL, NULL, NULL, 1, '2022-12-11 17:26:26', '2022-12-11 17:26:26'),
(24, 3, 11, 99, 3, NULL, NULL, '00:00:00', NULL, '2022-12-11 17:26:26', '2022-12-11 17:26:26'),
(33, 5, 7, 92, 0, NULL, '00:00:00', NULL, NULL, '2022-12-11 17:28:15', '2022-12-11 17:28:15'),
(34, 5, 7, 93, 1, NULL, '00:00:00', '00:00:00', NULL, '2022-12-11 17:28:15', '2022-12-11 17:28:15'),
(35, 5, 7, 94, 1, NULL, '00:00:00', '00:00:00', NULL, '2022-12-11 17:28:15', '2022-12-11 17:28:15'),
(36, 5, 7, 95, 2, NULL, NULL, NULL, 1, '2022-12-11 17:28:15', '2022-12-11 17:28:15'),
(37, 5, 7, 96, 2, NULL, NULL, NULL, 1, '2022-12-11 17:28:15', '2022-12-11 17:28:15'),
(38, 5, 7, 97, 2, NULL, NULL, NULL, 1, '2022-12-11 17:28:15', '2022-12-11 17:28:15'),
(39, 5, 7, 98, 2, NULL, NULL, NULL, 1, '2022-12-11 17:28:15', '2022-12-11 17:28:15'),
(40, 5, 7, 99, 3, NULL, NULL, '00:00:00', NULL, '2022-12-11 17:28:15', '2022-12-11 17:28:15'),
(41, 6, 5, 92, 0, NULL, '00:00:00', NULL, NULL, '2022-12-11 17:28:27', '2022-12-11 17:28:27'),
(42, 6, 5, 93, 1, NULL, '00:00:00', '00:00:00', NULL, '2022-12-11 17:28:27', '2022-12-11 17:28:27'),
(43, 6, 5, 94, 1, NULL, '00:00:00', '00:00:00', NULL, '2022-12-11 17:28:27', '2022-12-11 17:28:27'),
(44, 6, 5, 95, 2, NULL, NULL, NULL, 1, '2022-12-11 17:28:27', '2022-12-11 17:28:27'),
(45, 6, 5, 96, 2, NULL, NULL, NULL, 1, '2022-12-11 17:28:27', '2022-12-11 17:28:27'),
(46, 6, 5, 97, 2, NULL, NULL, NULL, 1, '2022-12-11 17:28:27', '2022-12-11 17:28:27'),
(47, 6, 5, 98, 2, NULL, NULL, NULL, 1, '2022-12-11 17:28:27', '2022-12-11 17:28:27'),
(48, 6, 5, 99, 3, NULL, NULL, '00:00:00', NULL, '2022-12-11 17:28:27', '2022-12-11 17:28:27'),
(49, 7, 9, 92, 0, NULL, '11:24:37', NULL, NULL, '2022-12-11 17:29:05', '2022-12-11 17:29:05'),
(50, 7, 9, 93, 1, NULL, '12:09:37', '12:09:38', NULL, '2022-12-11 17:29:05', '2022-12-11 17:29:05'),
(51, 7, 9, 94, 1, NULL, '13:42:48', '14:08:58', NULL, '2022-12-11 17:29:05', '2022-12-11 17:29:05'),
(52, 7, 9, 95, 2, NULL, NULL, NULL, 1, '2022-12-11 17:29:05', '2022-12-11 17:29:05'),
(53, 7, 9, 96, 2, NULL, NULL, NULL, 1, '2022-12-11 17:29:05', '2022-12-11 17:29:05'),
(54, 7, 9, 97, 2, NULL, NULL, NULL, 1, '2022-12-11 17:29:05', '2022-12-11 17:29:05'),
(55, 7, 9, 98, 2, NULL, NULL, NULL, 1, '2022-12-11 17:29:05', '2022-12-11 17:29:05'),
(56, 7, 9, 99, 3, NULL, NULL, '15:53:45', NULL, '2022-12-11 17:29:05', '2022-12-11 17:29:05'),
(65, 9, 6, 92, 0, NULL, '10:06:06', NULL, NULL, '2022-12-11 17:31:32', '2022-12-11 17:31:32'),
(66, 9, 6, 93, 1, NULL, '10:51:06', '10:51:07', NULL, '2022-12-11 17:31:32', '2022-12-11 17:31:32'),
(67, 9, 6, 94, 1, NULL, '12:36:10', '12:59:47', NULL, '2022-12-11 17:31:32', '2022-12-11 17:31:32'),
(68, 9, 6, 95, 2, NULL, NULL, NULL, 1, '2022-12-11 17:31:32', '2022-12-11 17:31:32'),
(69, 9, 6, 96, 2, NULL, NULL, NULL, 1, '2022-12-11 17:31:32', '2022-12-11 17:31:32'),
(70, 9, 6, 97, 2, NULL, NULL, NULL, 1, '2022-12-11 17:31:32', '2022-12-11 17:31:32'),
(71, 9, 6, 98, 2, NULL, NULL, NULL, 1, '2022-12-11 17:31:32', '2022-12-11 17:31:32'),
(72, 9, 6, 99, 3, NULL, NULL, '15:08:18', NULL, '2022-12-11 17:31:32', '2022-12-11 17:31:32'),
(73, 10, 8, 92, 0, NULL, '00:00:00', NULL, NULL, '2022-12-11 17:31:46', '2022-12-11 17:31:46'),
(74, 10, 8, 93, 1, NULL, '00:00:00', '00:00:00', NULL, '2022-12-11 17:31:46', '2022-12-11 17:31:46'),
(75, 10, 8, 94, 1, NULL, '00:00:00', '00:00:00', NULL, '2022-12-11 17:31:46', '2022-12-11 17:31:46'),
(76, 10, 8, 95, 2, NULL, NULL, NULL, 1, '2022-12-11 17:31:46', '2022-12-11 17:31:46'),
(77, 10, 8, 96, 2, NULL, NULL, NULL, 1, '2022-12-11 17:31:46', '2022-12-11 17:31:46'),
(78, 10, 8, 97, 2, NULL, NULL, NULL, 1, '2022-12-11 17:31:46', '2022-12-11 17:31:46'),
(79, 10, 8, 98, 2, NULL, NULL, NULL, 1, '2022-12-11 17:31:46', '2022-12-11 17:31:46'),
(80, 10, 8, 99, 3, NULL, NULL, '00:00:00', NULL, '2022-12-11 17:31:46', '2022-12-11 17:31:46'),
(81, 11, 23, 92, 0, NULL, '10:31:25', NULL, NULL, '2022-12-11 17:32:13', '2022-12-11 17:32:13'),
(82, 11, 23, 93, 1, NULL, '11:16:25', '11:16:26', NULL, '2022-12-11 17:32:13', '2022-12-11 17:32:13'),
(83, 11, 23, 94, 1, NULL, '13:03:46', '13:31:33', NULL, '2022-12-11 17:32:13', '2022-12-11 17:32:13'),
(84, 11, 23, 95, 2, NULL, NULL, NULL, 1, '2022-12-11 17:32:13', '2022-12-11 17:32:13'),
(85, 11, 23, 96, 2, NULL, NULL, NULL, 1, '2022-12-11 17:32:13', '2022-12-11 17:32:13'),
(86, 11, 23, 97, 2, NULL, NULL, NULL, 1, '2022-12-11 17:32:13', '2022-12-11 17:32:13'),
(87, 11, 23, 98, 2, NULL, NULL, NULL, 1, '2022-12-11 17:32:13', '2022-12-11 17:32:13'),
(88, 11, 23, 99, 3, NULL, NULL, '15:16:51', NULL, '2022-12-11 17:32:13', '2022-12-11 17:32:13'),
(89, 12, 21, 92, 0, NULL, '11:30:27', NULL, NULL, '2022-12-11 17:33:17', '2022-12-11 17:33:17'),
(90, 12, 21, 93, 1, NULL, '12:15:27', '12:15:28', NULL, '2022-12-11 17:33:17', '2022-12-11 17:33:17'),
(91, 12, 21, 94, 1, NULL, '14:24:24', '14:49:46', NULL, '2022-12-11 17:33:17', '2022-12-11 17:33:17'),
(92, 12, 21, 95, 2, NULL, NULL, NULL, 1, '2022-12-11 17:33:17', '2022-12-11 17:33:17'),
(93, 12, 21, 96, 2, NULL, NULL, NULL, 1, '2022-12-11 17:33:17', '2022-12-11 17:33:17'),
(94, 12, 21, 97, 2, NULL, NULL, NULL, 1, '2022-12-11 17:33:17', '2022-12-11 17:33:17'),
(95, 12, 21, 98, 2, NULL, NULL, NULL, 1, '2022-12-11 17:33:17', '2022-12-11 17:33:17'),
(96, 12, 21, 99, 3, NULL, NULL, '17:07:09', NULL, '2022-12-11 17:33:17', '2022-12-11 17:33:17'),
(97, 13, 20, 92, 0, NULL, '11:27:15', NULL, NULL, '2022-12-11 17:33:42', '2022-12-11 17:33:42'),
(98, 13, 20, 93, 1, NULL, '12:12:15', '12:12:16', NULL, '2022-12-11 17:33:42', '2022-12-11 17:33:42'),
(99, 13, 20, 94, 1, NULL, '14:07:47', '14:37:47', NULL, '2022-12-11 17:33:42', '2022-12-11 17:33:42'),
(100, 13, 20, 95, 2, NULL, NULL, NULL, 1, '2022-12-11 17:33:42', '2022-12-11 17:33:42'),
(101, 13, 20, 96, 2, NULL, NULL, NULL, 1, '2022-12-11 17:33:42', '2022-12-11 17:33:42'),
(102, 13, 20, 97, 2, NULL, NULL, NULL, 1, '2022-12-11 17:33:42', '2022-12-11 17:33:42'),
(103, 13, 20, 98, 2, NULL, NULL, NULL, 1, '2022-12-11 17:33:42', '2022-12-11 17:33:42'),
(104, 13, 20, 99, 3, NULL, NULL, '16:57:50', NULL, '2022-12-11 17:33:42', '2022-12-11 17:33:42'),
(105, 14, 12, 92, 0, NULL, '10:51:08', NULL, NULL, '2022-12-11 17:34:15', '2022-12-11 17:34:15'),
(106, 14, 12, 93, 1, NULL, '11:36:08', '11:36:09', NULL, '2022-12-11 17:34:15', '2022-12-11 17:34:15'),
(107, 14, 12, 94, 1, NULL, '13:34:33', '13:56:55', NULL, '2022-12-11 17:34:15', '2022-12-11 17:34:15'),
(108, 14, 12, 95, 2, NULL, NULL, NULL, 1, '2022-12-11 17:34:15', '2022-12-11 17:34:15'),
(109, 14, 12, 96, 2, NULL, NULL, NULL, 1, '2022-12-11 17:34:15', '2022-12-11 17:34:15'),
(110, 14, 12, 97, 2, NULL, NULL, NULL, 1, '2022-12-11 17:34:15', '2022-12-11 17:34:15'),
(111, 14, 12, 98, 2, NULL, NULL, NULL, 1, '2022-12-11 17:34:15', '2022-12-11 17:34:15'),
(112, 14, 12, 99, 3, NULL, NULL, '15:51:10', NULL, '2022-12-11 17:34:15', '2022-12-11 17:34:15'),
(113, 15, 13, 92, 0, NULL, '00:00:00', NULL, NULL, '2022-12-11 17:34:32', '2022-12-11 17:34:32'),
(114, 15, 13, 93, 1, NULL, '00:00:00', '00:00:00', NULL, '2022-12-11 17:34:32', '2022-12-11 17:34:32'),
(115, 15, 13, 94, 1, NULL, '00:00:00', '00:00:00', NULL, '2022-12-11 17:34:32', '2022-12-11 17:34:32'),
(116, 15, 13, 95, 2, NULL, NULL, NULL, 1, '2022-12-11 17:34:32', '2022-12-11 17:34:32'),
(117, 15, 13, 96, 2, NULL, NULL, NULL, 1, '2022-12-11 17:34:32', '2022-12-11 17:34:32'),
(118, 15, 13, 97, 2, NULL, NULL, NULL, 1, '2022-12-11 17:34:32', '2022-12-11 17:34:32'),
(119, 15, 13, 98, 2, NULL, NULL, NULL, 1, '2022-12-11 17:34:32', '2022-12-11 17:34:32'),
(120, 15, 13, 99, 3, NULL, NULL, '00:00:00', NULL, '2022-12-11 17:34:32', '2022-12-11 17:34:32'),
(129, 17, 19, 92, 0, NULL, '11:33:23', NULL, NULL, '2022-12-11 17:36:03', '2022-12-11 17:36:03'),
(130, 17, 19, 93, 1, NULL, '12:18:23', '12:18:24', NULL, '2022-12-11 17:36:03', '2022-12-11 17:36:03'),
(131, 17, 19, 94, 1, NULL, '14:06:30', '14:10:43', NULL, '2022-12-11 17:36:03', '2022-12-11 17:36:03'),
(132, 17, 19, 95, 2, NULL, NULL, NULL, 1, '2022-12-11 17:36:03', '2022-12-11 17:36:03'),
(133, 17, 19, 96, 2, NULL, NULL, NULL, 1, '2022-12-11 17:36:03', '2022-12-11 17:36:03'),
(134, 17, 19, 97, 2, NULL, NULL, NULL, 1, '2022-12-11 17:36:03', '2022-12-11 17:36:03'),
(135, 17, 19, 98, 2, NULL, NULL, NULL, 1, '2022-12-11 17:36:03', '2022-12-11 17:36:03'),
(136, 17, 19, 99, 3, NULL, NULL, '16:42:40', NULL, '2022-12-11 17:36:03', '2022-12-11 17:36:03'),
(137, 18, 15, 92, 0, NULL, '11:33:15', NULL, NULL, '2022-12-11 17:36:41', '2022-12-11 17:36:41'),
(138, 18, 15, 93, 1, NULL, '12:18:15', '12:18:16', NULL, '2022-12-11 17:36:41', '2022-12-11 17:36:41'),
(139, 18, 15, 94, 1, NULL, '14:07:13', '14:10:20', NULL, '2022-12-11 17:36:41', '2022-12-11 17:36:41'),
(140, 18, 15, 95, 2, NULL, NULL, NULL, 1, '2022-12-11 17:36:41', '2022-12-11 17:36:41'),
(141, 18, 15, 96, 2, NULL, NULL, NULL, 1, '2022-12-11 17:36:41', '2022-12-11 17:36:41'),
(142, 18, 15, 97, 2, NULL, NULL, NULL, 1, '2022-12-11 17:36:41', '2022-12-11 17:36:41'),
(143, 18, 15, 98, 2, NULL, NULL, NULL, 1, '2022-12-11 17:36:41', '2022-12-11 17:36:41'),
(144, 18, 15, 99, 3, NULL, NULL, '16:42:49', NULL, '2022-12-11 17:36:41', '2022-12-11 17:36:41'),
(145, 19, 17, 92, 0, NULL, '11:32:41', NULL, NULL, '2022-12-11 17:37:08', '2022-12-11 17:37:08'),
(146, 19, 17, 93, 1, NULL, '11:17:41', '11:17:42', NULL, '2022-12-11 17:37:08', '2022-12-11 17:37:08'),
(147, 19, 17, 94, 1, NULL, '14:07:02', '14:10:49', NULL, '2022-12-11 17:37:08', '2022-12-11 17:37:08'),
(148, 19, 17, 95, 2, NULL, NULL, NULL, 1, '2022-12-11 17:37:08', '2022-12-11 17:37:08'),
(149, 19, 17, 96, 2, NULL, NULL, NULL, 1, '2022-12-11 17:37:08', '2022-12-11 17:37:08'),
(150, 19, 17, 97, 2, NULL, NULL, NULL, 1, '2022-12-11 17:37:08', '2022-12-11 17:37:08'),
(151, 19, 17, 98, 2, NULL, NULL, NULL, 1, '2022-12-11 17:37:08', '2022-12-11 17:37:08'),
(152, 19, 17, 99, 3, NULL, NULL, '16:45:39', NULL, '2022-12-11 17:37:08', '2022-12-11 17:37:08'),
(153, 20, 14, 92, 0, NULL, '11:33:06', NULL, NULL, '2022-12-11 17:37:30', '2022-12-11 17:37:30'),
(154, 20, 14, 93, 1, NULL, '12:18:06', '12:18:07', NULL, '2022-12-11 17:37:30', '2022-12-11 17:37:30'),
(155, 20, 14, 94, 1, NULL, '14:06:55', '14:11:08', NULL, '2022-12-11 17:37:30', '2022-12-11 17:37:30'),
(156, 20, 14, 95, 2, NULL, NULL, NULL, 1, '2022-12-11 17:37:30', '2022-12-11 17:37:30'),
(157, 20, 14, 96, 2, NULL, NULL, NULL, 1, '2022-12-11 17:37:30', '2022-12-11 17:37:30'),
(158, 20, 14, 97, 2, NULL, NULL, NULL, 1, '2022-12-11 17:37:30', '2022-12-11 17:37:30'),
(159, 20, 14, 98, 2, NULL, NULL, NULL, 1, '2022-12-11 17:37:30', '2022-12-11 17:37:30'),
(160, 20, 14, 99, 3, NULL, NULL, '16:45:30', NULL, '2022-12-11 17:37:30', '2022-12-11 17:37:30'),
(169, 22, 24, 92, 0, NULL, '11:11:46', NULL, NULL, '2022-12-11 17:38:47', '2022-12-11 17:38:47'),
(170, 22, 24, 93, 1, NULL, '11:56:46', '11:56:47', NULL, '2022-12-11 17:38:47', '2022-12-11 17:38:47'),
(171, 22, 24, 94, 1, NULL, '13:45:58', '13:56:12', NULL, '2022-12-11 17:38:47', '2022-12-11 17:38:47'),
(172, 22, 24, 95, 2, NULL, NULL, NULL, 1, '2022-12-11 17:38:47', '2022-12-11 17:38:47'),
(173, 22, 24, 96, 2, NULL, NULL, NULL, 1, '2022-12-11 17:38:47', '2022-12-11 17:38:47'),
(174, 22, 24, 97, 2, NULL, NULL, NULL, 1, '2022-12-11 17:38:47', '2022-12-11 17:38:47'),
(175, 22, 24, 98, 2, NULL, NULL, NULL, 1, '2022-12-11 17:38:47', '2022-12-11 17:38:47'),
(176, 22, 24, 99, 3, NULL, NULL, '15:34:47', NULL, '2022-12-11 17:38:47', '2022-12-11 17:38:47'),
(177, 23, 28, 92, 0, NULL, '00:00:00', NULL, NULL, '2022-12-11 17:39:12', '2022-12-11 17:39:12'),
(178, 23, 28, 93, 1, NULL, '00:00:00', '00:00:00', NULL, '2022-12-11 17:39:12', '2022-12-11 17:39:12'),
(179, 23, 28, 94, 1, NULL, '00:00:00', '00:00:00', NULL, '2022-12-11 17:39:12', '2022-12-11 17:39:12'),
(180, 23, 28, 95, 2, NULL, NULL, NULL, 1, '2022-12-11 17:39:12', '2022-12-11 17:39:12'),
(181, 23, 28, 96, 2, NULL, NULL, NULL, 1, '2022-12-11 17:39:12', '2022-12-11 17:39:12'),
(182, 23, 28, 97, 2, NULL, NULL, NULL, 1, '2022-12-11 17:39:12', '2022-12-11 17:39:12'),
(183, 23, 28, 98, 2, NULL, NULL, NULL, 1, '2022-12-11 17:39:12', '2022-12-11 17:39:12'),
(184, 23, 28, 99, 3, NULL, NULL, '00:00:00', NULL, '2022-12-11 17:39:12', '2022-12-11 17:39:12'),
(193, 25, 27, 92, 0, NULL, '00:00:00', NULL, NULL, '2022-12-11 17:39:50', '2022-12-11 17:39:50'),
(194, 25, 27, 93, 1, NULL, '00:00:00', '00:00:00', NULL, '2022-12-11 17:39:50', '2022-12-11 17:39:50'),
(195, 25, 27, 94, 1, NULL, '00:00:00', '00:00:00', NULL, '2022-12-11 17:39:50', '2022-12-11 17:39:50'),
(196, 25, 27, 95, 2, NULL, NULL, NULL, 1, '2022-12-11 17:39:50', '2022-12-11 17:39:50'),
(197, 25, 27, 96, 2, NULL, NULL, NULL, 1, '2022-12-11 17:39:50', '2022-12-11 17:39:50'),
(198, 25, 27, 97, 2, NULL, NULL, NULL, 1, '2022-12-11 17:39:50', '2022-12-11 17:39:50'),
(199, 25, 27, 98, 2, NULL, NULL, NULL, 1, '2022-12-11 17:39:50', '2022-12-11 17:39:50'),
(200, 25, 27, 99, 3, NULL, NULL, '00:00:00', NULL, '2022-12-11 17:39:50', '2022-12-11 17:39:50'),
(201, 26, 30, 92, 0, NULL, '00:00:00', NULL, NULL, '2022-12-11 17:40:02', '2022-12-11 17:40:02'),
(202, 26, 30, 93, 1, NULL, '00:00:00', '00:00:00', NULL, '2022-12-11 17:40:02', '2022-12-11 17:40:02'),
(203, 26, 30, 94, 1, NULL, '00:00:00', '00:00:00', NULL, '2022-12-11 17:40:02', '2022-12-11 17:40:02'),
(204, 26, 30, 95, 2, NULL, NULL, NULL, 1, '2022-12-11 17:40:02', '2022-12-11 17:40:02'),
(205, 26, 30, 96, 2, NULL, NULL, NULL, 1, '2022-12-11 17:40:02', '2022-12-11 17:40:02'),
(206, 26, 30, 97, 2, NULL, NULL, NULL, 1, '2022-12-11 17:40:02', '2022-12-11 17:40:02'),
(207, 26, 30, 98, 2, NULL, NULL, NULL, 1, '2022-12-11 17:40:02', '2022-12-11 17:40:02'),
(208, 26, 30, 99, 3, NULL, NULL, '00:00:00', NULL, '2022-12-11 17:40:02', '2022-12-11 17:40:02'),
(209, 27, 25, 92, 0, NULL, '00:00:00', NULL, NULL, '2022-12-11 17:40:37', '2022-12-11 17:40:37'),
(210, 27, 25, 93, 1, NULL, '00:00:00', '00:00:00', NULL, '2022-12-11 17:40:37', '2022-12-11 17:40:37'),
(211, 27, 25, 94, 1, NULL, '00:00:00', '00:00:00', NULL, '2022-12-11 17:40:37', '2022-12-11 17:40:37'),
(212, 27, 25, 95, 2, NULL, NULL, NULL, 1, '2022-12-11 17:40:37', '2022-12-11 17:40:37'),
(213, 27, 25, 96, 2, NULL, NULL, NULL, 1, '2022-12-11 17:40:37', '2022-12-11 17:40:37'),
(214, 27, 25, 97, 2, NULL, NULL, NULL, 1, '2022-12-11 17:40:37', '2022-12-11 17:40:37'),
(215, 27, 25, 98, 2, NULL, NULL, NULL, 1, '2022-12-11 17:40:37', '2022-12-11 17:40:37'),
(216, 27, 25, 99, 3, NULL, NULL, '00:00:00', NULL, '2022-12-11 17:40:37', '2022-12-11 17:40:37'),
(217, 28, 22, 92, 0, NULL, '11:16:30', NULL, NULL, '2022-12-11 17:41:00', '2022-12-11 17:41:00'),
(218, 28, 22, 93, 1, NULL, '12:01:30', '12:01:31', NULL, '2022-12-11 17:41:00', '2022-12-11 17:41:00'),
(219, 28, 22, 94, 1, NULL, '13:34:11', '13:57:56', NULL, '2022-12-11 17:41:00', '2022-12-11 17:41:00'),
(220, 28, 22, 95, 2, NULL, NULL, NULL, 1, '2022-12-11 17:41:00', '2022-12-11 17:41:00'),
(221, 28, 22, 96, 2, NULL, NULL, NULL, 1, '2022-12-11 17:41:00', '2022-12-11 17:41:00'),
(222, 28, 22, 97, 2, NULL, NULL, NULL, 1, '2022-12-11 17:41:00', '2022-12-11 17:41:00'),
(223, 28, 22, 98, 2, NULL, NULL, NULL, 1, '2022-12-11 17:41:00', '2022-12-11 17:41:00'),
(224, 28, 22, 99, 3, NULL, NULL, '15:34:05', NULL, '2022-12-11 17:41:00', '2022-12-11 17:41:00'),
(225, 29, 4, 92, 0, NULL, '00:00:00', NULL, NULL, '2022-12-11 17:41:12', '2022-12-11 17:41:12'),
(226, 29, 4, 93, 1, NULL, '00:00:00', '00:00:00', NULL, '2022-12-11 17:41:12', '2022-12-11 17:41:12'),
(227, 29, 4, 94, 1, NULL, '00:00:00', '00:00:00', NULL, '2022-12-11 17:41:12', '2022-12-11 17:41:12'),
(228, 29, 4, 95, 2, NULL, NULL, NULL, 1, '2022-12-11 17:41:12', '2022-12-11 17:41:12'),
(229, 29, 4, 96, 2, NULL, NULL, NULL, 1, '2022-12-11 17:41:12', '2022-12-11 17:41:12'),
(230, 29, 4, 97, 2, NULL, NULL, NULL, 1, '2022-12-11 17:41:12', '2022-12-11 17:41:12'),
(231, 29, 4, 98, 2, NULL, NULL, NULL, 1, '2022-12-11 17:41:12', '2022-12-11 17:41:12'),
(232, 29, 4, 99, 3, NULL, NULL, '00:00:00', NULL, '2022-12-11 17:41:12', '2022-12-11 17:41:12'),
(233, 30, 3, 92, 0, NULL, '00:00:00', NULL, NULL, '2022-12-11 17:41:21', '2022-12-11 17:41:21'),
(234, 30, 3, 93, 1, NULL, '00:00:00', '00:00:00', NULL, '2022-12-11 17:41:21', '2022-12-11 17:41:21'),
(235, 30, 3, 94, 1, NULL, '00:00:00', '00:00:00', NULL, '2022-12-11 17:41:21', '2022-12-11 17:41:21'),
(236, 30, 3, 95, 2, NULL, NULL, NULL, 1, '2022-12-11 17:41:21', '2022-12-11 17:41:21'),
(237, 30, 3, 96, 2, NULL, NULL, NULL, 1, '2022-12-11 17:41:21', '2022-12-11 17:41:21'),
(238, 30, 3, 97, 2, NULL, NULL, NULL, 1, '2022-12-11 17:41:21', '2022-12-11 17:41:21'),
(239, 30, 3, 98, 2, NULL, NULL, NULL, 1, '2022-12-11 17:41:21', '2022-12-11 17:41:21'),
(240, 30, 3, 99, 3, NULL, NULL, '00:00:00', NULL, '2022-12-11 17:41:21', '2022-12-11 17:41:21'),
(241, 31, 31, 92, 0, NULL, '11:28:49', NULL, NULL, '2022-12-11 17:41:58', '2022-12-11 17:41:58'),
(242, 31, 31, 93, 1, NULL, '12:13:49', '12:13:50', NULL, '2022-12-11 17:41:58', '2022-12-11 17:41:58'),
(243, 31, 31, 94, 1, NULL, '14:27:32', '14:48:28', NULL, '2022-12-11 17:41:58', '2022-12-11 17:41:58'),
(244, 31, 31, 95, 2, NULL, NULL, NULL, 1, '2022-12-11 17:41:58', '2022-12-11 17:41:58'),
(245, 31, 31, 96, 2, NULL, NULL, NULL, 1, '2022-12-11 17:41:58', '2022-12-11 17:41:58'),
(246, 31, 31, 97, 2, NULL, NULL, NULL, 1, '2022-12-11 17:41:58', '2022-12-11 17:41:58'),
(247, 31, 31, 98, 2, NULL, NULL, NULL, 1, '2022-12-11 17:41:58', '2022-12-11 17:41:58'),
(248, 31, 31, 99, 3, NULL, NULL, '16:59:21', NULL, '2022-12-11 17:41:58', '2022-12-11 17:41:58'),
(273, 35, 35, 100, 0, NULL, '09:00:00', NULL, NULL, '2022-12-15 16:29:21', '2022-12-15 16:29:21'),
(274, 35, 35, 101, 1, NULL, '09:01:00', '09:01:01', NULL, '2022-12-15 16:29:21', '2022-12-15 16:29:21'),
(275, 35, 35, 102, 1, NULL, '09:02:00', '09:02:01', NULL, '2022-12-15 16:29:21', '2022-12-15 16:29:21'),
(276, 35, 35, 103, 1, NULL, '09:02:30', '09:03:00', NULL, '2022-12-15 16:29:21', '2022-12-15 16:29:21'),
(277, 35, 35, 104, 2, NULL, NULL, NULL, 1, '2022-12-15 16:29:21', '2022-12-15 16:29:21'),
(278, 35, 35, 105, 2, NULL, NULL, NULL, 1, '2022-12-15 16:29:21', '2022-12-15 16:29:21'),
(279, 35, 35, 106, 2, NULL, NULL, NULL, 1, '2022-12-15 16:29:21', '2022-12-15 16:29:21'),
(280, 35, 35, 107, 2, NULL, NULL, NULL, 1, '2022-12-15 16:29:21', '2022-12-15 16:29:21'),
(281, 35, 35, 108, 2, NULL, NULL, NULL, 1, '2022-12-15 16:29:21', '2022-12-15 16:29:21'),
(282, 35, 35, 109, 3, NULL, NULL, '10:53:00', NULL, '2022-12-15 16:29:21', '2022-12-15 16:29:21'),
(283, 36, 54, 100, 0, NULL, '10:08:23', NULL, NULL, '2022-12-15 16:30:18', '2022-12-15 16:30:18'),
(284, 36, 54, 101, 1, NULL, '12:27:24', '12:36:30', NULL, '2022-12-15 16:30:18', '2022-12-15 16:30:18'),
(285, 36, 54, 102, 1, NULL, '13:59:48', '14:27:29', NULL, '2022-12-15 16:30:18', '2022-12-15 16:30:18'),
(286, 36, 54, 103, 1, NULL, '15:43:04', '15:50:48', NULL, '2022-12-15 16:30:18', '2022-12-15 16:30:18'),
(287, 36, 54, 104, 2, NULL, NULL, NULL, 1, '2022-12-15 16:30:18', '2022-12-15 16:30:18'),
(288, 36, 54, 105, 2, NULL, NULL, NULL, 1, '2022-12-15 16:30:18', '2022-12-15 16:30:18'),
(289, 36, 54, 106, 2, NULL, NULL, NULL, 1, '2022-12-15 16:30:18', '2022-12-15 16:30:18'),
(290, 36, 54, 107, 2, NULL, NULL, NULL, 1, '2022-12-15 16:30:18', '2022-12-15 16:30:18'),
(291, 36, 54, 108, 2, NULL, NULL, NULL, 1, '2022-12-15 16:30:18', '2022-12-15 16:30:18'),
(292, 36, 54, 109, 3, NULL, NULL, '18:02:57', NULL, '2022-12-15 16:30:18', '2022-12-15 16:30:18'),
(293, 37, 49, 100, 0, NULL, '10:08:09', NULL, NULL, '2022-12-15 16:31:03', '2022-12-15 16:31:03'),
(294, 37, 49, 101, 1, NULL, '11:43:12', '11:52:16', NULL, '2022-12-15 16:31:03', '2022-12-15 16:31:03'),
(295, 37, 49, 102, 1, NULL, '12:48:41', '13:16:40', NULL, '2022-12-15 16:31:03', '2022-12-15 16:31:03'),
(296, 37, 49, 103, 1, NULL, '14:08:28', '14:16:23', NULL, '2022-12-15 16:31:03', '2022-12-15 16:31:03'),
(297, 37, 49, 104, 2, NULL, NULL, NULL, 1, '2022-12-15 16:31:03', '2022-12-15 16:31:03'),
(298, 37, 49, 105, 2, NULL, NULL, NULL, 1, '2022-12-15 16:31:03', '2022-12-15 16:31:03'),
(299, 37, 49, 106, 2, NULL, NULL, NULL, 1, '2022-12-15 16:31:03', '2022-12-15 16:31:03'),
(300, 37, 49, 107, 2, NULL, NULL, NULL, 1, '2022-12-15 16:31:03', '2022-12-15 16:31:03'),
(301, 37, 49, 108, 2, NULL, NULL, NULL, 1, '2022-12-15 16:31:03', '2022-12-15 16:31:03'),
(302, 37, 49, 109, 3, NULL, NULL, '15:36:54', NULL, '2022-12-15 16:31:03', '2022-12-15 16:31:03'),
(313, 39, 33, 100, 0, NULL, '10:25:44', NULL, NULL, '2022-12-15 16:32:15', '2022-12-15 16:32:15'),
(314, 39, 33, 101, 1, NULL, '12:07:54', '12:17:54', NULL, '2022-12-15 16:32:15', '2022-12-15 16:32:15'),
(315, 39, 33, 102, 1, NULL, '13:35:22', '14:05:22', NULL, '2022-12-15 16:32:15', '2022-12-15 16:32:15'),
(316, 39, 33, 103, 1, NULL, '15:23:24', '15:33:06', NULL, '2022-12-15 16:32:15', '2022-12-15 16:32:15'),
(317, 39, 33, 104, 2, NULL, NULL, NULL, 1, '2022-12-15 16:32:15', '2022-12-15 16:32:15'),
(318, 39, 33, 105, 2, NULL, NULL, NULL, 1, '2022-12-15 16:32:15', '2022-12-15 16:32:15'),
(319, 39, 33, 106, 2, NULL, NULL, NULL, 1, '2022-12-15 16:32:15', '2022-12-15 16:32:15'),
(320, 39, 33, 107, 2, NULL, NULL, NULL, 1, '2022-12-15 16:32:15', '2022-12-15 16:32:15'),
(321, 39, 33, 108, 2, NULL, NULL, NULL, 1, '2022-12-15 16:32:15', '2022-12-15 16:32:15'),
(322, 39, 33, 109, 3, NULL, NULL, '17:32:05', NULL, '2022-12-15 16:32:15', '2022-12-15 16:32:15'),
(323, 40, 42, 100, 0, NULL, '10:23:26', NULL, NULL, '2022-12-15 16:32:45', '2022-12-15 16:32:45'),
(324, 40, 42, 101, 1, NULL, '12:34:45', '12:43:34', NULL, '2022-12-15 16:32:45', '2022-12-15 16:32:45'),
(325, 40, 42, 102, 1, NULL, '14:23:53', '14:23:53', NULL, '2022-12-15 16:32:45', '2022-12-15 16:32:45'),
(326, 40, 42, 103, 1, NULL, '16:40:09', '16:46:09', NULL, '2022-12-15 16:32:45', '2022-12-15 16:32:45'),
(327, 40, 42, 104, 2, NULL, NULL, NULL, 1, '2022-12-15 16:32:45', '2022-12-15 16:32:45'),
(328, 40, 42, 105, 2, NULL, NULL, NULL, 1, '2022-12-15 16:32:45', '2022-12-15 16:32:45'),
(329, 40, 42, 106, 2, NULL, NULL, NULL, 1, '2022-12-15 16:32:45', '2022-12-15 16:32:45'),
(330, 40, 42, 107, 2, NULL, NULL, NULL, 1, '2022-12-15 16:32:45', '2022-12-15 16:32:45'),
(331, 40, 42, 108, 2, NULL, NULL, NULL, 1, '2022-12-15 16:32:45', '2022-12-15 16:32:45'),
(332, 40, 42, 109, 3, NULL, NULL, '19:24:51', NULL, '2022-12-15 16:32:45', '2022-12-15 16:32:45'),
(333, 41, 40, 100, 0, NULL, '10:35:27', NULL, NULL, '2022-12-15 16:33:46', '2022-12-15 16:33:46'),
(334, 41, 40, 101, 1, NULL, '12:50:35', '13:00:09', NULL, '2022-12-15 16:33:46', '2022-12-15 16:33:46'),
(335, 41, 40, 102, 1, NULL, '14:16:45', '14:46:45', NULL, '2022-12-15 16:33:46', '2022-12-15 16:33:46'),
(336, 41, 40, 103, 1, NULL, '16:16:56', '16:25:08', NULL, '2022-12-15 16:33:46', '2022-12-15 16:33:46'),
(337, 41, 40, 104, 2, NULL, NULL, NULL, 1, '2022-12-15 16:33:46', '2022-12-15 16:33:46'),
(338, 41, 40, 105, 2, NULL, NULL, NULL, 1, '2022-12-15 16:33:46', '2022-12-15 16:33:46'),
(339, 41, 40, 106, 2, NULL, NULL, NULL, 1, '2022-12-15 16:33:46', '2022-12-15 16:33:46'),
(340, 41, 40, 107, 2, NULL, NULL, NULL, 1, '2022-12-15 16:33:46', '2022-12-15 16:33:46'),
(341, 41, 40, 108, 2, NULL, NULL, NULL, 1, '2022-12-15 16:33:46', '2022-12-15 16:33:46'),
(342, 41, 40, 109, 3, NULL, NULL, '19:10:33', NULL, '2022-12-15 16:33:46', '2022-12-15 16:33:46'),
(343, 42, 41, 100, 0, NULL, '10:35:09', NULL, NULL, '2022-12-15 16:34:19', '2022-12-15 16:34:19'),
(344, 42, 41, 101, 1, NULL, '12:49:22', '12:59:06', NULL, '2022-12-15 16:34:19', '2022-12-15 16:34:19'),
(345, 42, 41, 102, 1, NULL, '14:14:33', '14:44:24', NULL, '2022-12-15 16:34:19', '2022-12-15 16:34:19'),
(346, 42, 41, 103, 1, NULL, '16:14:34', '16:23:42', NULL, '2022-12-15 16:34:19', '2022-12-15 16:34:19'),
(347, 42, 41, 104, 2, NULL, NULL, NULL, 1, '2022-12-15 16:34:19', '2022-12-15 16:34:19'),
(348, 42, 41, 105, 2, NULL, NULL, NULL, 1, '2022-12-15 16:34:19', '2022-12-15 16:34:19'),
(349, 42, 41, 106, 2, NULL, NULL, NULL, 1, '2022-12-15 16:34:19', '2022-12-15 16:34:19'),
(350, 42, 41, 107, 2, NULL, NULL, NULL, 1, '2022-12-15 16:34:19', '2022-12-15 16:34:19'),
(351, 42, 41, 108, 2, NULL, NULL, NULL, 1, '2022-12-15 16:34:19', '2022-12-15 16:34:19'),
(352, 42, 41, 109, 3, NULL, NULL, '18:31:39', NULL, '2022-12-15 16:34:19', '2022-12-15 16:34:19'),
(353, 43, 39, 100, 0, NULL, '10:45:50', NULL, NULL, '2022-12-15 16:34:51', '2022-12-15 16:34:51'),
(354, 43, 39, 101, 1, NULL, '12:33:30', '12:42:09', NULL, '2022-12-15 16:34:51', '2022-12-15 16:34:51'),
(355, 43, 39, 102, 1, NULL, '13:47:15', '14:11:23', NULL, '2022-12-15 16:34:51', '2022-12-15 16:34:51'),
(356, 43, 39, 103, 1, NULL, '15:18:27', '15:27:06', NULL, '2022-12-15 16:34:51', '2022-12-15 16:34:51'),
(357, 43, 39, 104, 2, NULL, NULL, NULL, 1, '2022-12-15 16:34:51', '2022-12-15 16:34:51'),
(358, 43, 39, 105, 2, NULL, NULL, NULL, 1, '2022-12-15 16:34:51', '2022-12-15 16:34:51'),
(359, 43, 39, 106, 2, NULL, NULL, NULL, 1, '2022-12-15 16:34:51', '2022-12-15 16:34:51'),
(360, 43, 39, 107, 2, NULL, NULL, NULL, 1, '2022-12-15 16:34:51', '2022-12-15 16:34:51'),
(361, 43, 39, 108, 2, NULL, NULL, NULL, 1, '2022-12-15 16:34:51', '2022-12-15 16:34:51'),
(362, 43, 39, 109, 3, NULL, NULL, '17:18:37', NULL, '2022-12-15 16:34:51', '2022-12-15 16:34:51'),
(363, 44, 52, 100, 0, NULL, '09:50:39', NULL, NULL, '2022-12-15 16:35:33', '2022-12-15 16:35:33'),
(364, 44, 52, 101, 1, NULL, '12:29:18', '12:39:18', NULL, '2022-12-15 16:35:33', '2022-12-15 16:35:33'),
(365, 44, 52, 102, 1, NULL, '13:57:42', '14:25:07', NULL, '2022-12-15 16:35:33', '2022-12-15 16:35:33'),
(366, 44, 52, 103, 1, NULL, '15:53:04', '16:03:04', NULL, '2022-12-15 16:35:33', '2022-12-15 16:35:33'),
(367, 44, 52, 104, 2, NULL, NULL, NULL, 1, '2022-12-15 16:35:33', '2022-12-15 16:35:33'),
(368, 44, 52, 105, 2, NULL, NULL, NULL, 1, '2022-12-15 16:35:33', '2022-12-15 16:35:33'),
(369, 44, 52, 106, 2, NULL, NULL, NULL, 1, '2022-12-15 16:35:33', '2022-12-15 16:35:33'),
(370, 44, 52, 107, 2, NULL, NULL, NULL, 1, '2022-12-15 16:35:33', '2022-12-15 16:35:33'),
(371, 44, 52, 108, 2, NULL, NULL, NULL, 1, '2022-12-15 16:35:33', '2022-12-15 16:35:33'),
(372, 44, 52, 109, 3, NULL, NULL, '19:19:07', NULL, '2022-12-15 16:35:33', '2022-12-15 16:35:33'),
(373, 45, 53, 100, 0, NULL, '10:16:10', NULL, NULL, '2022-12-15 16:36:04', '2022-12-15 16:36:04'),
(374, 45, 53, 101, 1, NULL, '12:29:38', '12:39:38', NULL, '2022-12-15 16:36:04', '2022-12-15 16:36:04'),
(375, 45, 53, 102, 1, NULL, '13:58:14', '14:25:11', NULL, '2022-12-15 16:36:04', '2022-12-15 16:36:04'),
(376, 45, 53, 103, 1, NULL, '15:52:51', '16:02:51', NULL, '2022-12-15 16:36:04', '2022-12-15 16:36:04'),
(377, 45, 53, 104, 2, NULL, NULL, NULL, 1, '2022-12-15 16:36:04', '2022-12-15 16:36:04'),
(378, 45, 53, 105, 2, NULL, NULL, NULL, 1, '2022-12-15 16:36:04', '2022-12-15 16:36:04'),
(379, 45, 53, 106, 2, NULL, NULL, NULL, 1, '2022-12-15 16:36:04', '2022-12-15 16:36:04'),
(380, 45, 53, 107, 2, NULL, NULL, NULL, 1, '2022-12-15 16:36:04', '2022-12-15 16:36:04'),
(381, 45, 53, 108, 2, NULL, NULL, NULL, 1, '2022-12-15 16:36:04', '2022-12-15 16:36:04'),
(382, 45, 53, 109, 3, NULL, NULL, '19:37:08', NULL, '2022-12-15 16:36:04', '2022-12-15 16:36:04'),
(383, 46, 43, 100, 0, NULL, '09:30:41', NULL, NULL, '2022-12-15 16:36:33', '2022-12-15 16:36:33'),
(384, 46, 43, 101, 1, NULL, '11:10:16', '11:19:43', NULL, '2022-12-15 16:36:33', '2022-12-15 16:36:33'),
(385, 46, 43, 102, 1, NULL, '12:36:40', '12:59:32', NULL, '2022-12-15 16:36:33', '2022-12-15 16:36:33'),
(386, 46, 43, 103, 1, NULL, '13:58:59', '14:06:09', NULL, '2022-12-15 16:36:33', '2022-12-15 16:36:33'),
(387, 46, 43, 104, 2, NULL, NULL, NULL, 1, '2022-12-15 16:36:33', '2022-12-15 16:36:33'),
(388, 46, 43, 105, 2, NULL, NULL, NULL, 1, '2022-12-15 16:36:33', '2022-12-15 16:36:33'),
(389, 46, 43, 106, 2, NULL, NULL, NULL, 1, '2022-12-15 16:36:33', '2022-12-15 16:36:33'),
(390, 46, 43, 107, 2, NULL, NULL, NULL, 1, '2022-12-15 16:36:33', '2022-12-15 16:36:33'),
(391, 46, 43, 108, 2, NULL, NULL, NULL, 1, '2022-12-15 16:36:33', '2022-12-15 16:36:33'),
(392, 46, 43, 109, 3, NULL, NULL, '15:38:42', NULL, '2022-12-15 16:36:33', '2022-12-15 16:36:33'),
(393, 47, 44, 100, 0, NULL, '10:47:57', NULL, NULL, '2022-12-15 16:37:02', '2022-12-15 16:37:02'),
(394, 47, 44, 101, 1, NULL, '12:55:54', '13:05:28', NULL, '2022-12-15 16:37:02', '2022-12-15 16:37:02'),
(395, 47, 44, 102, 1, NULL, '14:25:40', '14:52:21', NULL, '2022-12-15 16:37:02', '2022-12-15 16:37:02'),
(396, 47, 44, 103, 1, NULL, '16:16:41', '16:25:53', NULL, '2022-12-15 16:37:02', '2022-12-15 16:37:02'),
(397, 47, 44, 104, 2, NULL, NULL, NULL, 1, '2022-12-15 16:37:02', '2022-12-15 16:37:02'),
(398, 47, 44, 105, 2, NULL, NULL, NULL, 1, '2022-12-15 16:37:02', '2022-12-15 16:37:02'),
(399, 47, 44, 106, 2, NULL, NULL, NULL, 1, '2022-12-15 16:37:02', '2022-12-15 16:37:02'),
(400, 47, 44, 107, 2, NULL, NULL, NULL, 1, '2022-12-15 16:37:02', '2022-12-15 16:37:02'),
(401, 47, 44, 108, 2, NULL, NULL, NULL, 1, '2022-12-15 16:37:02', '2022-12-15 16:37:02'),
(402, 47, 44, 109, 3, NULL, NULL, '18:57:38', NULL, '2022-12-15 16:37:02', '2022-12-15 16:37:02'),
(403, 48, 45, 100, 0, NULL, '10:40:31', NULL, NULL, '2022-12-15 16:37:33', '2022-12-15 16:37:33'),
(404, 48, 45, 101, 1, NULL, '13:16:51', '13:17:57', NULL, '2022-12-15 16:37:33', '2022-12-15 16:37:33'),
(405, 48, 45, 102, 1, NULL, '14:22:59', '14:47:46', NULL, '2022-12-15 16:37:33', '2022-12-15 16:37:33'),
(406, 48, 45, 103, 1, NULL, '16:13:16', '16:14:02', NULL, '2022-12-15 16:37:33', '2022-12-15 16:37:33'),
(407, 48, 45, 104, 2, NULL, NULL, NULL, 1, '2022-12-15 16:37:33', '2022-12-15 16:37:33'),
(408, 48, 45, 105, 2, NULL, NULL, NULL, 1, '2022-12-15 16:37:33', '2022-12-15 16:37:33'),
(409, 48, 45, 106, 2, NULL, NULL, NULL, 1, '2022-12-15 16:37:33', '2022-12-15 16:37:33'),
(410, 48, 45, 107, 2, NULL, NULL, NULL, 1, '2022-12-15 16:37:33', '2022-12-15 16:37:33'),
(411, 48, 45, 108, 2, NULL, NULL, NULL, 1, '2022-12-15 16:37:33', '2022-12-15 16:37:33'),
(412, 48, 45, 109, 3, NULL, NULL, '18:50:05', NULL, '2022-12-15 16:37:33', '2022-12-15 16:37:33'),
(413, 49, 47, 100, 0, NULL, '11:14:46', NULL, NULL, '2022-12-15 16:38:14', '2022-12-15 16:38:14'),
(414, 49, 47, 101, 1, NULL, '13:23:30', '13:32:20', NULL, '2022-12-15 16:38:14', '2022-12-15 16:38:14'),
(415, 49, 47, 102, 1, NULL, '14:42:53', '15:12:53', NULL, '2022-12-15 16:38:14', '2022-12-15 16:38:14'),
(416, 49, 47, 103, 1, NULL, '16:25:00', '16:34:13', NULL, '2022-12-15 16:38:14', '2022-12-15 16:38:14'),
(417, 49, 47, 104, 2, NULL, NULL, NULL, 1, '2022-12-15 16:38:14', '2022-12-15 16:38:14'),
(418, 49, 47, 105, 2, NULL, NULL, NULL, 1, '2022-12-15 16:38:14', '2022-12-15 16:38:14'),
(419, 49, 47, 106, 2, NULL, NULL, NULL, 1, '2022-12-15 16:38:14', '2022-12-15 16:38:14'),
(420, 49, 47, 107, 2, NULL, NULL, NULL, 1, '2022-12-15 16:38:14', '2022-12-15 16:38:14'),
(421, 49, 47, 108, 2, NULL, NULL, NULL, 1, '2022-12-15 16:38:14', '2022-12-15 16:38:14'),
(422, 49, 47, 109, 3, NULL, NULL, '18:29:50', NULL, '2022-12-15 16:38:14', '2022-12-15 16:38:14'),
(423, 50, 48, 100, 0, NULL, '00:00:00', NULL, NULL, '2022-12-15 16:38:25', '2022-12-15 16:38:25'),
(424, 50, 48, 101, 1, NULL, '00:00:00', '00:00:00', NULL, '2022-12-15 16:38:25', '2022-12-15 16:38:25'),
(425, 50, 48, 102, 1, NULL, '00:00:00', '00:00:00', NULL, '2022-12-15 16:38:25', '2022-12-15 16:38:25'),
(426, 50, 48, 103, 1, NULL, '00:00:00', '00:00:00', NULL, '2022-12-15 16:38:25', '2022-12-15 16:38:25'),
(427, 50, 48, 104, 2, NULL, NULL, NULL, 1, '2022-12-15 16:38:25', '2022-12-15 16:38:25'),
(428, 50, 48, 105, 2, NULL, NULL, NULL, 1, '2022-12-15 16:38:25', '2022-12-15 16:38:25'),
(429, 50, 48, 106, 2, NULL, NULL, NULL, 1, '2022-12-15 16:38:25', '2022-12-15 16:38:25'),
(430, 50, 48, 107, 2, NULL, NULL, NULL, 1, '2022-12-15 16:38:25', '2022-12-15 16:38:25'),
(431, 50, 48, 108, 2, NULL, NULL, NULL, 1, '2022-12-15 16:38:25', '2022-12-15 16:38:25'),
(432, 50, 48, 109, 3, NULL, NULL, '00:00:00', NULL, '2022-12-15 16:38:25', '2022-12-15 16:38:25'),
(433, 51, 46, 100, 0, NULL, '09:44:53', NULL, NULL, '2022-12-15 16:39:18', '2022-12-15 16:39:18'),
(434, 51, 46, 101, 1, NULL, '11:24:30', '11:33:42', NULL, '2022-12-15 16:39:18', '2022-12-15 16:39:18'),
(435, 51, 46, 102, 1, NULL, '12:41:27', '13:07:31', NULL, '2022-12-15 16:39:18', '2022-12-15 16:39:18'),
(436, 51, 46, 103, 1, NULL, '14:11:45', '14:20:42', NULL, '2022-12-15 16:39:18', '2022-12-15 16:39:18'),
(437, 51, 46, 104, 2, NULL, NULL, NULL, 1, '2022-12-15 16:39:18', '2022-12-15 16:39:18'),
(438, 51, 46, 105, 2, NULL, NULL, NULL, 1, '2022-12-15 16:39:18', '2022-12-15 16:39:18'),
(439, 51, 46, 106, 2, NULL, NULL, NULL, 1, '2022-12-15 16:39:18', '2022-12-15 16:39:18'),
(440, 51, 46, 107, 2, NULL, NULL, NULL, 1, '2022-12-15 16:39:18', '2022-12-15 16:39:18'),
(441, 51, 46, 108, 2, NULL, NULL, NULL, 1, '2022-12-15 16:39:18', '2022-12-15 16:39:18'),
(442, 51, 46, 109, 3, NULL, NULL, '16:02:09', NULL, '2022-12-15 16:39:18', '2022-12-15 16:39:18'),
(443, 52, 60, 100, 0, NULL, '11:12:22', NULL, NULL, '2022-12-15 16:39:50', '2022-12-15 16:39:50'),
(444, 52, 60, 101, 1, NULL, '12:44:44', '12:54:20', NULL, '2022-12-15 16:39:50', '2022-12-15 16:39:50'),
(445, 52, 60, 102, 1, NULL, '13:49:35', '14:10:21', NULL, '2022-12-15 16:39:50', '2022-12-15 16:39:50'),
(446, 52, 60, 103, 1, NULL, '15:20:17', '15:30:17', NULL, '2022-12-15 16:39:50', '2022-12-15 16:39:50'),
(447, 52, 60, 104, 2, NULL, NULL, NULL, 1, '2022-12-15 16:39:50', '2022-12-15 16:39:50'),
(448, 52, 60, 105, 2, NULL, NULL, NULL, 1, '2022-12-15 16:39:50', '2022-12-15 16:39:50'),
(449, 52, 60, 106, 2, NULL, NULL, NULL, 1, '2022-12-15 16:39:50', '2022-12-15 16:39:50'),
(450, 52, 60, 107, 2, NULL, NULL, NULL, 1, '2022-12-15 16:39:50', '2022-12-15 16:39:50'),
(451, 52, 60, 108, 2, NULL, NULL, NULL, 1, '2022-12-15 16:39:50', '2022-12-15 16:39:50'),
(452, 52, 60, 109, 3, NULL, NULL, '17:10:28', NULL, '2022-12-15 16:39:50', '2022-12-15 16:39:50'),
(453, 53, 55, 100, 0, NULL, '09:37:37', NULL, NULL, '2022-12-15 16:40:19', '2022-12-15 16:40:19'),
(454, 53, 55, 101, 1, NULL, '11:46:40', '11:56:40', NULL, '2022-12-15 16:40:19', '2022-12-15 16:40:19'),
(455, 53, 55, 102, 1, NULL, '13:15:09', '13:38:49', NULL, '2022-12-15 16:40:19', '2022-12-15 16:40:19'),
(456, 53, 55, 103, 1, NULL, '14:59:03', '15:07:53', NULL, '2022-12-15 16:40:19', '2022-12-15 16:40:19'),
(457, 53, 55, 104, 2, NULL, NULL, NULL, 1, '2022-12-15 16:40:19', '2022-12-15 16:40:19'),
(458, 53, 55, 105, 2, NULL, NULL, NULL, 1, '2022-12-15 16:40:19', '2022-12-15 16:40:19'),
(459, 53, 55, 106, 2, NULL, NULL, NULL, 1, '2022-12-15 16:40:19', '2022-12-15 16:40:19'),
(460, 53, 55, 107, 2, NULL, NULL, NULL, 1, '2022-12-15 16:40:19', '2022-12-15 16:40:19'),
(461, 53, 55, 108, 2, NULL, NULL, NULL, 1, '2022-12-15 16:40:19', '2022-12-15 16:40:19'),
(462, 53, 55, 109, 3, NULL, NULL, '18:25:28', NULL, '2022-12-15 16:40:19', '2022-12-15 16:40:19'),
(463, 54, 58, 100, 0, NULL, '10:59:12', NULL, NULL, '2022-12-15 16:40:47', '2022-12-15 16:40:47'),
(464, 54, 58, 101, 1, NULL, '13:10:23', '13:20:23', NULL, '2022-12-15 16:40:47', '2022-12-15 16:40:47'),
(465, 54, 58, 102, 1, NULL, '14:33:06', '14:59:53', NULL, '2022-12-15 16:40:47', '2022-12-15 16:40:47'),
(466, 54, 58, 103, 1, NULL, '16:03:09', '16:12:44', NULL, '2022-12-15 16:40:47', '2022-12-15 16:40:47'),
(467, 54, 58, 104, 2, NULL, NULL, NULL, 1, '2022-12-15 16:40:47', '2022-12-15 16:40:47'),
(468, 54, 58, 105, 2, NULL, NULL, NULL, 1, '2022-12-15 16:40:47', '2022-12-15 16:40:47'),
(469, 54, 58, 106, 2, NULL, NULL, NULL, 1, '2022-12-15 16:40:47', '2022-12-15 16:40:47'),
(470, 54, 58, 107, 2, NULL, NULL, NULL, 1, '2022-12-15 16:40:47', '2022-12-15 16:40:47'),
(471, 54, 58, 108, 2, NULL, NULL, NULL, 1, '2022-12-15 16:40:47', '2022-12-15 16:40:47'),
(472, 54, 58, 109, 3, NULL, NULL, '19:05:25', NULL, '2022-12-15 16:40:47', '2022-12-15 16:40:47'),
(473, 55, 62, 100, 0, NULL, '10:54:50', NULL, NULL, '2022-12-15 16:41:15', '2022-12-15 16:41:15'),
(474, 55, 62, 101, 1, NULL, '13:09:31', '13:19:31', NULL, '2022-12-15 16:41:15', '2022-12-15 16:41:15'),
(475, 55, 62, 102, 1, NULL, '14:33:08', '14:59:50', NULL, '2022-12-15 16:41:15', '2022-12-15 16:41:15'),
(476, 55, 62, 103, 1, NULL, '16:03:39', '16:12:29', NULL, '2022-12-15 16:41:15', '2022-12-15 16:41:15'),
(477, 55, 62, 104, 2, NULL, NULL, NULL, 1, '2022-12-15 16:41:15', '2022-12-15 16:41:15'),
(478, 55, 62, 105, 2, NULL, NULL, NULL, 1, '2022-12-15 16:41:15', '2022-12-15 16:41:15'),
(479, 55, 62, 106, 2, NULL, NULL, NULL, 1, '2022-12-15 16:41:15', '2022-12-15 16:41:15'),
(480, 55, 62, 107, 2, NULL, NULL, NULL, 1, '2022-12-15 16:41:15', '2022-12-15 16:41:15'),
(481, 55, 62, 108, 2, NULL, NULL, NULL, 1, '2022-12-15 16:41:15', '2022-12-15 16:41:15'),
(482, 55, 62, 109, 3, NULL, NULL, '18:57:12', NULL, '2022-12-15 16:41:15', '2022-12-15 16:41:15'),
(483, 56, 57, 100, 0, NULL, '09:27:56', NULL, NULL, '2022-12-15 16:41:46', '2022-12-15 16:41:46'),
(484, 56, 57, 101, 1, NULL, '11:06:17', '11:15:37', NULL, '2022-12-15 16:41:46', '2022-12-15 16:41:46'),
(485, 56, 57, 102, 1, NULL, '12:30:53', '12:57:58', NULL, '2022-12-15 16:41:46', '2022-12-15 16:41:46'),
(486, 56, 57, 103, 1, NULL, '14:04:47', '14:13:11', NULL, '2022-12-15 16:41:46', '2022-12-15 16:41:46'),
(487, 56, 57, 104, 2, NULL, NULL, NULL, 1, '2022-12-15 16:41:46', '2022-12-15 16:41:46'),
(488, 56, 57, 105, 2, NULL, NULL, NULL, 1, '2022-12-15 16:41:46', '2022-12-15 16:41:46'),
(489, 56, 57, 106, 2, NULL, NULL, NULL, 1, '2022-12-15 16:41:46', '2022-12-15 16:41:46'),
(490, 56, 57, 107, 2, NULL, NULL, NULL, 1, '2022-12-15 16:41:46', '2022-12-15 16:41:46'),
(491, 56, 57, 108, 2, NULL, NULL, NULL, 1, '2022-12-15 16:41:46', '2022-12-15 16:41:46'),
(492, 56, 57, 109, 3, NULL, NULL, '15:50:37', NULL, '2022-12-15 16:41:46', '2022-12-15 16:41:46'),
(493, 57, 61, 100, 0, NULL, '10:09:47', NULL, NULL, '2022-12-15 16:42:19', '2022-12-15 16:42:19'),
(494, 57, 61, 101, 1, NULL, '12:01:02', '12:02:43', NULL, '2022-12-15 16:42:19', '2022-12-15 16:42:19'),
(495, 57, 61, 102, 1, NULL, '13:42:57', '13:57:16', NULL, '2022-12-15 16:42:19', '2022-12-15 16:42:19'),
(496, 57, 61, 103, 1, NULL, '15:19:38', '15:29:23', NULL, '2022-12-15 16:42:19', '2022-12-15 16:42:19'),
(497, 57, 61, 104, 2, NULL, NULL, NULL, 1, '2022-12-15 16:42:19', '2022-12-15 16:42:19'),
(498, 57, 61, 105, 2, NULL, NULL, NULL, 1, '2022-12-15 16:42:19', '2022-12-15 16:42:19'),
(499, 57, 61, 106, 2, NULL, NULL, NULL, 1, '2022-12-15 16:42:19', '2022-12-15 16:42:19'),
(500, 57, 61, 107, 2, NULL, NULL, NULL, 1, '2022-12-15 16:42:19', '2022-12-15 16:42:19'),
(501, 57, 61, 108, 2, NULL, NULL, NULL, 1, '2022-12-15 16:42:19', '2022-12-15 16:42:19'),
(502, 57, 61, 109, 3, NULL, NULL, '17:39:35', NULL, '2022-12-15 16:42:19', '2022-12-15 16:42:19'),
(503, 58, 56, 100, 0, NULL, '10:09:57', NULL, NULL, '2022-12-15 16:42:47', '2022-12-15 16:42:47'),
(504, 58, 56, 101, 1, NULL, '11:44:41', '11:54:00', NULL, '2022-12-15 16:42:47', '2022-12-15 16:42:47'),
(505, 58, 56, 102, 1, NULL, '12:50:57', '13:14:50', NULL, '2022-12-15 16:42:47', '2022-12-15 16:42:47'),
(506, 58, 56, 103, 1, NULL, '14:23:24', '14:29:15', NULL, '2022-12-15 16:42:47', '2022-12-15 16:42:47'),
(507, 58, 56, 104, 2, NULL, NULL, NULL, 1, '2022-12-15 16:42:47', '2022-12-15 16:42:47'),
(508, 58, 56, 105, 2, NULL, NULL, NULL, 1, '2022-12-15 16:42:47', '2022-12-15 16:42:47'),
(509, 58, 56, 106, 2, NULL, NULL, NULL, 1, '2022-12-15 16:42:47', '2022-12-15 16:42:47'),
(510, 58, 56, 107, 2, NULL, NULL, NULL, 1, '2022-12-15 16:42:47', '2022-12-15 16:42:47'),
(511, 58, 56, 108, 2, NULL, NULL, NULL, 1, '2022-12-15 16:42:47', '2022-12-15 16:42:47'),
(512, 58, 56, 109, 3, NULL, NULL, '16:33:31', NULL, '2022-12-15 16:42:47', '2022-12-15 16:42:47'),
(513, 59, 59, 100, 0, NULL, '10:11:02', NULL, NULL, '2022-12-15 16:43:50', '2022-12-15 16:43:50'),
(514, 59, 59, 101, 1, NULL, '11:44:21', '11:54:21', NULL, '2022-12-15 16:43:50', '2022-12-15 16:43:50'),
(515, 59, 59, 102, 1, NULL, '12:51:22', '13:12:46', NULL, '2022-12-15 16:43:50', '2022-12-15 16:43:50'),
(516, 59, 59, 103, 1, NULL, '14:14:38', '14:20:44', NULL, '2022-12-15 16:43:50', '2022-12-15 16:43:50'),
(517, 59, 59, 104, 2, NULL, NULL, NULL, 1, '2022-12-15 16:43:50', '2022-12-15 16:43:50'),
(518, 59, 59, 105, 2, NULL, NULL, NULL, 1, '2022-12-15 16:43:50', '2022-12-15 16:43:50'),
(519, 59, 59, 106, 2, NULL, NULL, NULL, 1, '2022-12-15 16:43:50', '2022-12-15 16:43:50'),
(520, 59, 59, 107, 2, NULL, NULL, NULL, 1, '2022-12-15 16:43:50', '2022-12-15 16:43:50'),
(521, 59, 59, 108, 2, NULL, NULL, NULL, 1, '2022-12-15 16:43:50', '2022-12-15 16:43:50'),
(522, 59, 59, 109, 3, NULL, NULL, '16:01:46', NULL, '2022-12-15 16:43:50', '2022-12-15 16:43:50'),
(523, 60, 51, 100, 0, NULL, '10:51:33', NULL, NULL, '2022-12-15 16:44:24', '2022-12-15 16:44:24'),
(524, 60, 51, 101, 1, NULL, '12:31:31', '12:41:31', NULL, '2022-12-15 16:44:24', '2022-12-15 16:44:24'),
(525, 60, 51, 102, 1, NULL, '13:40:32', '14:09:28', NULL, '2022-12-15 16:44:24', '2022-12-15 16:44:24'),
(526, 60, 51, 103, 1, NULL, '15:13:15', '15:22:20', NULL, '2022-12-15 16:44:24', '2022-12-15 16:44:24'),
(527, 60, 51, 104, 2, NULL, NULL, NULL, 1, '2022-12-15 16:44:24', '2022-12-15 16:44:24'),
(528, 60, 51, 105, 2, NULL, NULL, NULL, 1, '2022-12-15 16:44:24', '2022-12-15 16:44:24'),
(529, 60, 51, 106, 2, NULL, NULL, NULL, 1, '2022-12-15 16:44:24', '2022-12-15 16:44:24'),
(530, 60, 51, 107, 2, NULL, NULL, NULL, 1, '2022-12-15 16:44:24', '2022-12-15 16:44:24'),
(531, 60, 51, 108, 2, NULL, NULL, NULL, 1, '2022-12-15 16:44:24', '2022-12-15 16:44:24'),
(532, 60, 51, 109, 3, NULL, NULL, '17:02:36', NULL, '2022-12-15 16:44:24', '2022-12-15 16:44:24'),
(533, 61, 34, 100, 0, NULL, '11:16:00', NULL, NULL, '2022-12-15 16:44:51', '2022-12-15 16:44:51'),
(534, 61, 34, 101, 1, NULL, '13:26:15', '13:36:15', NULL, '2022-12-15 16:44:51', '2022-12-15 16:44:51'),
(535, 61, 34, 102, 1, NULL, '15:21:48', '15:29:39', NULL, '2022-12-15 16:44:51', '2022-12-15 16:44:51'),
(536, 61, 34, 103, 1, NULL, '16:51:30', '16:57:06', NULL, '2022-12-15 16:44:51', '2022-12-15 16:44:51'),
(537, 61, 34, 104, 2, NULL, NULL, NULL, 1, '2022-12-15 16:44:51', '2022-12-15 16:44:51'),
(538, 61, 34, 105, 2, NULL, NULL, NULL, 1, '2022-12-15 16:44:51', '2022-12-15 16:44:51'),
(539, 61, 34, 106, 2, NULL, NULL, NULL, 1, '2022-12-15 16:44:51', '2022-12-15 16:44:51'),
(540, 61, 34, 107, 2, NULL, NULL, NULL, 1, '2022-12-15 16:44:51', '2022-12-15 16:44:51'),
(541, 61, 34, 108, 2, NULL, NULL, NULL, 1, '2022-12-15 16:44:51', '2022-12-15 16:44:51'),
(542, 61, 34, 109, 3, NULL, NULL, '18:53:55', NULL, '2022-12-15 16:44:51', '2022-12-15 16:44:51'),
(543, 62, 38, 100, 0, NULL, '09:19:46', NULL, NULL, '2022-12-15 16:45:23', '2022-12-15 16:45:23'),
(544, 62, 38, 101, 1, NULL, '10:38:53', '10:48:22', NULL, '2022-12-15 16:45:23', '2022-12-15 16:45:23'),
(545, 62, 38, 102, 1, NULL, '11:52:44', '12:21:54', NULL, '2022-12-15 16:45:23', '2022-12-15 16:45:23'),
(546, 62, 38, 103, 1, NULL, '13:00:50', '13:10:02', NULL, '2022-12-15 16:45:23', '2022-12-15 16:45:23'),
(547, 62, 38, 104, 2, NULL, NULL, NULL, 1, '2022-12-15 16:45:23', '2022-12-15 16:45:23'),
(548, 62, 38, 105, 2, NULL, NULL, NULL, 1, '2022-12-15 16:45:23', '2022-12-15 16:45:23'),
(549, 62, 38, 106, 2, NULL, NULL, NULL, 1, '2022-12-15 16:45:23', '2022-12-15 16:45:23'),
(550, 62, 38, 107, 2, NULL, NULL, NULL, 1, '2022-12-15 16:45:23', '2022-12-15 16:45:23'),
(551, 62, 38, 108, 2, NULL, NULL, NULL, 1, '2022-12-15 16:45:23', '2022-12-15 16:45:23'),
(552, 62, 38, 109, 3, NULL, NULL, '14:19:16', NULL, '2022-12-15 16:45:23', '2022-12-15 16:45:23'),
(553, 63, 37, 100, 0, NULL, '10:24:29', NULL, NULL, '2022-12-15 16:45:55', '2022-12-15 16:45:55'),
(554, 63, 37, 101, 1, NULL, '12:20:27', '12:30:27', NULL, '2022-12-15 16:45:55', '2022-12-15 16:45:55'),
(555, 63, 37, 102, 1, NULL, '13:41:51', '14:11:51', NULL, '2022-12-15 16:45:55', '2022-12-15 16:45:55'),
(556, 63, 37, 103, 1, NULL, '15:19:04', '15:28:19', NULL, '2022-12-15 16:45:55', '2022-12-15 16:45:55'),
(557, 63, 37, 104, 2, NULL, NULL, NULL, 1, '2022-12-15 16:45:55', '2022-12-15 16:45:55'),
(558, 63, 37, 105, 2, NULL, NULL, NULL, 1, '2022-12-15 16:45:55', '2022-12-15 16:45:55'),
(559, 63, 37, 106, 2, NULL, NULL, NULL, 1, '2022-12-15 16:45:55', '2022-12-15 16:45:55'),
(560, 63, 37, 107, 2, NULL, NULL, NULL, 1, '2022-12-15 16:45:55', '2022-12-15 16:45:55'),
(561, 63, 37, 108, 2, NULL, NULL, NULL, 1, '2022-12-15 16:45:55', '2022-12-15 16:45:55'),
(562, 63, 37, 109, 3, NULL, NULL, '17:05:11', NULL, '2022-12-15 16:45:55', '2022-12-15 16:45:55'),
(563, 64, 36, 100, 0, NULL, '10:52:47', NULL, NULL, '2022-12-15 16:46:34', '2022-12-15 16:46:34'),
(564, 64, 36, 101, 1, NULL, '13:02:48', '13:12:48', NULL, '2022-12-15 16:46:34', '2022-12-15 16:46:34'),
(565, 64, 36, 102, 1, NULL, '14:57:15', '15:09:31', NULL, '2022-12-15 16:46:34', '2022-12-15 16:46:34'),
(566, 64, 36, 103, 1, NULL, '16:32:38', '16:40:04', NULL, '2022-12-15 16:46:34', '2022-12-15 16:46:34'),
(567, 64, 36, 104, 2, NULL, NULL, NULL, 1, '2022-12-15 16:46:34', '2022-12-15 16:46:34'),
(568, 64, 36, 105, 2, NULL, NULL, NULL, 1, '2022-12-15 16:46:34', '2022-12-15 16:46:34'),
(569, 64, 36, 106, 2, NULL, NULL, NULL, 1, '2022-12-15 16:46:34', '2022-12-15 16:46:34'),
(570, 64, 36, 107, 2, NULL, NULL, NULL, 1, '2022-12-15 16:46:34', '2022-12-15 16:46:34'),
(571, 64, 36, 108, 2, NULL, NULL, NULL, 1, '2022-12-15 16:46:34', '2022-12-15 16:46:34'),
(572, 64, 36, 109, 3, NULL, NULL, '18:52:50', NULL, '2022-12-15 16:46:34', '2022-12-15 16:46:34'),
(573, 65, 29, 92, 0, NULL, '11:11:19', NULL, NULL, '2022-12-15 18:55:10', '2022-12-15 18:55:10'),
(574, 65, 29, 93, 1, NULL, '11:53:20', '11:53:20', NULL, '2022-12-15 18:55:10', '2022-12-15 18:55:10'),
(575, 65, 29, 94, 1, NULL, '13:03:11', '13:15:14', NULL, '2022-12-15 18:55:10', '2022-12-15 18:55:10'),
(576, 65, 29, 95, 2, NULL, NULL, NULL, 1, '2022-12-15 18:55:10', '2022-12-15 18:55:10'),
(577, 65, 29, 96, 2, NULL, NULL, NULL, 1, '2022-12-15 18:55:10', '2022-12-15 18:55:10'),
(578, 65, 29, 97, 2, NULL, NULL, NULL, 1, '2022-12-15 18:55:10', '2022-12-15 18:55:10'),
(579, 65, 29, 98, 2, NULL, NULL, NULL, 1, '2022-12-15 18:55:10', '2022-12-15 18:55:10'),
(580, 65, 29, 99, 3, NULL, NULL, '14:40:15', NULL, '2022-12-15 18:55:10', '2022-12-15 18:55:10'),
(589, 67, 16, 92, 0, NULL, '11:12:41', NULL, NULL, '2022-12-15 18:56:04', '2022-12-15 18:56:04'),
(590, 67, 16, 93, 1, NULL, '11:57:41', '11:57:42', NULL, '2022-12-15 18:56:04', '2022-12-15 18:56:04'),
(591, 67, 16, 94, 1, NULL, '12:56:17', '13:13:49', NULL, '2022-12-15 18:56:04', '2022-12-15 18:56:04'),
(592, 67, 16, 95, 2, NULL, NULL, NULL, 1, '2022-12-15 18:56:04', '2022-12-15 18:56:04'),
(593, 67, 16, 96, 2, NULL, NULL, NULL, 1, '2022-12-15 18:56:04', '2022-12-15 18:56:04'),
(594, 67, 16, 97, 2, NULL, NULL, NULL, 1, '2022-12-15 18:56:04', '2022-12-15 18:56:04'),
(595, 67, 16, 98, 2, NULL, NULL, NULL, 1, '2022-12-15 18:56:04', '2022-12-15 18:56:04'),
(596, 67, 16, 99, 3, NULL, NULL, '14:28:53', NULL, '2022-12-15 18:56:04', '2022-12-15 18:56:04'),
(615, 70, 50, 100, 0, NULL, '09:19:46', NULL, NULL, '2022-12-15 19:06:38', '2022-12-15 19:06:38'),
(616, 70, 50, 101, 1, NULL, '10:38:53', '10:48:22', NULL, '2022-12-15 19:06:38', '2022-12-15 19:06:38'),
(617, 70, 50, 102, 1, NULL, '11:52:44', '12:21:54', NULL, '2022-12-15 19:06:38', '2022-12-15 19:06:38'),
(618, 70, 50, 103, 1, NULL, '13:00:50', '13:10:01', NULL, '2022-12-15 19:06:38', '2022-12-15 19:06:38'),
(619, 70, 50, 104, 2, NULL, NULL, NULL, 1, '2022-12-15 19:06:38', '2022-12-15 19:06:38'),
(620, 70, 50, 105, 2, NULL, NULL, NULL, 1, '2022-12-15 19:06:38', '2022-12-15 19:06:38'),
(621, 70, 50, 106, 2, NULL, NULL, NULL, 1, '2022-12-15 19:06:38', '2022-12-15 19:06:38'),
(622, 70, 50, 107, 2, NULL, NULL, NULL, 1, '2022-12-15 19:06:38', '2022-12-15 19:06:38'),
(623, 70, 50, 108, 2, NULL, NULL, NULL, 1, '2022-12-15 19:06:38', '2022-12-15 19:06:38'),
(624, 70, 50, 109, 3, NULL, NULL, '14:19:16', NULL, '2022-12-15 19:06:38', '2022-12-15 19:06:38'),
(633, 72, 32, 92, 0, NULL, '11:26:45', NULL, NULL, '2022-12-16 16:33:02', '2022-12-16 16:33:02'),
(634, 72, 32, 93, 1, NULL, '12:11:45', '12:11:46', NULL, '2022-12-16 16:33:02', '2022-12-16 16:33:02'),
(635, 72, 32, 94, 1, NULL, '14:27:20', '14:49:28', NULL, '2022-12-16 16:33:02', '2022-12-16 16:33:02'),
(636, 72, 32, 95, 2, NULL, NULL, NULL, 1, '2022-12-16 16:33:02', '2022-12-16 16:33:02'),
(637, 72, 32, 96, 2, NULL, NULL, NULL, 1, '2022-12-16 16:33:02', '2022-12-16 16:33:02'),
(638, 72, 32, 97, 2, NULL, NULL, NULL, 1, '2022-12-16 16:33:02', '2022-12-16 16:33:02'),
(639, 72, 32, 98, 2, NULL, NULL, NULL, 1, '2022-12-16 16:33:02', '2022-12-16 16:33:02'),
(640, 72, 32, 99, 3, NULL, NULL, '16:58:14', NULL, '2022-12-16 16:33:02', '2022-12-16 16:33:02');
INSERT INTO `raidmontan_participations_entries` (`id`, `raidmontan_participations_id`, `team_id`, `raidmontan_stations_id`, `raidmontan_stations_station_type`, `raidmontan_stations_stages_id`, `time_start`, `time_finish`, `hits`, `created_at`, `updated_at`) VALUES
(649, 74, 63, 110, 0, NULL, '10:54:21', NULL, NULL, '2022-12-16 16:46:00', '2022-12-16 16:46:00'),
(650, 74, 63, 111, 1, NULL, '12:19:58', '12:29:58', NULL, '2022-12-16 16:46:00', '2022-12-16 16:46:00'),
(651, 74, 63, 112, 1, NULL, '13:30:52', '13:50:57', NULL, '2022-12-16 16:46:00', '2022-12-16 16:46:00'),
(652, 74, 63, 113, 1, NULL, '14:34:56', '14:41:41', NULL, '2022-12-16 16:46:00', '2022-12-16 16:46:00'),
(653, 74, 63, 114, 2, NULL, NULL, NULL, 1, '2022-12-16 16:46:00', '2022-12-16 16:46:00'),
(654, 74, 63, 115, 2, NULL, NULL, NULL, 1, '2022-12-16 16:46:00', '2022-12-16 16:46:00'),
(655, 74, 63, 116, 2, NULL, NULL, NULL, 1, '2022-12-16 16:46:00', '2022-12-16 16:46:00'),
(656, 74, 63, 117, 2, NULL, NULL, NULL, 1, '2022-12-16 16:46:00', '2022-12-16 16:46:00'),
(657, 74, 63, 118, 2, NULL, NULL, NULL, 1, '2022-12-16 16:46:00', '2022-12-16 16:46:00'),
(658, 74, 63, 119, 3, NULL, NULL, '15:56:26', NULL, '2022-12-16 16:46:00', '2022-12-16 16:46:00'),
(659, 75, 64, 110, 0, NULL, '09:20:21', NULL, NULL, '2022-12-16 16:46:30', '2022-12-16 16:46:30'),
(660, 75, 64, 111, 1, NULL, '10:39:25', '10:48:01', NULL, '2022-12-16 16:46:30', '2022-12-16 16:46:30'),
(661, 75, 64, 112, 1, NULL, '11:52:59', '12:21:50', NULL, '2022-12-16 16:46:30', '2022-12-16 16:46:30'),
(662, 75, 64, 113, 1, NULL, '13:01:26', '13:10:08', NULL, '2022-12-16 16:46:30', '2022-12-16 16:46:30'),
(663, 75, 64, 114, 2, NULL, NULL, NULL, 1, '2022-12-16 16:46:30', '2022-12-16 16:46:30'),
(664, 75, 64, 115, 2, NULL, NULL, NULL, 1, '2022-12-16 16:46:30', '2022-12-16 16:46:30'),
(665, 75, 64, 116, 2, NULL, NULL, NULL, 1, '2022-12-16 16:46:30', '2022-12-16 16:46:30'),
(666, 75, 64, 117, 2, NULL, NULL, NULL, 1, '2022-12-16 16:46:30', '2022-12-16 16:46:30'),
(667, 75, 64, 118, 2, NULL, NULL, NULL, 1, '2022-12-16 16:46:30', '2022-12-16 16:46:30'),
(668, 75, 64, 119, 3, NULL, NULL, '14:19:31', NULL, '2022-12-16 16:46:30', '2022-12-16 16:46:30'),
(669, 76, 75, 120, 0, NULL, '09:48:53', NULL, NULL, '2022-12-16 18:30:28', '2022-12-16 18:30:28'),
(670, 76, 75, 121, 1, NULL, '11:01:13', '11:10:55', NULL, '2022-12-16 18:30:28', '2022-12-16 18:30:28'),
(671, 76, 75, 122, 1, NULL, '11:57:37', '12:20:42', NULL, '2022-12-16 18:30:28', '2022-12-16 18:30:28'),
(672, 76, 75, 123, 1, NULL, '13:08:09', '13:18:08', NULL, '2022-12-16 18:30:28', '2022-12-16 18:30:28'),
(673, 76, 75, 124, 2, NULL, NULL, NULL, 1, '2022-12-16 18:30:28', '2022-12-16 18:30:28'),
(674, 76, 75, 125, 2, NULL, NULL, NULL, 1, '2022-12-16 18:30:28', '2022-12-16 18:30:28'),
(675, 76, 75, 126, 2, NULL, NULL, NULL, 1, '2022-12-16 18:30:28', '2022-12-16 18:30:28'),
(676, 76, 75, 127, 2, NULL, NULL, NULL, 1, '2022-12-16 18:30:28', '2022-12-16 18:30:28'),
(677, 76, 75, 128, 2, NULL, NULL, NULL, 1, '2022-12-16 18:30:28', '2022-12-16 18:30:28'),
(678, 76, 75, 129, 3, NULL, NULL, '14:55:51', NULL, '2022-12-16 18:30:28', '2022-12-16 18:30:28'),
(679, 77, 74, 120, 0, NULL, '09:08:35', NULL, NULL, '2022-12-16 18:31:13', '2022-12-16 18:31:13'),
(680, 77, 74, 121, 1, NULL, '10:23:01', '10:31:24', NULL, '2022-12-16 18:31:13', '2022-12-16 18:31:13'),
(681, 77, 74, 122, 1, NULL, '11:20:47', '11:48:23', NULL, '2022-12-16 18:31:13', '2022-12-16 18:31:13'),
(682, 77, 74, 123, 1, NULL, '13:08:35', '13:18:35', NULL, '2022-12-16 18:31:13', '2022-12-16 18:31:13'),
(683, 77, 74, 124, 2, NULL, NULL, NULL, 1, '2022-12-16 18:31:13', '2022-12-16 18:31:13'),
(684, 77, 74, 125, 2, NULL, NULL, NULL, 1, '2022-12-16 18:31:13', '2022-12-16 18:31:13'),
(685, 77, 74, 126, 2, NULL, NULL, NULL, 1, '2022-12-16 18:31:13', '2022-12-16 18:31:13'),
(686, 77, 74, 127, 2, NULL, NULL, NULL, 1, '2022-12-16 18:31:13', '2022-12-16 18:31:13'),
(687, 77, 74, 128, 2, NULL, NULL, NULL, 1, '2022-12-16 18:31:13', '2022-12-16 18:31:13'),
(688, 77, 74, 129, 3, NULL, NULL, '15:40:42', NULL, '2022-12-16 18:31:13', '2022-12-16 18:31:13'),
(689, 78, 76, 120, 0, NULL, '10:00:06', NULL, NULL, '2022-12-16 18:31:40', '2022-12-16 18:31:40'),
(690, 78, 76, 121, 1, NULL, '11:09:01', '11:18:49', NULL, '2022-12-16 18:31:40', '2022-12-16 18:31:40'),
(691, 78, 76, 122, 1, NULL, '12:05:28', '12:24:28', NULL, '2022-12-16 18:31:40', '2022-12-16 18:31:40'),
(692, 78, 76, 123, 1, NULL, '13:01:37', '13:11:03', NULL, '2022-12-16 18:31:40', '2022-12-16 18:31:40'),
(693, 78, 76, 124, 2, NULL, NULL, NULL, 1, '2022-12-16 18:31:40', '2022-12-16 18:31:40'),
(694, 78, 76, 125, 2, NULL, NULL, NULL, 1, '2022-12-16 18:31:40', '2022-12-16 18:31:40'),
(695, 78, 76, 126, 2, NULL, NULL, NULL, 1, '2022-12-16 18:31:40', '2022-12-16 18:31:40'),
(696, 78, 76, 127, 2, NULL, NULL, NULL, 1, '2022-12-16 18:31:40', '2022-12-16 18:31:40'),
(697, 78, 76, 128, 2, NULL, NULL, NULL, 1, '2022-12-16 18:31:40', '2022-12-16 18:31:40'),
(698, 78, 76, 129, 3, NULL, NULL, '14:14:31', NULL, '2022-12-16 18:31:40', '2022-12-16 18:31:40'),
(699, 79, 72, 120, 0, NULL, '09:38:40', NULL, NULL, '2022-12-16 18:32:08', '2022-12-16 18:32:08'),
(700, 79, 72, 121, 1, NULL, '10:57:19', '11:06:42', NULL, '2022-12-16 18:32:08', '2022-12-16 18:32:08'),
(701, 79, 72, 122, 1, NULL, '11:55:43', '12:22:04', NULL, '2022-12-16 18:32:08', '2022-12-16 18:32:08'),
(702, 79, 72, 123, 1, NULL, '13:09:13', '13:19:11', NULL, '2022-12-16 18:32:08', '2022-12-16 18:32:08'),
(703, 79, 72, 124, 2, NULL, NULL, NULL, 1, '2022-12-16 18:32:08', '2022-12-16 18:32:08'),
(704, 79, 72, 125, 2, NULL, NULL, NULL, 1, '2022-12-16 18:32:08', '2022-12-16 18:32:08'),
(705, 79, 72, 126, 2, NULL, NULL, NULL, 1, '2022-12-16 18:32:08', '2022-12-16 18:32:08'),
(706, 79, 72, 127, 2, NULL, NULL, NULL, 1, '2022-12-16 18:32:08', '2022-12-16 18:32:08'),
(707, 79, 72, 128, 2, NULL, NULL, NULL, 1, '2022-12-16 18:32:08', '2022-12-16 18:32:08'),
(708, 79, 72, 129, 3, NULL, NULL, '14:35:31', NULL, '2022-12-16 18:32:08', '2022-12-16 18:32:08'),
(709, 80, 73, 120, 0, NULL, '10:32:06', NULL, NULL, '2022-12-16 18:32:42', '2022-12-16 18:32:42'),
(710, 80, 73, 121, 1, NULL, '12:00:16', '12:00:16', NULL, '2022-12-16 18:32:42', '2022-12-16 18:32:42'),
(711, 80, 73, 122, 1, NULL, '12:00:16', '12:00:16', NULL, '2022-12-16 18:32:42', '2022-12-16 18:32:42'),
(712, 80, 73, 123, 1, NULL, '14:26:33', '14:36:33', NULL, '2022-12-16 18:32:42', '2022-12-16 18:32:42'),
(713, 80, 73, 124, 2, NULL, NULL, NULL, 1, '2022-12-16 18:32:42', '2022-12-16 18:32:42'),
(714, 80, 73, 125, 2, NULL, NULL, NULL, 1, '2022-12-16 18:32:42', '2022-12-16 18:32:42'),
(715, 80, 73, 126, 2, NULL, NULL, NULL, 1, '2022-12-16 18:32:42', '2022-12-16 18:32:42'),
(716, 80, 73, 127, 2, NULL, NULL, NULL, 1, '2022-12-16 18:32:42', '2022-12-16 18:32:42'),
(717, 80, 73, 128, 2, NULL, NULL, NULL, 1, '2022-12-16 18:32:42', '2022-12-16 18:32:42'),
(718, 80, 73, 129, 3, NULL, NULL, '15:59:50', NULL, '2022-12-16 18:32:42', '2022-12-16 18:32:42'),
(719, 81, 71, 120, 0, NULL, '09:01:24', NULL, NULL, '2022-12-16 18:33:08', '2022-12-16 18:33:08'),
(720, 81, 71, 121, 1, NULL, '10:17:53', '10:25:30', NULL, '2022-12-16 18:33:08', '2022-12-16 18:33:08'),
(721, 81, 71, 122, 1, NULL, '11:09:48', '11:37:08', NULL, '2022-12-16 18:33:08', '2022-12-16 18:33:08'),
(722, 81, 71, 123, 1, NULL, '12:12:49', '12:22:15', NULL, '2022-12-16 18:33:08', '2022-12-16 18:33:08'),
(723, 81, 71, 124, 2, NULL, NULL, NULL, 1, '2022-12-16 18:33:08', '2022-12-16 18:33:08'),
(724, 81, 71, 125, 2, NULL, NULL, NULL, 1, '2022-12-16 18:33:08', '2022-12-16 18:33:08'),
(725, 81, 71, 126, 2, NULL, NULL, NULL, 1, '2022-12-16 18:33:08', '2022-12-16 18:33:08'),
(726, 81, 71, 127, 2, NULL, NULL, NULL, 1, '2022-12-16 18:33:08', '2022-12-16 18:33:08'),
(727, 81, 71, 128, 2, NULL, NULL, NULL, 1, '2022-12-16 18:33:08', '2022-12-16 18:33:08'),
(728, 81, 71, 129, 3, NULL, NULL, '13:19:07', NULL, '2022-12-16 18:33:08', '2022-12-16 18:33:08'),
(729, 82, 70, 120, 0, NULL, '10:34:45', NULL, NULL, '2022-12-16 18:33:35', '2022-12-16 18:33:35'),
(730, 82, 70, 121, 1, NULL, '12:50:40', '13:00:27', NULL, '2022-12-16 18:33:35', '2022-12-16 18:33:35'),
(731, 82, 70, 122, 1, NULL, '14:16:00', '14:46:00', NULL, '2022-12-16 18:33:35', '2022-12-16 18:33:35'),
(732, 82, 70, 123, 1, NULL, '16:17:33', '16:23:58', NULL, '2022-12-16 18:33:35', '2022-12-16 18:33:35'),
(733, 82, 70, 124, 2, NULL, NULL, NULL, 1, '2022-12-16 18:33:35', '2022-12-16 18:33:35'),
(734, 82, 70, 125, 2, NULL, NULL, NULL, 1, '2022-12-16 18:33:35', '2022-12-16 18:33:35'),
(735, 82, 70, 126, 2, NULL, NULL, NULL, 1, '2022-12-16 18:33:35', '2022-12-16 18:33:35'),
(736, 82, 70, 127, 2, NULL, NULL, NULL, 1, '2022-12-16 18:33:35', '2022-12-16 18:33:35'),
(737, 82, 70, 128, 2, NULL, NULL, NULL, 1, '2022-12-16 18:33:35', '2022-12-16 18:33:35'),
(738, 82, 70, 129, 3, NULL, NULL, '19:10:16', NULL, '2022-12-16 18:33:35', '2022-12-16 18:33:35'),
(739, 83, 68, 120, 0, NULL, '09:12:33', NULL, NULL, '2022-12-16 18:33:59', '2022-12-16 18:33:59'),
(740, 83, 68, 121, 1, NULL, '10:28:48', '10:37:01', NULL, '2022-12-16 18:33:59', '2022-12-16 18:33:59'),
(741, 83, 68, 122, 1, NULL, '11:31:26', '12:01:26', NULL, '2022-12-16 18:33:59', '2022-12-16 18:33:59'),
(742, 83, 68, 123, 1, NULL, '13:02:11', '13:11:07', NULL, '2022-12-16 18:33:59', '2022-12-16 18:33:59'),
(743, 83, 68, 124, 2, NULL, NULL, NULL, 1, '2022-12-16 18:33:59', '2022-12-16 18:33:59'),
(744, 83, 68, 125, 2, NULL, NULL, NULL, 1, '2022-12-16 18:33:59', '2022-12-16 18:33:59'),
(745, 83, 68, 126, 2, NULL, NULL, NULL, 1, '2022-12-16 18:33:59', '2022-12-16 18:33:59'),
(746, 83, 68, 127, 2, NULL, NULL, NULL, 1, '2022-12-16 18:33:59', '2022-12-16 18:33:59'),
(747, 83, 68, 128, 2, NULL, NULL, NULL, 1, '2022-12-16 18:33:59', '2022-12-16 18:33:59'),
(748, 83, 68, 129, 3, NULL, NULL, '14:47:21', NULL, '2022-12-16 18:33:59', '2022-12-16 18:33:59'),
(749, 84, 67, 120, 0, NULL, '10:16:50', NULL, NULL, '2022-12-16 18:34:21', '2022-12-16 18:34:21'),
(750, 84, 67, 121, 1, NULL, '11:16:20', '11:26:05', NULL, '2022-12-16 18:34:21', '2022-12-16 18:34:21'),
(751, 84, 67, 122, 1, NULL, '12:04:08', '12:32:53', NULL, '2022-12-16 18:34:21', '2022-12-16 18:34:21'),
(752, 84, 67, 123, 1, NULL, '13:08:40', '13:18:40', NULL, '2022-12-16 18:34:21', '2022-12-16 18:34:21'),
(753, 84, 67, 124, 2, NULL, NULL, NULL, 1, '2022-12-16 18:34:21', '2022-12-16 18:34:21'),
(754, 84, 67, 125, 2, NULL, NULL, NULL, 1, '2022-12-16 18:34:21', '2022-12-16 18:34:21'),
(755, 84, 67, 126, 2, NULL, NULL, NULL, 1, '2022-12-16 18:34:21', '2022-12-16 18:34:21'),
(756, 84, 67, 127, 2, NULL, NULL, NULL, 1, '2022-12-16 18:34:21', '2022-12-16 18:34:21'),
(757, 84, 67, 128, 2, NULL, NULL, NULL, 1, '2022-12-16 18:34:21', '2022-12-16 18:34:21'),
(758, 84, 67, 129, 3, NULL, NULL, '14:15:43', NULL, '2022-12-16 18:34:21', '2022-12-16 18:34:21'),
(759, 85, 69, 120, 0, NULL, '09:08:57', NULL, NULL, '2022-12-16 18:34:51', '2022-12-16 18:34:51'),
(760, 85, 69, 121, 1, NULL, '10:34:14', '10:41:38', NULL, '2022-12-16 18:34:51', '2022-12-16 18:34:51'),
(761, 85, 69, 122, 1, NULL, '11:32:19', '12:01:43', NULL, '2022-12-16 18:34:51', '2022-12-16 18:34:51'),
(762, 85, 69, 123, 1, NULL, '13:01:49', '13:11:13', NULL, '2022-12-16 18:34:51', '2022-12-16 18:34:51'),
(763, 85, 69, 124, 2, NULL, NULL, NULL, 1, '2022-12-16 18:34:51', '2022-12-16 18:34:51'),
(764, 85, 69, 125, 2, NULL, NULL, NULL, 1, '2022-12-16 18:34:51', '2022-12-16 18:34:51'),
(765, 85, 69, 126, 2, NULL, NULL, NULL, 1, '2022-12-16 18:34:51', '2022-12-16 18:34:51'),
(766, 85, 69, 127, 2, NULL, NULL, NULL, 1, '2022-12-16 18:34:51', '2022-12-16 18:34:51'),
(767, 85, 69, 128, 2, NULL, NULL, NULL, 1, '2022-12-16 18:34:51', '2022-12-16 18:34:51'),
(768, 85, 69, 129, 3, NULL, NULL, '15:19:40', NULL, '2022-12-16 18:34:51', '2022-12-16 18:34:51'),
(769, 86, 80, 130, 0, NULL, '09:00:00', NULL, NULL, '2022-12-16 18:44:35', '2022-12-16 18:44:35'),
(770, 86, 80, 131, 1, NULL, '09:02:00', '09:02:01', NULL, '2022-12-16 18:44:35', '2022-12-16 18:44:35'),
(771, 86, 80, 132, 1, NULL, '09:03:00', '09:03:01', NULL, '2022-12-16 18:44:35', '2022-12-16 18:44:35'),
(772, 86, 80, 133, 1, NULL, '09:04:00', '09:04:01', NULL, '2022-12-16 18:44:35', '2022-12-16 18:44:35'),
(773, 86, 80, 134, 2, NULL, NULL, NULL, 1, '2022-12-16 18:44:35', '2022-12-16 18:44:35'),
(774, 86, 80, 135, 2, NULL, NULL, NULL, 1, '2022-12-16 18:44:35', '2022-12-16 18:44:35'),
(775, 86, 80, 136, 2, NULL, NULL, NULL, 1, '2022-12-16 18:44:35', '2022-12-16 18:44:35'),
(776, 86, 80, 137, 2, NULL, NULL, NULL, 1, '2022-12-16 18:44:35', '2022-12-16 18:44:35'),
(777, 86, 80, 138, 2, NULL, NULL, NULL, 1, '2022-12-16 18:44:35', '2022-12-16 18:44:35'),
(778, 86, 80, 139, 3, NULL, NULL, '13:05:00', NULL, '2022-12-16 18:44:35', '2022-12-16 18:44:35'),
(779, 87, 78, 130, 0, NULL, '10:08:40', NULL, NULL, '2022-12-16 18:44:58', '2022-12-16 18:44:58'),
(780, 87, 78, 131, 1, NULL, '11:43:28', '11:53:28', NULL, '2022-12-16 18:44:58', '2022-12-16 18:44:58'),
(781, 87, 78, 132, 1, NULL, '12:52:25', '13:21:54', NULL, '2022-12-16 18:44:58', '2022-12-16 18:44:58'),
(782, 87, 78, 133, 1, NULL, '14:21:20', '14:31:20', NULL, '2022-12-16 18:44:58', '2022-12-16 18:44:58'),
(783, 87, 78, 134, 2, NULL, NULL, NULL, 1, '2022-12-16 18:44:58', '2022-12-16 18:44:58'),
(784, 87, 78, 135, 2, NULL, NULL, NULL, 1, '2022-12-16 18:44:58', '2022-12-16 18:44:58'),
(785, 87, 78, 136, 2, NULL, NULL, NULL, 1, '2022-12-16 18:44:58', '2022-12-16 18:44:58'),
(786, 87, 78, 137, 2, NULL, NULL, NULL, 1, '2022-12-16 18:44:58', '2022-12-16 18:44:58'),
(787, 87, 78, 138, 2, NULL, NULL, NULL, 1, '2022-12-16 18:44:58', '2022-12-16 18:44:58'),
(788, 87, 78, 139, 3, NULL, NULL, '16:21:35', NULL, '2022-12-16 18:44:58', '2022-12-16 18:44:58'),
(789, 88, 77, 130, 0, NULL, '10:27:41', NULL, NULL, '2022-12-16 18:46:18', '2022-12-16 18:46:18'),
(790, 88, 77, 131, 1, NULL, '12:20:11', '12:30:11', NULL, '2022-12-16 18:46:18', '2022-12-16 18:46:18'),
(791, 88, 77, 132, 1, NULL, '13:41:25', '14:11:25', NULL, '2022-12-16 18:46:18', '2022-12-16 18:46:18'),
(792, 88, 77, 133, 1, NULL, '15:21:41', '15:30:40', NULL, '2022-12-16 18:46:18', '2022-12-16 18:46:18'),
(793, 88, 77, 134, 2, NULL, NULL, NULL, 1, '2022-12-16 18:46:18', '2022-12-16 18:46:18'),
(794, 88, 77, 135, 2, NULL, NULL, NULL, 1, '2022-12-16 18:46:18', '2022-12-16 18:46:18'),
(795, 88, 77, 136, 2, NULL, NULL, NULL, 1, '2022-12-16 18:46:18', '2022-12-16 18:46:18'),
(796, 88, 77, 137, 2, NULL, NULL, NULL, 1, '2022-12-16 18:46:18', '2022-12-16 18:46:18'),
(797, 88, 77, 138, 2, NULL, NULL, NULL, 1, '2022-12-16 18:46:18', '2022-12-16 18:46:18'),
(798, 88, 77, 139, 3, NULL, NULL, '17:31:56', NULL, '2022-12-16 18:46:18', '2022-12-16 18:46:18'),
(799, 89, 81, 130, 0, NULL, '08:58:01', NULL, NULL, '2022-12-16 18:46:48', '2022-12-16 18:46:48'),
(800, 89, 81, 131, 1, NULL, '10:40:06', '10:48:34', NULL, '2022-12-16 18:46:48', '2022-12-16 18:46:48'),
(801, 89, 81, 132, 1, NULL, '12:12:27', '12:41:01', NULL, '2022-12-16 18:46:48', '2022-12-16 18:46:48'),
(802, 89, 81, 133, 1, NULL, '13:57:06', '14:07:00', NULL, '2022-12-16 18:46:48', '2022-12-16 18:46:48'),
(803, 89, 81, 134, 2, NULL, NULL, NULL, 1, '2022-12-16 18:46:48', '2022-12-16 18:46:48'),
(804, 89, 81, 135, 2, NULL, NULL, NULL, 1, '2022-12-16 18:46:48', '2022-12-16 18:46:48'),
(805, 89, 81, 136, 2, NULL, NULL, NULL, 1, '2022-12-16 18:46:48', '2022-12-16 18:46:48'),
(806, 89, 81, 137, 2, NULL, NULL, NULL, 1, '2022-12-16 18:46:48', '2022-12-16 18:46:48'),
(807, 89, 81, 138, 2, NULL, NULL, NULL, 1, '2022-12-16 18:46:48', '2022-12-16 18:46:48'),
(808, 89, 81, 139, 3, NULL, NULL, '16:07:49', NULL, '2022-12-16 18:46:48', '2022-12-16 18:46:48'),
(809, 90, 79, 130, 0, NULL, '09:48:40', NULL, NULL, '2022-12-16 18:47:11', '2022-12-16 18:47:11'),
(810, 90, 79, 131, 1, NULL, '10:58:48', '11:05:15', NULL, '2022-12-16 18:47:11', '2022-12-16 18:47:11'),
(811, 90, 79, 132, 1, NULL, '12:05:16', '12:20:56', NULL, '2022-12-16 18:47:11', '2022-12-16 18:47:11'),
(812, 90, 79, 133, 1, NULL, '13:06:10', '13:06:10', NULL, '2022-12-16 18:47:11', '2022-12-16 18:47:11'),
(813, 90, 79, 134, 2, NULL, NULL, NULL, 1, '2022-12-16 18:47:11', '2022-12-16 18:47:11'),
(814, 90, 79, 135, 2, NULL, NULL, NULL, 1, '2022-12-16 18:47:11', '2022-12-16 18:47:11'),
(815, 90, 79, 136, 2, NULL, NULL, NULL, 1, '2022-12-16 18:47:11', '2022-12-16 18:47:11'),
(816, 90, 79, 137, 2, NULL, NULL, NULL, 1, '2022-12-16 18:47:11', '2022-12-16 18:47:11'),
(817, 90, 79, 138, 2, NULL, NULL, NULL, 1, '2022-12-16 18:47:11', '2022-12-16 18:47:11'),
(818, 90, 79, 139, 3, NULL, NULL, '14:26:00', NULL, '2022-12-16 18:47:11', '2022-12-16 18:47:11'),
(819, 91, 87, 140, 0, NULL, '10:43:23', NULL, NULL, '2022-12-16 18:59:33', '2022-12-16 18:59:33'),
(820, 91, 87, 141, 1, NULL, '12:40:27', '12:50:08', NULL, '2022-12-16 18:59:33', '2022-12-16 18:59:33'),
(821, 91, 87, 142, 1, NULL, '14:08:26', '14:38:26', NULL, '2022-12-16 18:59:33', '2022-12-16 18:59:33'),
(822, 91, 87, 143, 1, NULL, '16:11:55', '16:21:38', NULL, '2022-12-16 18:59:33', '2022-12-16 18:59:33'),
(823, 91, 87, 144, 2, NULL, NULL, NULL, 1, '2022-12-16 18:59:33', '2022-12-16 18:59:33'),
(824, 91, 87, 145, 2, NULL, NULL, NULL, 1, '2022-12-16 18:59:33', '2022-12-16 18:59:33'),
(825, 91, 87, 146, 2, NULL, NULL, NULL, 1, '2022-12-16 18:59:33', '2022-12-16 18:59:33'),
(826, 91, 87, 147, 2, NULL, NULL, NULL, 1, '2022-12-16 18:59:33', '2022-12-16 18:59:33'),
(827, 91, 87, 148, 2, NULL, NULL, NULL, 1, '2022-12-16 18:59:33', '2022-12-16 18:59:33'),
(828, 91, 87, 149, 3, NULL, NULL, '18:52:00', NULL, '2022-12-16 18:59:33', '2022-12-16 18:59:33'),
(829, 92, 86, 140, 0, NULL, '10:30:13', NULL, NULL, '2022-12-16 18:59:57', '2022-12-16 18:59:57'),
(830, 92, 86, 141, 1, NULL, '12:03:22', '12:12:03', NULL, '2022-12-16 18:59:57', '2022-12-16 18:59:57'),
(831, 92, 86, 142, 1, NULL, '13:10:52', '13:40:52', NULL, '2022-12-16 18:59:57', '2022-12-16 18:59:57'),
(832, 92, 86, 143, 1, NULL, '14:40:03', '14:49:50', NULL, '2022-12-16 18:59:57', '2022-12-16 18:59:57'),
(833, 92, 86, 144, 2, NULL, NULL, NULL, 1, '2022-12-16 18:59:57', '2022-12-16 18:59:57'),
(834, 92, 86, 145, 2, NULL, NULL, NULL, 1, '2022-12-16 18:59:57', '2022-12-16 18:59:57'),
(835, 92, 86, 146, 2, NULL, NULL, NULL, 1, '2022-12-16 18:59:57', '2022-12-16 18:59:57'),
(836, 92, 86, 147, 2, NULL, NULL, NULL, 1, '2022-12-16 18:59:57', '2022-12-16 18:59:57'),
(837, 92, 86, 148, 2, NULL, NULL, NULL, 1, '2022-12-16 18:59:57', '2022-12-16 18:59:57'),
(838, 92, 86, 149, 3, NULL, NULL, '16:08:33', NULL, '2022-12-16 18:59:57', '2022-12-16 18:59:57'),
(839, 93, 83, 140, 0, NULL, '10:15:00', NULL, NULL, '2022-12-16 19:00:21', '2022-12-16 19:00:21'),
(840, 93, 83, 141, 1, NULL, '12:38:24', '12:47:28', NULL, '2022-12-16 19:00:21', '2022-12-16 19:00:21'),
(841, 93, 83, 142, 1, NULL, '14:15:17', '14:45:17', NULL, '2022-12-16 19:00:21', '2022-12-16 19:00:21'),
(842, 93, 83, 143, 1, NULL, '16:25:24', '16:32:45', NULL, '2022-12-16 19:00:21', '2022-12-16 19:00:21'),
(843, 93, 83, 144, 2, NULL, NULL, NULL, 1, '2022-12-16 19:00:21', '2022-12-16 19:00:21'),
(844, 93, 83, 145, 2, NULL, NULL, NULL, 1, '2022-12-16 19:00:21', '2022-12-16 19:00:21'),
(845, 93, 83, 146, 2, NULL, NULL, NULL, 1, '2022-12-16 19:00:21', '2022-12-16 19:00:21'),
(846, 93, 83, 147, 2, NULL, NULL, NULL, 1, '2022-12-16 19:00:21', '2022-12-16 19:00:21'),
(847, 93, 83, 148, 2, NULL, NULL, NULL, 1, '2022-12-16 19:00:21', '2022-12-16 19:00:21'),
(848, 93, 83, 149, 3, NULL, NULL, '19:30:12', NULL, '2022-12-16 19:00:21', '2022-12-16 19:00:21'),
(849, 94, 85, 140, 0, NULL, '10:06:42', NULL, NULL, '2022-12-16 19:00:50', '2022-12-16 19:00:50'),
(850, 94, 85, 141, 1, NULL, '11:44:29', '11:54:29', NULL, '2022-12-16 19:00:50', '2022-12-16 19:00:50'),
(851, 94, 85, 142, 1, NULL, '12:52:29', '13:20:26', NULL, '2022-12-16 19:00:50', '2022-12-16 19:00:50'),
(852, 94, 85, 143, 1, NULL, '14:16:34', '14:26:03', NULL, '2022-12-16 19:00:50', '2022-12-16 19:00:50'),
(853, 94, 85, 144, 2, NULL, NULL, NULL, 1, '2022-12-16 19:00:50', '2022-12-16 19:00:50'),
(854, 94, 85, 145, 2, NULL, NULL, NULL, 1, '2022-12-16 19:00:50', '2022-12-16 19:00:50'),
(855, 94, 85, 146, 2, NULL, NULL, NULL, 1, '2022-12-16 19:00:50', '2022-12-16 19:00:50'),
(856, 94, 85, 147, 2, NULL, NULL, NULL, 1, '2022-12-16 19:00:50', '2022-12-16 19:00:50'),
(857, 94, 85, 148, 2, NULL, NULL, NULL, 1, '2022-12-16 19:00:50', '2022-12-16 19:00:50'),
(858, 94, 85, 149, 3, NULL, NULL, '16:02:11', NULL, '2022-12-16 19:00:50', '2022-12-16 19:00:50'),
(859, 95, 84, 140, 0, NULL, '09:25:42', NULL, NULL, '2022-12-16 19:01:27', '2022-12-16 19:01:27'),
(860, 95, 84, 141, 1, NULL, '11:09:40', '11:19:19', NULL, '2022-12-16 19:01:27', '2022-12-16 19:01:27'),
(861, 95, 84, 142, 1, NULL, '12:23:40', '12:45:49', NULL, '2022-12-16 19:01:27', '2022-12-16 19:01:27'),
(862, 95, 84, 143, 1, NULL, '13:49:43', '13:59:43', NULL, '2022-12-16 19:01:27', '2022-12-16 19:01:27'),
(863, 95, 84, 144, 2, NULL, NULL, NULL, 1, '2022-12-16 19:01:27', '2022-12-16 19:01:27'),
(864, 95, 84, 145, 2, NULL, NULL, NULL, 1, '2022-12-16 19:01:27', '2022-12-16 19:01:27'),
(865, 95, 84, 146, 2, NULL, NULL, NULL, 1, '2022-12-16 19:01:27', '2022-12-16 19:01:27'),
(866, 95, 84, 147, 2, NULL, NULL, NULL, 1, '2022-12-16 19:01:27', '2022-12-16 19:01:27'),
(867, 95, 84, 148, 2, NULL, NULL, NULL, 1, '2022-12-16 19:01:27', '2022-12-16 19:01:27'),
(868, 95, 84, 149, 3, NULL, NULL, '16:00:01', NULL, '2022-12-16 19:01:27', '2022-12-16 19:01:27'),
(869, 96, 82, 140, 0, NULL, '10:46:29', NULL, NULL, '2022-12-16 19:01:51', '2022-12-16 19:01:51'),
(870, 96, 82, 141, 1, NULL, '12:58:23', '13:08:23', NULL, '2022-12-16 19:01:51', '2022-12-16 19:01:51'),
(871, 96, 82, 142, 1, NULL, '14:26:02', '14:53:39', NULL, '2022-12-16 19:01:51', '2022-12-16 19:01:51'),
(872, 96, 82, 143, 1, NULL, '16:04:30', '16:12:43', NULL, '2022-12-16 19:01:51', '2022-12-16 19:01:51'),
(873, 96, 82, 144, 2, NULL, NULL, NULL, 1, '2022-12-16 19:01:51', '2022-12-16 19:01:51'),
(874, 96, 82, 145, 2, NULL, NULL, NULL, 1, '2022-12-16 19:01:51', '2022-12-16 19:01:51'),
(875, 96, 82, 146, 2, NULL, NULL, NULL, 1, '2022-12-16 19:01:51', '2022-12-16 19:01:51'),
(876, 96, 82, 147, 2, NULL, NULL, NULL, 1, '2022-12-16 19:01:51', '2022-12-16 19:01:51'),
(877, 96, 82, 148, 2, NULL, NULL, NULL, 1, '2022-12-16 19:01:51', '2022-12-16 19:01:51'),
(878, 96, 82, 149, 3, NULL, NULL, '18:13:45', NULL, '2022-12-16 19:01:51', '2022-12-16 19:01:51'),
(879, 97, 93, 150, 0, NULL, '09:39:28', NULL, NULL, '2022-12-16 19:13:30', '2022-12-16 19:13:30'),
(880, 97, 93, 151, 1, NULL, '11:18:25', '11:26:47', NULL, '2022-12-16 19:13:30', '2022-12-16 19:13:30'),
(881, 97, 93, 152, 1, NULL, '12:28:18', '12:52:00', NULL, '2022-12-16 19:13:30', '2022-12-16 19:13:30'),
(882, 97, 93, 153, 1, NULL, '13:52:31', '14:00:35', NULL, '2022-12-16 19:13:30', '2022-12-16 19:13:30'),
(883, 97, 93, 154, 2, NULL, NULL, NULL, 1, '2022-12-16 19:13:30', '2022-12-16 19:13:30'),
(884, 97, 93, 155, 2, NULL, NULL, NULL, 1, '2022-12-16 19:13:30', '2022-12-16 19:13:30'),
(885, 97, 93, 156, 2, NULL, NULL, NULL, 1, '2022-12-16 19:13:30', '2022-12-16 19:13:30'),
(886, 97, 93, 157, 2, NULL, NULL, NULL, 1, '2022-12-16 19:13:30', '2022-12-16 19:13:30'),
(887, 97, 93, 158, 2, NULL, NULL, NULL, 1, '2022-12-16 19:13:30', '2022-12-16 19:13:30'),
(888, 97, 93, 159, 3, NULL, NULL, '16:02:45', NULL, '2022-12-16 19:13:30', '2022-12-16 19:13:30'),
(889, 98, 92, 150, 0, NULL, '10:39:56', NULL, NULL, '2022-12-16 19:13:54', '2022-12-16 19:13:54'),
(890, 98, 92, 151, 1, NULL, '12:09:55', '12:19:40', NULL, '2022-12-16 19:13:54', '2022-12-16 19:13:54'),
(891, 98, 92, 152, 1, NULL, '13:08:41', '13:36:35', NULL, '2022-12-16 19:13:54', '2022-12-16 19:13:54'),
(892, 98, 92, 153, 1, NULL, '14:31:27', '14:39:25', NULL, '2022-12-16 19:13:54', '2022-12-16 19:13:54'),
(893, 98, 92, 154, 2, NULL, NULL, NULL, 1, '2022-12-16 19:13:54', '2022-12-16 19:13:54'),
(894, 98, 92, 155, 2, NULL, NULL, NULL, 1, '2022-12-16 19:13:54', '2022-12-16 19:13:54'),
(895, 98, 92, 156, 2, NULL, NULL, NULL, 1, '2022-12-16 19:13:54', '2022-12-16 19:13:54'),
(896, 98, 92, 157, 2, NULL, NULL, NULL, 1, '2022-12-16 19:13:54', '2022-12-16 19:13:54'),
(897, 98, 92, 158, 2, NULL, NULL, NULL, 1, '2022-12-16 19:13:54', '2022-12-16 19:13:54'),
(898, 98, 92, 159, 3, NULL, NULL, '16:14:31', NULL, '2022-12-16 19:13:54', '2022-12-16 19:13:54'),
(899, 99, 91, 150, 0, NULL, '10:08:18', NULL, NULL, '2022-12-16 19:14:22', '2022-12-16 19:14:22'),
(900, 99, 91, 151, 1, NULL, '11:32:39', '11:38:12', NULL, '2022-12-16 19:14:22', '2022-12-16 19:14:22'),
(901, 99, 91, 152, 1, NULL, '12:30:42', '12:55:45', NULL, '2022-12-16 19:14:22', '2022-12-16 19:14:22'),
(902, 99, 91, 153, 1, NULL, '13:48:44', '13:56:04', NULL, '2022-12-16 19:14:22', '2022-12-16 19:14:22'),
(903, 99, 91, 154, 2, NULL, NULL, NULL, 1, '2022-12-16 19:14:22', '2022-12-16 19:14:22'),
(904, 99, 91, 155, 2, NULL, NULL, NULL, 1, '2022-12-16 19:14:22', '2022-12-16 19:14:22'),
(905, 99, 91, 156, 2, NULL, NULL, NULL, 1, '2022-12-16 19:14:22', '2022-12-16 19:14:22'),
(906, 99, 91, 157, 2, NULL, NULL, NULL, 1, '2022-12-16 19:14:22', '2022-12-16 19:14:22'),
(907, 99, 91, 158, 2, NULL, NULL, NULL, 1, '2022-12-16 19:14:22', '2022-12-16 19:14:22'),
(908, 99, 91, 159, 3, NULL, NULL, '15:35:58', NULL, '2022-12-16 19:14:22', '2022-12-16 19:14:22'),
(909, 100, 88, 150, 0, NULL, '09:00:32', NULL, NULL, '2022-12-16 19:14:43', '2022-12-16 19:14:43'),
(910, 100, 88, 151, 1, NULL, '11:11:31', '11:21:26', NULL, '2022-12-16 19:14:43', '2022-12-16 19:14:43'),
(911, 100, 88, 152, 1, NULL, '12:50:45', '13:19:17', NULL, '2022-12-16 19:14:43', '2022-12-16 19:14:43'),
(912, 100, 88, 153, 1, NULL, '14:35:57', '14:36:40', NULL, '2022-12-16 19:14:43', '2022-12-16 19:14:43'),
(913, 100, 88, 154, 2, NULL, NULL, NULL, 1, '2022-12-16 19:14:43', '2022-12-16 19:14:43'),
(914, 100, 88, 155, 2, NULL, NULL, NULL, 1, '2022-12-16 19:14:43', '2022-12-16 19:14:43'),
(915, 100, 88, 156, 2, NULL, NULL, NULL, 1, '2022-12-16 19:14:43', '2022-12-16 19:14:43'),
(916, 100, 88, 157, 2, NULL, NULL, NULL, 1, '2022-12-16 19:14:43', '2022-12-16 19:14:43'),
(917, 100, 88, 158, 2, NULL, NULL, NULL, 1, '2022-12-16 19:14:43', '2022-12-16 19:14:43'),
(918, 100, 88, 159, 3, NULL, NULL, '17:15:07', NULL, '2022-12-16 19:14:43', '2022-12-16 19:14:43'),
(919, 101, 89, 150, 0, NULL, '09:16:49', NULL, NULL, '2022-12-16 19:15:04', '2022-12-16 19:15:04'),
(920, 101, 89, 151, 1, NULL, '10:40:12', '10:48:43', NULL, '2022-12-16 19:15:04', '2022-12-16 19:15:04'),
(921, 101, 89, 152, 1, NULL, '11:35:06', '12:02:11', NULL, '2022-12-16 19:15:04', '2022-12-16 19:15:04'),
(922, 101, 89, 153, 1, NULL, '13:05:30', '13:14:28', NULL, '2022-12-16 19:15:04', '2022-12-16 19:15:04'),
(923, 101, 89, 154, 2, NULL, NULL, NULL, 1, '2022-12-16 19:15:04', '2022-12-16 19:15:04'),
(924, 101, 89, 155, 2, NULL, NULL, NULL, 1, '2022-12-16 19:15:04', '2022-12-16 19:15:04'),
(925, 101, 89, 156, 2, NULL, NULL, NULL, 1, '2022-12-16 19:15:04', '2022-12-16 19:15:04'),
(926, 101, 89, 157, 2, NULL, NULL, NULL, 1, '2022-12-16 19:15:04', '2022-12-16 19:15:04'),
(927, 101, 89, 158, 2, NULL, NULL, NULL, 1, '2022-12-16 19:15:04', '2022-12-16 19:15:04'),
(928, 101, 89, 159, 3, NULL, NULL, '14:42:25', NULL, '2022-12-16 19:15:04', '2022-12-16 19:15:04'),
(929, 102, 90, 150, 0, NULL, '09:00:00', NULL, NULL, '2022-12-16 19:15:38', '2022-12-16 19:15:38'),
(930, 102, 90, 151, 1, NULL, '09:00:11', '09:00:12', NULL, '2022-12-16 19:15:38', '2022-12-16 19:15:38'),
(931, 102, 90, 152, 1, NULL, '09:00:15', '09:00:20', NULL, '2022-12-16 19:15:38', '2022-12-16 19:15:38'),
(932, 102, 90, 153, 1, NULL, '09:00:30', '09:01:00', NULL, '2022-12-16 19:15:38', '2022-12-16 19:15:38'),
(933, 102, 90, 154, 2, NULL, NULL, NULL, 1, '2022-12-16 19:15:38', '2022-12-16 19:15:38'),
(934, 102, 90, 155, 2, NULL, NULL, NULL, 1, '2022-12-16 19:15:38', '2022-12-16 19:15:38'),
(935, 102, 90, 156, 2, NULL, NULL, NULL, 1, '2022-12-16 19:15:38', '2022-12-16 19:15:38'),
(936, 102, 90, 157, 2, NULL, NULL, NULL, 1, '2022-12-16 19:15:38', '2022-12-16 19:15:38'),
(937, 102, 90, 158, 2, NULL, NULL, NULL, 1, '2022-12-16 19:15:38', '2022-12-16 19:15:38'),
(938, 102, 90, 159, 3, NULL, NULL, '14:35:00', NULL, '2022-12-16 19:15:38', '2022-12-16 19:15:38'),
(939, 103, 1, 92, 0, NULL, '11:00:35', NULL, NULL, '2022-12-16 19:44:35', '2022-12-16 19:44:35'),
(940, 103, 1, 93, 1, NULL, '11:45:35', '11:45:36', NULL, '2022-12-16 19:44:35', '2022-12-16 19:44:35'),
(941, 103, 1, 94, 1, NULL, '13:20:56', '13:47:50', NULL, '2022-12-16 19:44:35', '2022-12-16 19:44:35'),
(942, 103, 1, 95, 2, NULL, NULL, NULL, 1, '2022-12-16 19:44:35', '2022-12-16 19:44:35'),
(943, 103, 1, 96, 2, NULL, NULL, NULL, 1, '2022-12-16 19:44:35', '2022-12-16 19:44:35'),
(944, 103, 1, 97, 2, NULL, NULL, NULL, 1, '2022-12-16 19:44:35', '2022-12-16 19:44:35'),
(945, 103, 1, 98, 2, NULL, NULL, NULL, 1, '2022-12-16 19:44:35', '2022-12-16 19:44:35'),
(946, 103, 1, 99, 3, NULL, NULL, '15:22:28', NULL, '2022-12-16 19:44:35', '2022-12-16 19:44:35'),
(947, 104, 2, 92, 0, NULL, '11:09:52', NULL, NULL, '2022-12-16 19:46:52', '2022-12-16 19:46:52'),
(948, 104, 2, 93, 1, NULL, '11:54:52', '11:54:53', NULL, '2022-12-16 19:46:52', '2022-12-16 19:46:52'),
(949, 104, 2, 94, 1, NULL, '13:58:34', '14:17:35', NULL, '2022-12-16 19:46:52', '2022-12-16 19:46:52'),
(950, 104, 2, 95, 2, NULL, NULL, NULL, 1, '2022-12-16 19:46:52', '2022-12-16 19:46:52'),
(951, 104, 2, 96, 2, NULL, NULL, NULL, 1, '2022-12-16 19:46:52', '2022-12-16 19:46:52'),
(952, 104, 2, 97, 2, NULL, NULL, NULL, 1, '2022-12-16 19:46:52', '2022-12-16 19:46:52'),
(953, 104, 2, 98, 2, NULL, NULL, NULL, 1, '2022-12-16 19:46:52', '2022-12-16 19:46:52'),
(954, 104, 2, 99, 3, NULL, NULL, '16:28:41', NULL, '2022-12-16 19:46:52', '2022-12-16 19:46:52');

--
-- Truncate table before insert `raidmontan_stations`
--

TRUNCATE TABLE `raidmontan_stations`;
--
-- Dumping data for table `raidmontan_stations`
--

INSERT INTO `raidmontan_stations` (`id`, `category_id`, `station_type`, `maximum_time`, `points`, `created_at`, `updated_at`) VALUES
(92, 1, 0, NULL, NULL, '2022-12-11 16:53:28', '2022-12-11 16:53:28'),
(93, 1, 1, 45, NULL, '2022-12-11 16:53:28', '2022-12-11 16:53:28'),
(94, 1, 1, 60, NULL, '2022-12-11 16:53:28', '2022-12-11 16:53:28'),
(95, 1, 2, NULL, 500, '2022-12-11 16:53:28', '2022-12-11 16:53:28'),
(96, 1, 2, NULL, 500, '2022-12-11 16:53:28', '2022-12-11 16:53:28'),
(97, 1, 2, NULL, 500, '2022-12-11 16:53:28', '2022-12-11 16:53:28'),
(98, 1, 2, NULL, 500, '2022-12-11 16:53:28', '2022-12-11 16:53:28'),
(99, 1, 3, 100, NULL, '2022-12-11 16:53:28', '2022-12-11 16:53:28'),
(100, 4, 0, NULL, NULL, '2022-12-15 16:05:41', '2022-12-15 16:05:41'),
(101, 4, 1, 100, NULL, '2022-12-15 16:05:41', '2022-12-15 16:05:41'),
(102, 4, 1, 90, NULL, '2022-12-15 16:05:41', '2022-12-15 16:05:41'),
(103, 4, 1, 80, NULL, '2022-12-15 16:05:41', '2022-12-15 16:05:41'),
(104, 4, 2, NULL, 500, '2022-12-15 16:05:41', '2022-12-15 16:05:41'),
(105, 4, 2, NULL, 500, '2022-12-15 16:05:41', '2022-12-15 16:05:41'),
(106, 4, 2, NULL, 500, '2022-12-15 16:05:41', '2022-12-15 16:05:41'),
(107, 4, 2, NULL, 500, '2022-12-15 16:05:41', '2022-12-15 16:05:41'),
(108, 4, 2, NULL, 500, '2022-12-15 16:05:41', '2022-12-15 16:05:41'),
(109, 4, 3, 100, NULL, '2022-12-15 16:05:41', '2022-12-15 16:05:41'),
(110, 2, 0, NULL, NULL, '2022-12-16 16:42:19', '2022-12-16 16:42:19'),
(111, 2, 1, 95, NULL, '2022-12-16 16:42:19', '2022-12-16 16:42:19'),
(112, 2, 1, 85, NULL, '2022-12-16 16:42:19', '2022-12-16 16:42:19'),
(113, 2, 1, 65, NULL, '2022-12-16 16:42:19', '2022-12-16 16:42:19'),
(114, 2, 2, NULL, 500, '2022-12-16 16:42:19', '2022-12-16 16:42:19'),
(115, 2, 2, NULL, 500, '2022-12-16 16:42:19', '2022-12-16 16:42:19'),
(116, 2, 2, NULL, 500, '2022-12-16 16:42:19', '2022-12-16 16:42:19'),
(117, 2, 2, NULL, 500, '2022-12-16 16:42:19', '2022-12-16 16:42:19'),
(118, 2, 2, NULL, 500, '2022-12-16 16:42:19', '2022-12-16 16:42:19'),
(119, 2, 3, 80, NULL, '2022-12-16 16:42:19', '2022-12-16 16:42:19'),
(120, 3, 0, NULL, NULL, '2022-12-16 17:37:14', '2022-12-16 17:37:14'),
(121, 3, 1, 65, NULL, '2022-12-16 17:37:14', '2022-12-16 17:37:14'),
(122, 3, 1, 55, NULL, '2022-12-16 17:37:14', '2022-12-16 17:37:14'),
(123, 3, 1, 35, NULL, '2022-12-16 17:37:14', '2022-12-16 17:37:14'),
(124, 3, 2, NULL, 500, '2022-12-16 17:37:14', '2022-12-16 17:37:14'),
(125, 3, 2, NULL, 500, '2022-12-16 17:37:14', '2022-12-16 17:37:14'),
(126, 3, 2, NULL, 500, '2022-12-16 17:37:14', '2022-12-16 17:37:14'),
(127, 3, 2, NULL, 500, '2022-12-16 17:37:14', '2022-12-16 17:37:14'),
(128, 3, 2, NULL, 500, '2022-12-16 17:37:14', '2022-12-16 17:37:14'),
(129, 3, 3, 50, NULL, '2022-12-16 17:37:14', '2022-12-16 17:37:14'),
(130, 5, 0, NULL, NULL, '2022-12-16 18:43:32', '2022-12-16 18:43:32'),
(131, 5, 1, 100, NULL, '2022-12-16 18:43:32', '2022-12-16 18:43:32'),
(132, 5, 1, 90, NULL, '2022-12-16 18:43:32', '2022-12-16 18:43:32'),
(133, 5, 1, 75, NULL, '2022-12-16 18:43:32', '2022-12-16 18:43:32'),
(134, 5, 2, NULL, 500, '2022-12-16 18:43:32', '2022-12-16 18:43:32'),
(135, 5, 2, NULL, 500, '2022-12-16 18:43:32', '2022-12-16 18:43:32'),
(136, 5, 2, NULL, 500, '2022-12-16 18:43:32', '2022-12-16 18:43:32'),
(137, 5, 2, NULL, 500, '2022-12-16 18:43:32', '2022-12-16 18:43:32'),
(138, 5, 2, NULL, 500, '2022-12-16 18:43:32', '2022-12-16 18:43:32'),
(139, 5, 3, 85, NULL, '2022-12-16 18:43:32', '2022-12-16 18:43:32'),
(140, 6, 0, NULL, NULL, '2022-12-16 18:48:17', '2022-12-16 18:48:17'),
(141, 6, 1, 90, NULL, '2022-12-16 18:48:17', '2022-12-16 18:48:17'),
(142, 6, 1, 80, NULL, '2022-12-16 18:48:17', '2022-12-16 18:48:17'),
(143, 6, 1, 60, NULL, '2022-12-16 18:48:17', '2022-12-16 18:48:17'),
(144, 6, 2, NULL, 500, '2022-12-16 18:48:17', '2022-12-16 18:48:17'),
(145, 6, 2, NULL, 500, '2022-12-16 18:48:17', '2022-12-16 18:48:17'),
(146, 6, 2, NULL, 500, '2022-12-16 18:48:17', '2022-12-16 18:48:17'),
(147, 6, 2, NULL, 500, '2022-12-16 18:48:17', '2022-12-16 18:48:17'),
(148, 6, 2, NULL, 500, '2022-12-16 18:48:17', '2022-12-16 18:48:17'),
(149, 6, 3, 75, NULL, '2022-12-16 18:48:17', '2022-12-16 18:48:17'),
(150, 7, 0, NULL, NULL, '2022-12-16 18:48:55', '2022-12-16 18:48:55'),
(151, 7, 1, 85, NULL, '2022-12-16 18:48:55', '2022-12-16 18:48:55'),
(152, 7, 1, 75, NULL, '2022-12-16 18:48:55', '2022-12-16 18:48:55'),
(153, 7, 1, 60, NULL, '2022-12-16 18:48:55', '2022-12-16 18:48:55'),
(154, 7, 2, NULL, 500, '2022-12-16 18:48:55', '2022-12-16 18:48:55'),
(155, 7, 2, NULL, 500, '2022-12-16 18:48:55', '2022-12-16 18:48:55'),
(156, 7, 2, NULL, 500, '2022-12-16 18:48:55', '2022-12-16 18:48:55'),
(157, 7, 2, NULL, 500, '2022-12-16 18:48:55', '2022-12-16 18:48:55'),
(158, 7, 2, NULL, 500, '2022-12-16 18:48:55', '2022-12-16 18:48:55'),
(159, 7, 3, 70, NULL, '2022-12-16 18:48:55', '2022-12-16 18:48:55');

--
-- Truncate table before insert `raidmontan_stations_stages`
--

TRUNCATE TABLE `raidmontan_stations_stages`;
--
-- Dumping data for table `raidmontan_stations_stages`
--

INSERT INTO `raidmontan_stations_stages` (`id`, `category_id`, `post`, `time`, `created_at`, `updated_at`) VALUES
(36, 1, 251, NULL, '2022-12-11 19:00:37', '2022-12-11 19:00:37'),
(37, 1, 25, 10, '2022-12-11 19:00:37', '2022-12-11 19:00:37'),
(38, 1, 26, 30, '2022-12-11 19:00:37', '2022-12-11 19:00:37'),
(39, 1, 252, NULL, '2022-12-11 19:00:37', '2022-12-11 19:00:37'),
(40, 2, 251, NULL, '2022-12-16 16:48:30', '2022-12-16 16:48:30'),
(41, 2, 1, 10, '2022-12-16 16:48:30', '2022-12-16 16:48:30'),
(42, 2, 2, 30, '2022-12-16 16:48:30', '2022-12-16 16:48:30'),
(43, 2, 3, 10, '2022-12-16 16:48:30', '2022-12-16 16:48:30'),
(44, 2, 252, NULL, '2022-12-16 16:48:30', '2022-12-16 16:48:30'),
(45, 3, 251, NULL, '2022-12-16 17:37:40', '2022-12-16 17:37:40'),
(46, 3, 1, 10, '2022-12-16 17:37:40', '2022-12-16 17:37:40'),
(47, 3, 2, 30, '2022-12-16 17:37:40', '2022-12-16 17:37:40'),
(48, 3, 3, 10, '2022-12-16 17:37:40', '2022-12-16 17:37:40'),
(49, 3, 252, NULL, '2022-12-16 17:37:40', '2022-12-16 17:37:40'),
(50, 4, 251, NULL, '2022-12-16 17:37:49', '2022-12-16 17:37:49'),
(51, 4, 1, 10, '2022-12-16 17:37:49', '2022-12-16 17:37:49'),
(52, 4, 2, 30, '2022-12-16 17:37:49', '2022-12-16 17:37:49'),
(53, 4, 3, 10, '2022-12-16 17:37:49', '2022-12-16 17:37:49'),
(54, 4, 252, NULL, '2022-12-16 17:37:49', '2022-12-16 17:37:49'),
(55, 5, 251, NULL, '2022-12-16 18:43:43', '2022-12-16 18:43:43'),
(56, 5, 1, 10, '2022-12-16 18:43:43', '2022-12-16 18:43:43'),
(57, 5, 2, 30, '2022-12-16 18:43:43', '2022-12-16 18:43:43'),
(58, 5, 3, 10, '2022-12-16 18:43:43', '2022-12-16 18:43:43'),
(59, 5, 252, NULL, '2022-12-16 18:43:43', '2022-12-16 18:43:43'),
(60, 6, 251, NULL, '2022-12-16 18:49:11', '2022-12-16 18:49:11'),
(61, 6, 1, 10, '2022-12-16 18:49:11', '2022-12-16 18:49:11'),
(62, 6, 2, 30, '2022-12-16 18:49:11', '2022-12-16 18:49:11'),
(63, 6, 3, 10, '2022-12-16 18:49:11', '2022-12-16 18:49:11'),
(64, 6, 252, NULL, '2022-12-16 18:49:11', '2022-12-16 18:49:11'),
(65, 7, 251, NULL, '2022-12-16 18:49:28', '2022-12-16 18:49:28'),
(66, 7, 1, 10, '2022-12-16 18:49:28', '2022-12-16 18:49:28'),
(67, 7, 2, 30, '2022-12-16 18:49:28', '2022-12-16 18:49:28'),
(68, 7, 3, 10, '2022-12-16 18:49:28', '2022-12-16 18:49:28'),
(69, 7, 252, NULL, '2022-12-16 18:49:28', '2022-12-16 18:49:28');

--
-- Truncate table before insert `teams`
--

TRUNCATE TABLE `teams`;
--
-- Dumping data for table `teams`
--

INSERT INTO `teams` (`id`, `number`, `name`, `uuid_card_orienteering_id`, `uuid_card_raid_id`, `club_id`, `category_id`, `created_at`, `updated_at`) VALUES
(1, 400, 'SOIMII EPOPEICI', 1, 1, 12, 1, '2022-12-03 18:38:19', '2022-12-24 22:05:14'),
(2, 401, 'TEMERARII HAI-HUI', 2, 2, 5, 1, '2022-12-03 18:38:32', '2022-12-24 22:05:14'),
(3, 402, 'LUPII FAMILY', 3, 3, 21, 1, '2022-12-03 18:39:06', '2022-12-24 22:05:14'),
(4, 403, 'BEBERECHI FAMILY', 4, 4, 21, 1, '2022-12-03 18:39:18', '2022-12-24 22:05:14'),
(5, 404, 'BOBOCEII', 5, 5, 7, 1, '2022-12-03 18:39:32', '2022-12-24 22:05:14'),
(6, 405, 'MARMOTICA VESELA', 23, 23, 7, 1, '2022-12-03 18:39:48', '2022-12-24 22:05:14'),
(7, 406, 'HAI CA MERGE SI ASA', 6, 6, 7, 1, '2022-12-03 18:40:01', '2022-12-24 22:05:14'),
(8, 407, 'FILIP', 7, 7, 7, 1, '2022-12-03 18:40:14', '2022-12-24 22:05:14'),
(9, 408, 'CURIOSII BUCURESTI', 8, 8, 11, 1, '2022-12-03 18:40:35', '2022-12-24 22:05:14'),
(10, 409, 'PICIORUSE HAI-HUI', 9, 9, 2, 1, '2022-12-03 18:40:48', '2022-12-24 22:05:14'),
(11, 410, 'FRIENDS TEAM', 10, 10, 4, 1, '2022-12-03 18:41:05', '2022-12-24 22:05:14'),
(12, 411, 'CRACIUNEII', 11, 11, 17, 1, '2022-12-03 18:41:21', '2022-12-24 22:05:14'),
(13, 412, 'JNEPENII SONIC', 12, 12, 19, 1, '2022-12-03 18:41:38', '2022-12-24 22:05:14'),
(14, 413, 'LUPII PADURII', 13, 13, 19, 1, '2022-12-03 18:41:49', '2022-12-24 22:05:14'),
(15, 414, 'ALUNITA DE LA BAICOI', 14, 14, 19, 1, '2022-12-03 18:42:03', '2022-12-24 22:05:14'),
(16, 415, 'M.A.D.', 15, 15, 19, 1, '2022-12-03 18:42:16', '2022-12-24 22:05:14'),
(17, 416, 'CEI TREI GHEORGHE DE LA DEALUL CAMPINA', 16, 16, 19, 1, '2022-12-03 18:42:41', '2022-12-24 22:05:14'),
(18, 417, 'CHITZ', 17, 17, 19, 1, '2022-12-03 18:42:54', '2022-12-24 22:05:14'),
(19, 418, 'ELSA SI PRIETENII', 18, 18, 19, 1, '2022-12-03 18:43:11', '2022-12-24 22:05:14'),
(20, 419, 'FRUMOSII', 19, 19, 16, 1, '2022-12-03 18:43:26', '2022-12-24 22:05:14'),
(21, 420, 'AVENTURIERII', 20, 20, 16, 1, '2022-12-03 18:43:38', '2022-12-24 22:05:14'),
(22, 421, 'LUPII SIMERIENI', 21, 21, 24, 1, '2022-12-03 18:47:19', '2022-12-24 22:05:14'),
(23, 422, 'TWIX', 22, 22, 15, 1, '2022-12-03 18:47:34', '2022-12-24 22:05:14'),
(24, 423, 'ZIMBRUL SONYC', 24, 24, 18, 1, '2022-12-03 18:47:50', '2022-12-24 22:05:14'),
(25, 424, 'ZIMBRUTELE A LA PARIS', 25, 25, 18, 1, '2022-12-03 18:48:06', '2022-12-24 22:05:14'),
(27, 425, 'ZIMBRII PITICI', 26, 26, 18, 1, '2022-12-03 18:48:18', '2022-12-24 22:05:14'),
(28, 426, 'MAMA LUI MATEI', 27, 27, 18, 1, '2022-12-03 18:48:34', '2022-12-24 22:05:14'),
(29, 427, 'ZIMBRII SCARABEI', 28, 28, 18, 1, '2022-12-03 18:48:53', '2022-12-24 22:05:14'),
(30, 428, 'ZIMBRII NORDICI', 29, 29, 18, 1, '2022-12-03 18:49:08', '2022-12-24 22:05:14'),
(31, 429, 'ZIMBRII NEINFRICATI', 30, 30, 18, 1, '2022-12-03 18:49:19', '2022-12-24 22:05:14'),
(32, 430, 'ZIMBRII DACIA', 31, 31, 18, 1, '2022-12-03 18:49:34', '2022-12-24 22:05:14'),
(33, 431, 'SOIMII DEBUSOLATI', 32, 32, 12, 4, '2022-12-15 16:07:21', '2022-12-24 22:05:14'),
(34, 432, 'A.T.S.E. HAI-HUI', 33, 33, 23, 4, '2022-12-15 16:07:44', '2022-12-24 22:05:14'),
(35, 433, '2 JANDARMI SI O POLITISTA', 34, 34, 3, 4, '2022-12-15 16:08:00', '2022-12-24 22:05:14'),
(36, 434, 'VULTURII NEINFRICATI', 35, 35, 21, 4, '2022-12-15 16:08:20', '2022-12-24 22:05:14'),
(37, 435, 'TAURETE', 36, 36, 20, 4, '2022-12-15 16:08:37', '2022-12-24 22:05:14'),
(38, 436, 'AVENTURA IN NATURA 2', 37, 37, 22, 4, '2022-12-15 16:09:05', '2022-12-24 22:05:14'),
(39, 437, 'COCOSU DE BUILA', 38, 38, 13, 4, '2022-12-15 16:09:30', '2022-12-24 22:05:14'),
(40, 438, 'ZANELE', 39, 39, 7, 4, '2022-12-15 16:09:42', '2022-12-24 22:05:14'),
(41, 439, 'LECHINTAN SI DOAMNELE', 40, 40, 7, 4, '2022-12-15 16:09:56', '2022-12-24 22:05:14'),
(42, 440, 'EVERDELL', 41, 41, 7, 4, '2022-12-15 16:10:22', '2022-12-24 22:05:14'),
(43, 441, 'OPEN S\'ATAT', 42, 42, 17, 4, '2022-12-15 16:10:37', '2022-12-24 22:05:14'),
(44, 442, 'STEAUA ALBASTRA', 43, 43, 17, 4, '2022-12-15 16:10:53', '2022-12-24 22:05:14'),
(45, 443, 'JNEPENII SCARAMELE', 44, 44, 19, 4, '2022-12-15 16:11:05', '2022-12-24 22:05:14'),
(46, 444, 'AIA DIN BRASOV', 45, 45, 19, 4, '2022-12-15 16:11:57', '2022-12-24 22:05:14'),
(47, 445, 'JNEPENII MEI', 46, 46, 19, 4, '2022-12-15 16:12:25', '2022-12-24 22:05:14'),
(48, 446, 'JNEPENII AD-HOC', 47, 47, 19, 4, '2022-12-15 16:12:43', '2022-12-24 22:05:14'),
(49, 447, 'MARMOTELE MIRUITE', 48, 48, 8, 4, '2022-12-15 16:13:00', '2022-12-24 22:05:14'),
(50, 448, 'MARMOTELE DIHAMEZE', 49, 49, 8, 4, '2022-12-15 16:13:22', '2022-12-24 22:05:14'),
(51, 449, 'MOE-LESTERS', 50, 50, 24, 4, '2022-12-15 16:13:40', '2022-12-24 22:05:14'),
(52, 450, 'PUPA ROZ', 51, 51, 14, 4, '2022-12-15 16:14:00', '2022-12-24 22:05:14'),
(53, 451, 'PUPA MOV', 52, 52, 14, 4, '2022-12-15 16:14:20', '2022-12-24 22:05:14'),
(54, 452, 'VARUTII', 53, 53, 6, 4, '2022-12-15 16:25:03', '2022-12-24 22:05:14'),
(55, 453, 'ZIMBRII VESELI', 54, 54, 18, 4, '2022-12-15 16:25:49', '2022-12-24 22:05:14'),
(56, 454, 'ZIMBRII JMECHERITI', 55, 55, 18, 4, '2022-12-15 16:26:06', '2022-12-24 22:05:14'),
(57, 455, 'ZIMBRUL SI BEBELUSELE', 56, 56, 18, 4, '2022-12-15 16:26:27', '2022-12-24 22:05:14'),
(58, 456, 'ZIMBRII RELAXATI', 57, 57, 18, 4, '2022-12-15 16:26:41', '2022-12-24 22:05:14'),
(59, 457, 'ZIMBRUTELE POWER PRAF', 58, 58, 18, 4, '2022-12-15 16:27:04', '2022-12-24 22:05:14'),
(60, 458, 'ZIMBRII SI MAMA LUI ANET', 59, 59, 18, 4, '2022-12-15 16:27:16', '2022-12-24 22:05:14'),
(61, 459, 'ZIMBRII EVLAVIOSI', 60, 60, 18, 4, '2022-12-15 16:27:29', '2022-12-24 22:05:14'),
(62, 460, 'ZIMBRII BAM', 61, 61, 18, 4, '2022-12-15 16:27:41', '2022-12-24 22:05:14'),
(63, 461, 'FORTZA', 62, 62, 3, 2, '2022-12-16 16:37:27', '2022-12-24 22:05:14'),
(64, 462, 'AVENTURA IN NATURA 1', 63, 63, 22, 2, '2022-12-16 16:37:44', '2022-12-24 22:05:14'),
(67, 463, 'PRO-MONT', 64, 64, 3, 3, '2022-12-16 17:39:24', '2022-12-24 22:05:14'),
(68, 464, 'TEMERARII ELITISTI', 65, 65, 5, 3, '2022-12-16 17:39:48', '2022-12-24 22:05:14'),
(69, 465, 'DOR DE RETEZAT', 66, 66, 1, 3, '2022-12-16 17:40:15', '2022-12-24 22:05:14'),
(70, 466, 'KIGHISS', 67, 67, 7, 3, '2022-12-16 17:40:31', '2022-12-24 22:05:14'),
(71, 467, 'ELITE, CA NU NE LASA LA OPEN', 68, 68, 17, 3, '2022-12-16 17:40:48', '2022-12-24 22:05:14'),
(72, 468, 'JNEPENII ULTIMII', 69, 69, 19, 3, '2022-12-16 17:41:04', '2022-12-24 22:05:14'),
(73, 469, 'NEVESTELE', 70, 70, 19, 3, '2022-12-16 17:41:18', '2022-12-24 22:05:14'),
(74, 470, 'ZIMBRII SULTANI', 71, 71, 18, 3, '2022-12-16 17:42:55', '2022-12-24 22:05:14'),
(75, 471, 'ZIMBRII DACI', 72, 72, 18, 3, '2022-12-16 17:43:08', '2022-12-24 22:05:14'),
(76, 472, 'ZIMBRIUI DILAI', 73, 73, 18, 3, '2022-12-16 17:43:22', '2022-12-24 22:05:14'),
(77, 473, 'SOIMII ARGINTII', 74, 74, 12, 5, '2022-12-16 18:36:56', '2022-12-24 22:05:14'),
(78, 474, 'TREI CRAI SPRE ASFINTIT', 75, 75, 7, 5, '2022-12-16 18:37:11', '2022-12-24 22:05:14'),
(79, 475, 'MARMOTELE DI GASKA', 76, 76, 8, 5, '2022-12-16 18:37:36', '2022-12-24 22:05:14'),
(80, 476, 'PALARIOSII', 77, 77, 24, 5, '2022-12-16 18:37:53', '2022-12-24 22:05:14'),
(81, 477, 'PRO-PARANG PETROSANI', 78, 78, 9, 5, '2022-12-16 18:38:08', '2022-12-24 22:05:14'),
(82, 478, 'TEMERARELE', 79, 79, 5, 6, '2022-12-16 18:51:00', '2022-12-24 22:05:14'),
(83, 479, 'O BATEM PE GABI', 80, 80, 7, 6, '2022-12-16 18:51:14', '2022-12-24 22:05:14'),
(84, 480, 'FLORI DE MUNTE', 81, 81, 7, 6, '2022-12-16 18:51:35', '2022-12-24 22:05:14'),
(85, 481, 'FETELE PICANTE', 82, 82, 7, 6, '2022-12-16 18:51:50', '2022-12-24 22:05:14'),
(86, 482, 'MANDRELE', 83, 83, 17, 6, '2022-12-16 18:52:08', '2022-12-24 22:05:14'),
(87, 483, 'FETELE MARII', 84, 84, 19, 6, '2022-12-16 18:52:32', '2022-12-24 22:05:14'),
(88, 484, 'ANONYMUS GL', 85, 85, 10, 7, '2022-12-16 19:03:47', '2022-12-24 22:05:14'),
(89, 485, 'PRO-PARANG PETROSAN', 86, 86, 9, 7, '2022-12-16 19:04:03', '2022-12-24 22:05:14'),
(90, 486, 'RODODENDRONII DE RETEZAT', 87, 87, 1, 7, '2022-12-16 19:05:13', '2022-12-24 22:05:14'),
(91, 487, 'ABDEL SI AI LUI', 88, 88, 7, 7, '2022-12-16 19:05:33', '2022-12-24 22:05:14'),
(92, 488, 'SENIORI, CA NU NE LASA LA ELITE', 89, 89, 17, 7, '2022-12-16 19:05:49', '2022-12-24 22:05:14'),
(93, 489, 'ARC FORCE ONE', 90, 90, 20, 7, '2022-12-16 19:06:06', '2022-12-24 22:05:14');

--
-- Truncate table before insert `team_order_start`
--

TRUNCATE TABLE `team_order_start`;
--
-- Dumping data for table `team_order_start`
--

INSERT INTO `team_order_start` (`id`, `order_date_start`, `order_start_minutes`, `created_at`, `updated_at`) VALUES
(1, '09:00:00', 1, '2022-12-26 19:54:46', '2022-12-27 18:53:23');
COMMIT;

/*!40101 SET CHARACTER_SET_CLIENT=@OLD_CHARACTER_SET_CLIENT */;
/*!40101 SET CHARACTER_SET_RESULTS=@OLD_CHARACTER_SET_RESULTS */;
/*!40101 SET COLLATION_CONNECTION=@OLD_COLLATION_CONNECTION */;
